"asset_kind","cue_id","lesson_id","lesson_title","activity_id","activity_title","step_id","step_kind","use","exact_script","shared_script_id","scene","recording_url","poster_url","status","notes"
"programme_audio","l1.sat-use-words.sat-use-a.directions-1","first-words","S, A, T — Our First Words","sat-use-words","My turn","sat-use-a","sound","Directions, phase 1","Tap Listen.","script-926dc21c3e05","","","","recording_needed",""
"programme_audio","l1.sat-use-words.sat-use-a.directions-1-heard","first-words","S, A, T — Our First Words","sat-use-words","My turn","sat-use-a","sound","Response directions, phase 1","Tap the letter.","script-a00c410a35f6","","","","recording_needed","Replayable current-action cue. On first requested sound/spelling playback this precedes the target, keeping the target sound/word last. Replay plays the target alone."
"programme_audio","l1.sat-use-words.sat-use-a.directions-2","first-words","S, A, T — Our First Words","sat-use-words","My turn","sat-use-a","sound","Step success directions","You did it!","script-7f6dd03e6c9e","","","","recording_needed",""
"programme_audio","l1.sat-use-words.sat-use-a.retry","first-words","S, A, T — Our First Words","sat-use-words","My turn","sat-use-a","sound","First retry","Let’s have another try.","script-914076714817","","","","recording_needed",""
"programme_video_model","l1.sat-use-words.sat-use-a.model","first-words","S, A, T — Our First Words","sat-use-words","My turn","sat-use-a","sound","Optional teaching model","","","","","","optional_placeholder","Objective: Try familiar sounds and printed sat, then build sat from a spoken word without an initial answer cue. Help remains available. A model is shown at phase 0 (if this step has one) and after the step is ready. There is no authored video script or uploaded file implied by this slot."
"programme_audio","l1.sat-use-words.sat-use-read.directions-0","first-words","S, A, T — Our First Words","sat-use-words","My turn","sat-use-read","read","Directions, phase 0","Try reading this word.","script-c747b57459bc","","","","recording_needed",""
"programme_audio","l1.sat-use-words.sat-use-read.directions-1","first-words","S, A, T — Our First Words","sat-use-words","My turn","sat-use-read","read","Directions, phase 1","Tap its picture.","script-7cf1de8e870f","","","","recording_needed",""
"programme_audio","l1.sat-use-words.sat-use-read.directions-2","first-words","S, A, T — Our First Words","sat-use-words","My turn","sat-use-read","read","Step success directions","You did it!","script-7f6dd03e6c9e","","","","recording_needed",""
"programme_audio","l1.sat-use-words.sat-use-read.retry","first-words","S, A, T — Our First Words","sat-use-words","My turn","sat-use-read","read","First retry","Let’s have another try.","script-914076714817","","","","recording_needed",""
"programme_audio","l1.sat-use-words.sat-use-read.word","first-words","S, A, T — Our First Words","sat-use-words","My turn","sat-use-read","read","Whole word","sat","script-339efeab70b4","","","","recording_needed","Say the whole word naturally. Individual phonemes use the existing sound-<letter> files."
"programme_audio","l1.sat-use-words.sat-use-read.meaning","first-words","S, A, T — Our First Words","sat-use-words","My turn","sat-use-read","read","Word and meaning","sat. Sat means someone was sitting.","script-6e307c9b70af","","","","recording_needed","The same exact script is used wherever this step explains its meaning."
"programme_audio","l1.sat-use-words.sat-use-read.question","first-words","S, A, T — Our First Words","sat-use-words","My turn","sat-use-read","read","Picture choice instruction","Tap its picture.","script-7cf1de8e870f","","","","recording_needed",""
"programme_audio","l1.sat-use-words.sat-use-read.choice-sat","first-words","S, A, T — Our First Words","sat-use-words","My turn","sat-use-read","read","Picture label on request","Sat means someone was sitting.","script-8add94d6f532","sat","","","recording_needed","Heard only when the child asks for this picture label."
"programme_audio","l1.sat-use-words.sat-use-read.choice-standing","first-words","S, A, T — Our First Words","sat-use-words","My turn","sat-use-read","read","Picture label on request","Someone standing","script-191501d26a46","pat-standing","","","recording_needed","Heard only when the child asks for this picture label."
"programme_video_model","l1.sat-use-words.sat-use-read.model","first-words","S, A, T — Our First Words","sat-use-words","My turn","sat-use-read","read","Optional teaching model","","","","","","optional_placeholder","Objective: Try familiar sounds and printed sat, then build sat from a spoken word without an initial answer cue. Help remains available. A model is shown at phase 0 (if this step has one) and after the step is ready. There is no authored video script or uploaded file implied by this slot."
"programme_audio","l1.sat-use-words.sat-use-build.directions-1","first-words","S, A, T — Our First Words","sat-use-words","My turn","sat-use-build","build","Directions, phase 1","Tap Listen.","script-926dc21c3e05","sat","","","recording_needed",""
"programme_audio","l1.sat-use-words.sat-use-build.directions-1-heard","first-words","S, A, T — Our First Words","sat-use-words","My turn","sat-use-build","build","Response directions, phase 1","Make the word.","script-1069c4a52ede","sat","","","recording_needed","Replayable current-action cue. On first requested sound/spelling playback this precedes the target, keeping the target sound/word last. Replay plays the target alone."
"programme_audio","l1.sat-use-words.sat-use-build.directions-2","first-words","S, A, T — Our First Words","sat-use-words","My turn","sat-use-build","build","Step success directions","You did it!","script-7f6dd03e6c9e","sat","","","recording_needed",""
"programme_audio","l1.sat-use-words.sat-use-build.directions-complete","first-words","S, A, T — Our First Words","sat-use-words","My turn","sat-use-build","build","Activity completion directions","Well done!","script-462164a0645e","sat","","","recording_needed",""
"programme_audio","l1.sat-use-words.sat-use-build.retry","first-words","S, A, T — Our First Words","sat-use-words","My turn","sat-use-build","build","First retry","Let’s have another try.","script-914076714817","sat","","","recording_needed",""
"programme_audio","l1.sat-use-words.sat-use-build.word","first-words","S, A, T — Our First Words","sat-use-words","My turn","sat-use-build","build","Whole word","sat","script-339efeab70b4","sat","","","recording_needed","Say the whole word naturally. Individual phonemes use the existing sound-<letter> files."
"programme_audio","l1.sat-use-words.sat-use-build.meaning","first-words","S, A, T — Our First Words","sat-use-words","My turn","sat-use-build","build","Word and meaning","sat. Sat means someone was sitting.","script-6e307c9b70af","sat","","","recording_needed","The same exact script is used wherever this step explains its meaning."
"programme_video_model","l1.sat-use-words.sat-use-build.model","first-words","S, A, T — Our First Words","sat-use-words","My turn","sat-use-build","build","Optional teaching model","","","sat","","","optional_placeholder","Objective: Try familiar sounds and printed sat, then build sat from a spoken word without an initial answer cue. Help remains available. A model is shown at phase 0 (if this step has one) and after the step is ready. There is no authored video script or uploaded file implied by this slot."
"programme_audio","l1.pin-remember-sat.pin-old-s.directions-1","more-words","P, I, N — More Little Words","pin-remember-sat","Hello, familiar sounds","pin-old-s","sound","Directions, phase 1","Tap Listen.","script-926dc21c3e05","","","","recording_needed",""
"programme_audio","l1.pin-remember-sat.pin-old-s.directions-1-heard","more-words","P, I, N — More Little Words","pin-remember-sat","Hello, familiar sounds","pin-old-s","sound","Response directions, phase 1","Tap the letter.","script-a00c410a35f6","","","","recording_needed","Replayable current-action cue. On first requested sound/spelling playback this precedes the target, keeping the target sound/word last. Replay plays the target alone."
"programme_audio","l1.pin-remember-sat.pin-old-s.directions-2","more-words","P, I, N — More Little Words","pin-remember-sat","Hello, familiar sounds","pin-old-s","sound","Step success directions","You did it!","script-7f6dd03e6c9e","","","","recording_needed",""
"programme_audio","l1.pin-remember-sat.pin-old-s.retry","more-words","P, I, N — More Little Words","pin-remember-sat","Hello, familiar sounds","pin-old-s","sound","First retry","Let’s have another try.","script-914076714817","","","","recording_needed",""
"programme_video_model","l1.pin-remember-sat.pin-old-s.model","more-words","P, I, N — More Little Words","pin-remember-sat","Hello, familiar sounds","pin-old-s","sound","Optional teaching model","","","","","","optional_placeholder","Objective: Retrieve two familiar correspondences before meeting p. A model is shown at phase 0 (if this step has one) and after the step is ready. There is no authored video script or uploaded file implied by this slot."
"programme_audio","l1.pin-remember-sat.pin-old-a.directions-1","more-words","P, I, N — More Little Words","pin-remember-sat","Hello, familiar sounds","pin-old-a","sound","Directions, phase 1","Tap Listen.","script-926dc21c3e05","","","","recording_needed",""
"programme_audio","l1.pin-remember-sat.pin-old-a.directions-1-heard","more-words","P, I, N — More Little Words","pin-remember-sat","Hello, familiar sounds","pin-old-a","sound","Response directions, phase 1","Tap the letter.","script-a00c410a35f6","","","","recording_needed","Replayable current-action cue. On first requested sound/spelling playback this precedes the target, keeping the target sound/word last. Replay plays the target alone."
"programme_audio","l1.pin-remember-sat.pin-old-a.directions-2","more-words","P, I, N — More Little Words","pin-remember-sat","Hello, familiar sounds","pin-old-a","sound","Step success directions","You did it!","script-7f6dd03e6c9e","","","","recording_needed",""
"programme_audio","l1.pin-remember-sat.pin-old-a.directions-complete","more-words","P, I, N — More Little Words","pin-remember-sat","Hello, familiar sounds","pin-old-a","sound","Activity completion directions","Well done!","script-462164a0645e","","","","recording_needed",""
"programme_audio","l1.pin-remember-sat.pin-old-a.retry","more-words","P, I, N — More Little Words","pin-remember-sat","Hello, familiar sounds","pin-old-a","sound","First retry","Let’s have another try.","script-914076714817","","","","recording_needed",""
"programme_video_model","l1.pin-remember-sat.pin-old-a.model","more-words","P, I, N — More Little Words","pin-remember-sat","Hello, familiar sounds","pin-old-a","sound","Optional teaching model","","","","","","optional_placeholder","Objective: Retrieve two familiar correspondences before meeting p. A model is shown at phase 0 (if this step has one) and after the step is ready. There is no authored video script or uploaded file implied by this slot."
"programme_audio","l1.pin-use-p.pin-tap-build.directions-0","more-words","P, I, N — More Little Words","pin-use-p","Make tap","pin-tap-build","build","Directions, phase 0","Tap Listen.","script-926dc21c3e05","tap","","","recording_needed",""
"programme_audio","l1.pin-use-p.pin-tap-build.directions-0-heard","more-words","P, I, N — More Little Words","pin-use-p","Make tap","pin-tap-build","build","Response directions, phase 0","Say the word.","script-e33bc428e31b","tap","","","recording_needed","Replayable current-action cue. On first requested sound/spelling playback this precedes the target, keeping the target sound/word last. Replay plays the target alone."
"programme_audio","l1.pin-use-p.pin-tap-build.directions-1","more-words","P, I, N — More Little Words","pin-use-p","Make tap","pin-tap-build","build","Directions, phase 1","Tap Listen.","script-926dc21c3e05","tap","","","recording_needed",""
"programme_audio","l1.pin-use-p.pin-tap-build.directions-1-heard","more-words","P, I, N — More Little Words","pin-use-p","Make tap","pin-tap-build","build","Response directions, phase 1","Make the word.","script-1069c4a52ede","tap","","","recording_needed","Replayable current-action cue. On first requested sound/spelling playback this precedes the target, keeping the target sound/word last. Replay plays the target alone."
"programme_audio","l1.pin-use-p.pin-tap-build.directions-2","more-words","P, I, N — More Little Words","pin-use-p","Make tap","pin-tap-build","build","Step success directions","You did it!","script-7f6dd03e6c9e","tap","","","recording_needed",""
"programme_audio","l1.pin-use-p.pin-tap-build.retry","more-words","P, I, N — More Little Words","pin-use-p","Make tap","pin-tap-build","build","First retry","Let’s have another try.","script-914076714817","tap","","","recording_needed",""
"programme_audio","l1.pin-use-p.pin-tap-build.word","more-words","P, I, N — More Little Words","pin-use-p","Make tap","pin-tap-build","build","Whole word","tap","script-729cd87c6329","tap","","","recording_needed","Say the whole word naturally. Individual phonemes use the existing sound-<letter> files."
"programme_audio","l1.pin-use-p.pin-tap-build.meaning","more-words","P, I, N — More Little Words","pin-use-p","Make tap","pin-tap-build","build","Word and meaning","tap. Tap means touch something gently with a finger.","script-c6b9458c6c63","tap","","","recording_needed","The same exact script is used wherever this step explains its meaning."
"programme_video_model","l1.pin-use-p.pin-tap-build.model","more-words","P, I, N — More Little Words","pin-use-p","Make tap","pin-tap-build","build","Optional teaching model","","","tap","","","optional_placeholder","Objective: Use p immediately in a word and connect the word to a gentle tapping action. A model is shown at phase 0 (if this step has one) and after the step is ready. There is no authored video script or uploaded file implied by this slot."
"programme_audio","l1.pin-use-p.pin-tap-read.directions-0","more-words","P, I, N — More Little Words","pin-use-p","Make tap","pin-tap-read","read","Directions, phase 0","Try reading this word.","script-c747b57459bc","","","","recording_needed",""
"programme_audio","l1.pin-use-p.pin-tap-read.directions-1","more-words","P, I, N — More Little Words","pin-use-p","Make tap","pin-tap-read","read","Directions, phase 1","Tap its picture.","script-7cf1de8e870f","","","","recording_needed",""
"programme_audio","l1.pin-use-p.pin-tap-read.directions-2","more-words","P, I, N — More Little Words","pin-use-p","Make tap","pin-tap-read","read","Step success directions","You did it!","script-7f6dd03e6c9e","","","","recording_needed",""
"programme_audio","l1.pin-use-p.pin-tap-read.directions-complete","more-words","P, I, N — More Little Words","pin-use-p","Make tap","pin-tap-read","read","Activity completion directions","Well done!","script-462164a0645e","","","","recording_needed",""
"programme_audio","l1.pin-use-p.pin-tap-read.retry","more-words","P, I, N — More Little Words","pin-use-p","Make tap","pin-tap-read","read","First retry","Let’s have another try.","script-914076714817","","","","recording_needed",""
"programme_audio","l1.pin-use-p.pin-tap-read.word","more-words","P, I, N — More Little Words","pin-use-p","Make tap","pin-tap-read","read","Whole word","tap","script-729cd87c6329","","","","recording_needed","Say the whole word naturally. Individual phonemes use the existing sound-<letter> files."
"programme_audio","l1.pin-use-p.pin-tap-read.meaning","more-words","P, I, N — More Little Words","pin-use-p","Make tap","pin-tap-read","read","Word and meaning","tap. A gentle tap","script-d0b6d3cc82a8","","","","recording_needed","The same exact script is used wherever this step explains its meaning."
"programme_audio","l1.pin-use-p.pin-tap-read.question","more-words","P, I, N — More Little Words","pin-use-p","Make tap","pin-tap-read","read","Picture choice instruction","Tap its picture.","script-7cf1de8e870f","","","","recording_needed",""
"programme_audio","l1.pin-use-p.pin-tap-read.choice-tap","more-words","P, I, N — More Little Words","pin-use-p","Make tap","pin-tap-read","read","Picture label on request","A gentle tap","script-b8cc5188003f","tap","","","recording_needed","Heard only when the child asks for this picture label."
"programme_audio","l1.pin-use-p.pin-tap-read.choice-sitting","more-words","P, I, N — More Little Words","pin-use-p","Make tap","pin-tap-read","read","Picture label on request","Someone sitting","script-e71aec5f7e16","pat-sat","","","recording_needed","Heard only when the child asks for this picture label."
"programme_video_model","l1.pin-use-p.pin-tap-read.model","more-words","P, I, N — More Little Words","pin-use-p","Make tap","pin-tap-read","read","Optional teaching model","","","","","","optional_placeholder","Objective: Use p immediately in a word and connect the word to a gentle tapping action. A model is shown at phase 0 (if this step has one) and after the step is ready. There is no authored video script or uploaded file implied by this slot."
"programme_audio","l1.pin-use-i.pin-sit-build.directions-0","more-words","P, I, N — More Little Words","pin-use-i","Make sit","pin-sit-build","build","Directions, phase 0","Tap Listen.","script-926dc21c3e05","sit","","","recording_needed",""
"programme_audio","l1.pin-use-i.pin-sit-build.directions-0-heard","more-words","P, I, N — More Little Words","pin-use-i","Make sit","pin-sit-build","build","Response directions, phase 0","Say the word.","script-e33bc428e31b","sit","","","recording_needed","Replayable current-action cue. On first requested sound/spelling playback this precedes the target, keeping the target sound/word last. Replay plays the target alone."
"programme_audio","l1.pin-use-i.pin-sit-build.directions-1","more-words","P, I, N — More Little Words","pin-use-i","Make sit","pin-sit-build","build","Directions, phase 1","Tap Listen.","script-926dc21c3e05","sit","","","recording_needed",""
"programme_audio","l1.pin-use-i.pin-sit-build.directions-1-heard","more-words","P, I, N — More Little Words","pin-use-i","Make sit","pin-sit-build","build","Response directions, phase 1","Make the word.","script-1069c4a52ede","sit","","","recording_needed","Replayable current-action cue. On first requested sound/spelling playback this precedes the target, keeping the target sound/word last. Replay plays the target alone."
"programme_audio","l1.pin-use-i.pin-sit-build.directions-2","more-words","P, I, N — More Little Words","pin-use-i","Make sit","pin-sit-build","build","Step success directions","You did it!","script-7f6dd03e6c9e","sit","","","recording_needed",""
"programme_audio","l1.pin-use-i.pin-sit-build.retry","more-words","P, I, N — More Little Words","pin-use-i","Make sit","pin-sit-build","build","First retry","Let’s have another try.","script-914076714817","sit","","","recording_needed",""
"programme_audio","l1.pin-use-i.pin-sit-build.word","more-words","P, I, N — More Little Words","pin-use-i","Make sit","pin-sit-build","build","Whole word","sit","script-584178e5e351","sit","","","recording_needed","Say the whole word naturally. Individual phonemes use the existing sound-<letter> files."
"programme_audio","l1.pin-use-i.pin-sit-build.meaning","more-words","P, I, N — More Little Words","pin-use-i","Make sit","pin-sit-build","build","Word and meaning","sit. Sit means rest on a seat or on the ground.","script-561f02690162","sit","","","recording_needed","The same exact script is used wherever this step explains its meaning."
"programme_video_model","l1.pin-use-i.pin-sit-build.model","more-words","P, I, N — More Little Words","pin-use-i","Make sit","pin-sit-build","build","Optional teaching model","","","sit","","","optional_placeholder","Objective: Use short i immediately and distinguish sitting from standing. A model is shown at phase 0 (if this step has one) and after the step is ready. There is no authored video script or uploaded file implied by this slot."
"programme_audio","l1.pin-use-i.pin-sit-read.directions-0","more-words","P, I, N — More Little Words","pin-use-i","Make sit","pin-sit-read","read","Directions, phase 0","Try reading this word.","script-c747b57459bc","","","","recording_needed",""
"programme_audio","l1.pin-use-i.pin-sit-read.directions-1","more-words","P, I, N — More Little Words","pin-use-i","Make sit","pin-sit-read","read","Directions, phase 1","Tap its picture.","script-7cf1de8e870f","","","","recording_needed",""
"programme_audio","l1.pin-use-i.pin-sit-read.directions-2","more-words","P, I, N — More Little Words","pin-use-i","Make sit","pin-sit-read","read","Step success directions","You did it!","script-7f6dd03e6c9e","","","","recording_needed",""
"programme_audio","l1.pin-use-i.pin-sit-read.directions-complete","more-words","P, I, N — More Little Words","pin-use-i","Make sit","pin-sit-read","read","Activity completion directions","Well done!","script-462164a0645e","","","","recording_needed",""
"programme_audio","l1.pin-use-i.pin-sit-read.retry","more-words","P, I, N — More Little Words","pin-use-i","Make sit","pin-sit-read","read","First retry","Let’s have another try.","script-914076714817","","","","recording_needed",""
"programme_audio","l1.pin-use-i.pin-sit-read.word","more-words","P, I, N — More Little Words","pin-use-i","Make sit","pin-sit-read","read","Whole word","sit","script-584178e5e351","","","","recording_needed","Say the whole word naturally. Individual phonemes use the existing sound-<letter> files."
"programme_audio","l1.pin-use-i.pin-sit-read.meaning","more-words","P, I, N — More Little Words","pin-use-i","Make sit","pin-sit-read","read","Word and meaning","sit. Someone sitting","script-1010b04c6267","","","","recording_needed","The same exact script is used wherever this step explains its meaning."
"programme_audio","l1.pin-use-i.pin-sit-read.question","more-words","P, I, N — More Little Words","pin-use-i","Make sit","pin-sit-read","read","Picture choice instruction","Tap its picture.","script-7cf1de8e870f","","","","recording_needed",""
"programme_audio","l1.pin-use-i.pin-sit-read.choice-sit","more-words","P, I, N — More Little Words","pin-use-i","Make sit","pin-sit-read","read","Picture label on request","Someone sitting","script-e71aec5f7e16","sit","","","recording_needed","Heard only when the child asks for this picture label."
"programme_audio","l1.pin-use-i.pin-sit-read.choice-standing","more-words","P, I, N — More Little Words","pin-use-i","Make sit","pin-sit-read","read","Picture label on request","Someone standing","script-191501d26a46","pat-standing","","","recording_needed","Heard only when the child asks for this picture label."
"programme_video_model","l1.pin-use-i.pin-sit-read.model","more-words","P, I, N — More Little Words","pin-use-i","Make sit","pin-sit-read","read","Optional teaching model","","","","","","optional_placeholder","Objective: Use short i immediately and distinguish sitting from standing. A model is shown at phase 0 (if this step has one) and after the step is ready. There is no authored video script or uploaded file implied by this slot."
"programme_audio","l1.pin-use-words.pin-check-i.directions-1","more-words","P, I, N — More Little Words","pin-use-words","Six sounds together","pin-check-i","sound","Directions, phase 1","Tap Listen.","script-926dc21c3e05","","","","recording_needed",""
"programme_audio","l1.pin-use-words.pin-check-i.directions-1-heard","more-words","P, I, N — More Little Words","pin-use-words","Six sounds together","pin-check-i","sound","Response directions, phase 1","Tap the letter.","script-a00c410a35f6","","","","recording_needed","Replayable current-action cue. On first requested sound/spelling playback this precedes the target, keeping the target sound/word last. Replay plays the target alone."
"programme_audio","l1.pin-use-words.pin-check-i.directions-2","more-words","P, I, N — More Little Words","pin-use-words","Six sounds together","pin-check-i","sound","Step success directions","You did it!","script-7f6dd03e6c9e","","","","recording_needed",""
"programme_audio","l1.pin-use-words.pin-check-i.retry","more-words","P, I, N — More Little Words","pin-use-words","Six sounds together","pin-check-i","sound","First retry","Let’s have another try.","script-914076714817","","","","recording_needed",""
"programme_video_model","l1.pin-use-words.pin-check-i.model","more-words","P, I, N — More Little Words","pin-use-words","Six sounds together","pin-check-i","sound","Optional teaching model","","","","","","optional_placeholder","Objective: Mix earlier words and the two short vowels without claiming verified oral reading. A model is shown at phase 0 (if this step has one) and after the step is ready. There is no authored video script or uploaded file implied by this slot."
"programme_audio","l1.pin-use-words.pin-check-a.directions-1","more-words","P, I, N — More Little Words","pin-use-words","Six sounds together","pin-check-a","sound","Directions, phase 1","Tap Listen.","script-926dc21c3e05","","","","recording_needed",""
"programme_audio","l1.pin-use-words.pin-check-a.directions-1-heard","more-words","P, I, N — More Little Words","pin-use-words","Six sounds together","pin-check-a","sound","Response directions, phase 1","Tap the letter.","script-a00c410a35f6","","","","recording_needed","Replayable current-action cue. On first requested sound/spelling playback this precedes the target, keeping the target sound/word last. Replay plays the target alone."
"programme_audio","l1.pin-use-words.pin-check-a.directions-2","more-words","P, I, N — More Little Words","pin-use-words","Six sounds together","pin-check-a","sound","Step success directions","You did it!","script-7f6dd03e6c9e","","","","recording_needed",""
"programme_audio","l1.pin-use-words.pin-check-a.retry","more-words","P, I, N — More Little Words","pin-use-words","Six sounds together","pin-check-a","sound","First retry","Let’s have another try.","script-914076714817","","","","recording_needed",""
"programme_video_model","l1.pin-use-words.pin-check-a.model","more-words","P, I, N — More Little Words","pin-use-words","Six sounds together","pin-check-a","sound","Optional teaching model","","","","","","optional_placeholder","Objective: Mix earlier words and the two short vowels without claiming verified oral reading. A model is shown at phase 0 (if this step has one) and after the step is ready. There is no authored video script or uploaded file implied by this slot."
"programme_audio","l1.pin-use-words.pin-check-pan.directions-0","more-words","P, I, N — More Little Words","pin-use-words","Six sounds together","pin-check-pan","read","Directions, phase 0","Try reading this word.","script-c747b57459bc","","","","recording_needed",""
"programme_audio","l1.pin-use-words.pin-check-pan.directions-1","more-words","P, I, N — More Little Words","pin-use-words","Six sounds together","pin-check-pan","read","Directions, phase 1","Tap its picture.","script-7cf1de8e870f","","","","recording_needed",""
"programme_audio","l1.pin-use-words.pin-check-pan.directions-2","more-words","P, I, N — More Little Words","pin-use-words","Six sounds together","pin-check-pan","read","Step success directions","You did it!","script-7f6dd03e6c9e","","","","recording_needed",""
"programme_audio","l1.pin-use-words.pin-check-pan.retry","more-words","P, I, N — More Little Words","pin-use-words","Six sounds together","pin-check-pan","read","First retry","Let’s have another try.","script-914076714817","","","","recording_needed",""
"programme_audio","l1.pin-use-words.pin-check-pan.word","more-words","P, I, N — More Little Words","pin-use-words","Six sounds together","pin-check-pan","read","Whole word","pan","script-00e37ffae056","","","","recording_needed","Say the whole word naturally. Individual phonemes use the existing sound-<letter> files."
"programme_audio","l1.pin-use-words.pin-check-pan.meaning","more-words","P, I, N — More Little Words","pin-use-words","Six sounds together","pin-check-pan","read","Word and meaning","pan. A pan for cooking","script-32184817641d","","","","recording_needed","The same exact script is used wherever this step explains its meaning."
"programme_audio","l1.pin-use-words.pin-check-pan.question","more-words","P, I, N — More Little Words","pin-use-words","Six sounds together","pin-check-pan","read","Picture choice instruction","Tap its picture.","script-7cf1de8e870f","","","","recording_needed",""
"programme_audio","l1.pin-use-words.pin-check-pan.choice-pan","more-words","P, I, N — More Little Words","pin-use-words","Six sounds together","pin-check-pan","read","Picture label on request","A pan for cooking","script-78dc737b4889","pan","","","recording_needed","Heard only when the child asks for this picture label."
"programme_audio","l1.pin-use-words.pin-check-pan.choice-pin","more-words","P, I, N — More Little Words","pin-use-words","Six sounds together","pin-check-pan","read","Picture label on request","A closed safety pin","script-8c65a736dbe7","pin","","","recording_needed","Heard only when the child asks for this picture label."
"programme_video_model","l1.pin-use-words.pin-check-pan.model","more-words","P, I, N — More Little Words","pin-use-words","Six sounds together","pin-check-pan","read","Optional teaching model","","","","","","optional_placeholder","Objective: Mix earlier words and the two short vowels without claiming verified oral reading. A model is shown at phase 0 (if this step has one) and after the step is ready. There is no authored video script or uploaded file implied by this slot."
"programme_audio","l1.pin-use-words.pin-check-tap.directions-1","more-words","P, I, N — More Little Words","pin-use-words","Six sounds together","pin-check-tap","build","Directions, phase 1","Tap Listen.","script-926dc21c3e05","tap","","","recording_needed",""
"programme_audio","l1.pin-use-words.pin-check-tap.directions-1-heard","more-words","P, I, N — More Little Words","pin-use-words","Six sounds together","pin-check-tap","build","Response directions, phase 1","Make the word.","script-1069c4a52ede","tap","","","recording_needed","Replayable current-action cue. On first requested sound/spelling playback this precedes the target, keeping the target sound/word last. Replay plays the target alone."
"programme_audio","l1.pin-use-words.pin-check-tap.directions-2","more-words","P, I, N — More Little Words","pin-use-words","Six sounds together","pin-check-tap","build","Step success directions","You did it!","script-7f6dd03e6c9e","tap","","","recording_needed",""
"programme_audio","l1.pin-use-words.pin-check-tap.directions-complete","more-words","P, I, N — More Little Words","pin-use-words","Six sounds together","pin-check-tap","build","Activity completion directions","Well done!","script-462164a0645e","tap","","","recording_needed",""
"programme_audio","l1.pin-use-words.pin-check-tap.retry","more-words","P, I, N — More Little Words","pin-use-words","Six sounds together","pin-check-tap","build","First retry","Let’s have another try.","script-914076714817","tap","","","recording_needed",""
"programme_audio","l1.pin-use-words.pin-check-tap.word","more-words","P, I, N — More Little Words","pin-use-words","Six sounds together","pin-check-tap","build","Whole word","tap","script-729cd87c6329","tap","","","recording_needed","Say the whole word naturally. Individual phonemes use the existing sound-<letter> files."
"programme_audio","l1.pin-use-words.pin-check-tap.meaning","more-words","P, I, N — More Little Words","pin-use-words","Six sounds together","pin-check-tap","build","Word and meaning","tap. Tap means touch gently.","script-7618e558057d","tap","","","recording_needed","The same exact script is used wherever this step explains its meaning."
"programme_video_model","l1.pin-use-words.pin-check-tap.model","more-words","P, I, N — More Little Words","pin-use-words","Six sounds together","pin-check-tap","build","Optional teaching model","","","tap","","","optional_placeholder","Objective: Mix earlier words and the two short vowels without claiming verified oral reading. A model is shown at phase 0 (if this step has one) and after the step is ready. There is no authored video script or uploaded file implied by this slot."
"programme_audio","l1.first-book-story.first-book-read.cover.directions-0","first-book","Pat and Pip","first-book-story","Pat and Pip sit","first-book-read.cover","book-cover","Directions, phase 0","Tap Listen.","script-926dc21c3e05","","","","recording_needed",""
"programme_audio","l1.first-book-story.first-book-read.cover.directions-0-heard","first-book","Pat and Pip","first-book-story","Pat and Pip sit","first-book-read.cover","book-cover","Response directions, phase 0","Ready for the next part?","script-77a9094a81f0","","","","recording_needed","Replayable current-action cue. On first requested sound/spelling playback this precedes the target, keeping the target sound/word last. Replay plays the target alone."
"programme_audio","l1.first-book-story.first-book-read.cover.directions-1","first-book","Pat and Pip","first-book-story","Pat and Pip sit","first-book-read.cover","book-cover","Step success directions","You did it!","script-7f6dd03e6c9e","","","","recording_needed",""
"programme_audio","l1.first-book-story.first-book-read.cover.prepare-0","first-book","Pat and Pip","first-book-story","Pat and Pip sit","first-book-read.cover","book-cover","Book vocabulary or character preparation","Pat","script-b1cbff209280","pat-sat","","","recording_needed","One tap-paced card at a time. Next advances only after this part is heard or read together. No joined convention monologue."
"programme_audio","l1.first-book-story.first-book-read.cover.prepare-1","first-book","Pat and Pip","first-book-story","Pat and Pip sit","first-book-read.cover","book-cover","Book vocabulary or character preparation","Pip","script-cf648810607d","pip-sat","","","recording_needed","One tap-paced card at a time. Next advances only after this part is heard or read together. No joined convention monologue."
"programme_audio","l1.first-book-story.first-book-read.cover.convention-0","first-book","Pat and Pip","first-book-story","Pat and Pip sit","first-book-read.cover","book-cover","Book preparation model","Big P and small p go together. Big S and small s go together.","script-d7f62994b65c","","","","recording_needed","One tap-paced card at a time. Next advances only after this part is heard or read together. No joined convention monologue."
"programme_audio","l1.first-book-story.first-book-read.cover.convention-1","first-book","Pat and Pip","first-book-story","Pat and Pip sit","first-book-read.cover","book-cover","Book preparation model","Names start with a big letter.","script-0fb72d8864c1","","","","recording_needed","One tap-paced card at a time. Next advances only after this part is heard or read together. No joined convention monologue."
"programme_audio","l1.first-book-story.first-book-read.cover.convention-2","first-book","Pat and Pip","first-book-story","Pat and Pip sit","first-book-read.cover","book-cover","Book preparation model","Read from left to right. Spaces separate words.","script-358414779cbb","","","","recording_needed","One tap-paced card at a time. Next advances only after this part is heard or read together. No joined convention monologue."
"programme_audio","l1.first-book-story.first-book-read.cover.convention-3","first-book","Pat and Pip","first-book-story","Pat and Pip sit","first-book-read.cover","book-cover","Book preparation model","Listen: Sit, Pip. Pause at the comma and the full stop.","script-bc5651de963c","","","","recording_needed","One tap-paced card at a time. Next advances only after this part is heard or read together. No joined convention monologue."
"programme_video_model","l1.first-book-story.first-book-read.cover.model","first-book","Pat and Pip","first-book-story","Pat and Pip sit","first-book-read.cover","book-cover","Optional teaching model","","","","","","optional_placeholder","Objective: Follow a three-event story and revisit known code in connected print. A model is shown at phase 0 (if this step has one) and after the step is ready. There is no authored video script or uploaded file implied by this slot."
"programme_audio","l1.first-book-story.first-book-read.pat-sits.directions-0","first-book","Pat and Pip","first-book-story","Pat and Pip sit","first-book-read.pat-sits","page","Directions, phase 0","Your turn to read.","script-628afdc4429d","pat-sat","","","recording_needed",""
"programme_audio","l1.first-book-story.first-book-read.pat-sits.directions-1","first-book","Pat and Pip","first-book-story","Pat and Pip sit","first-book-read.pat-sits","page","Directions, phase 1","See the story.","script-c0a5efc3c898","pat-sat","","","recording_needed",""
"programme_audio","l1.first-book-story.first-book-read.pat-sits.directions-2","first-book","Pat and Pip","first-book-story","Pat and Pip sit","first-book-read.pat-sits","page","Step success directions","You did it!","script-7f6dd03e6c9e","pat-sat","","","recording_needed",""
"programme_audio","l1.first-book-story.first-book-read.pat-sits.page","first-book","Pat and Pip","first-book-story","Pat and Pip sit","first-book-read.pat-sits","page","Read the complete page","Pat sat.","script-281e4170a8c8","pat-sat","","","recording_needed","Preserve the sentence punctuation and phrasing."
"programme_audio","l1.first-book-story.first-book-read.pat-sits.word-0","first-book","Pat and Pip","first-book-story","Pat and Pip sit","first-book-read.pat-sits","page","Tapped page word","Pat","script-b1cbff209280","pat-sat","","","recording_needed","Index and text exactly match the on-screen space-separated token, including its punctuation."
"programme_audio","l1.first-book-story.first-book-read.pat-sits.word-1","first-book","Pat and Pip","first-book-story","Pat and Pip sit","first-book-read.pat-sits","page","Tapped page word","sat.","script-770669ec5aa4","pat-sat","","","recording_needed","Index and text exactly match the on-screen space-separated token, including its punctuation."
"programme_video_model","l1.first-book-story.first-book-read.pat-sits.model","first-book","Pat and Pip","first-book-story","Pat and Pip sit","first-book-read.pat-sits","page","Optional teaching model","","","pat-sat","","","optional_placeholder","Objective: Follow a three-event story and revisit known code in connected print. A model is shown at phase 0 (if this step has one) and after the step is ready. There is no authored video script or uploaded file implied by this slot."
"programme_audio","l1.first-book-story.first-book-read.invite-pip.directions-0","first-book","Pat and Pip","first-book-story","Pat and Pip sit","first-book-read.invite-pip","page","Directions, phase 0","Your turn to read.","script-628afdc4429d","pip-sit","","","recording_needed",""
"programme_audio","l1.first-book-story.first-book-read.invite-pip.directions-1","first-book","Pat and Pip","first-book-story","Pat and Pip sit","first-book-read.invite-pip","page","Directions, phase 1","See the story.","script-c0a5efc3c898","pip-sit","","","recording_needed",""
"programme_audio","l1.first-book-story.first-book-read.invite-pip.directions-2","first-book","Pat and Pip","first-book-story","Pat and Pip sit","first-book-read.invite-pip","page","Step success directions","You did it!","script-7f6dd03e6c9e","pip-sit","","","recording_needed",""
"programme_audio","l1.first-book-story.first-book-read.invite-pip.page","first-book","Pat and Pip","first-book-story","Pat and Pip sit","first-book-read.invite-pip","page","Read the complete page","Sit, Pip.","script-bafed11e177c","pip-sit","","","recording_needed","Preserve the sentence punctuation and phrasing."
"programme_audio","l1.first-book-story.first-book-read.invite-pip.word-0","first-book","Pat and Pip","first-book-story","Pat and Pip sit","first-book-read.invite-pip","page","Tapped page word","Sit,","script-ac32b12fbc71","pip-sit","","","recording_needed","Index and text exactly match the on-screen space-separated token, including its punctuation."
"programme_audio","l1.first-book-story.first-book-read.invite-pip.word-1","first-book","Pat and Pip","first-book-story","Pat and Pip sit","first-book-read.invite-pip","page","Tapped page word","Pip.","script-58a65a07680d","pip-sit","","","recording_needed","Index and text exactly match the on-screen space-separated token, including its punctuation."
"programme_video_model","l1.first-book-story.first-book-read.invite-pip.model","first-book","Pat and Pip","first-book-story","Pat and Pip sit","first-book-read.invite-pip","page","Optional teaching model","","","pip-sit","","","optional_placeholder","Objective: Follow a three-event story and revisit known code in connected print. A model is shown at phase 0 (if this step has one) and after the step is ready. There is no authored video script or uploaded file implied by this slot."
"programme_audio","l1.first-book-story.first-book-read.pip-sits.directions-0","first-book","Pat and Pip","first-book-story","Pat and Pip sit","first-book-read.pip-sits","page","Directions, phase 0","Your turn to read.","script-628afdc4429d","pip-sat","","","recording_needed",""
"programme_audio","l1.first-book-story.first-book-read.pip-sits.directions-1","first-book","Pat and Pip","first-book-story","Pat and Pip sit","first-book-read.pip-sits","page","Directions, phase 1","Who sat after Pat?","script-d84062b5b718","pip-sat","","","recording_needed",""
"programme_audio","l1.first-book-story.first-book-read.pip-sits.directions-2","first-book","Pat and Pip","first-book-story","Pat and Pip sit","first-book-read.pip-sits","page","Step success directions","You did it!","script-7f6dd03e6c9e","pip-sat","","","recording_needed",""
"programme_audio","l1.first-book-story.first-book-read.pip-sits.directions-complete","first-book","Pat and Pip","first-book-story","Pat and Pip sit","first-book-read.pip-sits","page","Activity completion directions","Well done!","script-462164a0645e","pip-sat","","","recording_needed",""
"programme_audio","l1.first-book-story.first-book-read.pip-sits.retry","first-book","Pat and Pip","first-book-story","Pat and Pip sit","first-book-read.pip-sits","page","First retry","Let’s have another try.","script-914076714817","pip-sat","","","recording_needed",""
"programme_audio","l1.first-book-story.first-book-read.pip-sits.page","first-book","Pat and Pip","first-book-story","Pat and Pip sit","first-book-read.pip-sits","page","Read the complete page","Pip sat.","script-ab5df7df26b0","pip-sat","","","recording_needed","Preserve the sentence punctuation and phrasing."
"programme_audio","l1.first-book-story.first-book-read.pip-sits.word-0","first-book","Pat and Pip","first-book-story","Pat and Pip sit","first-book-read.pip-sits","page","Tapped page word","Pip","script-cf648810607d","pip-sat","","","recording_needed","Index and text exactly match the on-screen space-separated token, including its punctuation."
"programme_audio","l1.first-book-story.first-book-read.pip-sits.word-1","first-book","Pat and Pip","first-book-story","Pat and Pip sit","first-book-read.pip-sits","page","Tapped page word","sat.","script-770669ec5aa4","pip-sat","","","recording_needed","Index and text exactly match the on-screen space-separated token, including its punctuation."
"programme_audio","l1.first-book-story.first-book-read.pip-sits.question","first-book","Pat and Pip","first-book-story","Pat and Pip sit","first-book-read.pip-sits","page","Page meaning question","Who sat after Pat?","script-d84062b5b718","pip-sat","","","recording_needed",""
"programme_audio","l1.first-book-story.first-book-read.pip-sits.choice-pip","first-book","Pat and Pip","first-book-story","Pat and Pip sit","first-book-read.pip-sits","page","Picture label on request","Pip","script-cf648810607d","pip-sat","","","recording_needed","Heard only when the child asks for this picture label."
"programme_audio","l1.first-book-story.first-book-read.pip-sits.choice-pat","first-book","Pat and Pip","first-book-story","Pat and Pip sit","first-book-read.pip-sits","page","Picture label on request","Pat","script-b1cbff209280","pat-sat","","","recording_needed","Heard only when the child asks for this picture label."
"programme_video_model","l1.first-book-story.first-book-read.pip-sits.model","first-book","Pat and Pip","first-book-story","Pat and Pip sit","first-book-read.pip-sits","page","Optional teaching model","","","pip-sat","","","optional_placeholder","Objective: Follow a three-event story and revisit known code in connected print. A model is shown at phase 0 (if this step has one) and after the step is ready. There is no authored video script or uploaded file implied by this slot."
"programme_audio","l1.first-book-listen.first-book-listen-story.directions-0","first-book","Pat and Pip","first-book-listen","Listen, then show","first-book-listen-story","listen","Directions, phase 0","Tap Listen.","script-926dc21c3e05","pat-and-pip-sit","","","recording_needed",""
"programme_audio","l1.first-book-listen.first-book-listen-story.directions-0-heard","first-book","Pat and Pip","first-book-listen","Listen, then show","first-book-listen-story","listen","Response directions, phase 0","Let’s see what happened.","script-91903b42e456","pat-and-pip-sit","","","recording_needed","Replayable current-action cue. On first requested sound/spelling playback this precedes the target, keeping the target sound/word last. Replay plays the target alone."
"programme_audio","l1.first-book-listen.first-book-listen-story.directions-1","first-book","Pat and Pip","first-book-listen","Listen, then show","first-book-listen-story","listen","Directions, phase 1","What did Pip do when Pat invited him?","script-2342a7c7edb9","pat-and-pip-sit","","","recording_needed",""
"programme_audio","l1.first-book-listen.first-book-listen-story.directions-1-heard","first-book","Pat and Pip","first-book-listen","Listen, then show","first-book-listen-story","listen","Response directions, phase 1","What did Pip do when Pat invited him?","script-2342a7c7edb9","pat-and-pip-sit","","","recording_needed","Replayable current-action cue. On first requested sound/spelling playback this precedes the target, keeping the target sound/word last. Replay plays the target alone."
"programme_audio","l1.first-book-listen.first-book-listen-story.directions-2","first-book","Pat and Pip","first-book-listen","Listen, then show","first-book-listen-story","listen","Step success directions","You did it!","script-7f6dd03e6c9e","pat-and-pip-sit","","","recording_needed",""
"programme_audio","l1.first-book-listen.first-book-listen-story.directions-complete","first-book","Pat and Pip","first-book-listen","Listen, then show","first-book-listen-story","listen","Activity completion directions","Well done!","script-462164a0645e","pat-and-pip-sit","","","recording_needed",""
"programme_audio","l1.first-book-listen.first-book-listen-story.retry","first-book","Pat and Pip","first-book-listen","Listen, then show","first-book-listen-story","listen","First retry","Let’s have another try.","script-914076714817","pat-and-pip-sit","","","recording_needed",""
"programme_audio","l1.first-book-listen.first-book-listen-story.story","first-book","Pat and Pip","first-book-listen","Listen, then show","first-book-listen-story","listen","Narrated story","Pat sat on a soft mat. Pat invited Pip to sit beside her. Pip sat down too. Now they could look at a picture book together. If you like, tell or show what Pip did.","script-9457c6043359","pat-and-pip-sit","","","recording_needed",""
"programme_audio","l1.first-book-listen.first-book-listen-story.question","first-book","Pat and Pip","first-book-listen","Listen, then show","first-book-listen-story","listen","Listening question","What did Pip do when Pat invited him?","script-2342a7c7edb9","pat-and-pip-sit","","","recording_needed",""
"programme_audio","l1.first-book-listen.first-book-listen-story.choice-sat","first-book","Pat and Pip","first-book-listen","Listen, then show","first-book-listen-story","listen","Picture label on request","Pip sat beside Pat.","script-b0ef56c7dec1","pip-sat","","","recording_needed","Heard only when the child asks for this picture label."
"programme_audio","l1.first-book-listen.first-book-listen-story.choice-stood","first-book","Pat and Pip","first-book-listen","Listen, then show","first-book-listen-story","listen","Picture label on request","Pip stayed standing.","script-399c3c673064","pip-standing","","","recording_needed","Heard only when the child asks for this picture label."
"programme_video_model","l1.first-book-listen.first-book-listen-story.model","first-book","Pat and Pip","first-book-listen","Listen, then show","first-book-listen-story","listen","Optional teaching model","","","pat-and-pip-sit","","","optional_placeholder","Objective: Understand an invitation and its result through narrated language. A model is shown at phase 0 (if this step has one) and after the step is ready. There is no authored video script or uploaded file implied by this slot."
"programme_audio","l1.first-book-return.first-book-pin.directions-0","first-book","Pat and Pip","first-book-return","A word to remember","first-book-pin","read","Directions, phase 0","Try reading this word.","script-c747b57459bc","","","","recording_needed",""
"programme_audio","l1.first-book-return.first-book-pin.directions-1","first-book","Pat and Pip","first-book-return","A word to remember","first-book-pin","read","Directions, phase 1","Tap its picture.","script-7cf1de8e870f","","","","recording_needed",""
"programme_audio","l1.first-book-return.first-book-pin.directions-2","first-book","Pat and Pip","first-book-return","A word to remember","first-book-pin","read","Step success directions","You did it!","script-7f6dd03e6c9e","","","","recording_needed",""
"programme_audio","l1.first-book-return.first-book-pin.retry","first-book","Pat and Pip","first-book-return","A word to remember","first-book-pin","read","First retry","Let’s have another try.","script-914076714817","","","","recording_needed",""
"programme_audio","l1.first-book-return.first-book-pin.word","first-book","Pat and Pip","first-book-return","A word to remember","first-book-pin","read","Whole word","pin","script-64f46a7526a1","","","","recording_needed","Say the whole word naturally. Individual phonemes use the existing sound-<letter> files."
"programme_audio","l1.first-book-return.first-book-pin.meaning","first-book","Pat and Pip","first-book-return","A word to remember","first-book-pin","read","Word and meaning","pin. A closed safety pin","script-63b78cff9ba7","","","","recording_needed","The same exact script is used wherever this step explains its meaning."
"programme_audio","l1.first-book-return.first-book-pin.question","first-book","Pat and Pip","first-book-return","A word to remember","first-book-pin","read","Picture choice instruction","Tap its picture.","script-7cf1de8e870f","","","","recording_needed",""
"programme_audio","l1.first-book-return.first-book-pin.choice-pin","first-book","Pat and Pip","first-book-return","A word to remember","first-book-pin","read","Picture label on request","A closed safety pin","script-8c65a736dbe7","pin","","","recording_needed","Heard only when the child asks for this picture label."
"programme_audio","l1.first-book-return.first-book-pin.choice-pan","first-book","Pat and Pip","first-book-return","A word to remember","first-book-pin","read","Picture label on request","A pan","script-b4c1183570cd","pan","","","recording_needed","Heard only when the child asks for this picture label."
"programme_video_model","l1.first-book-return.first-book-pin.model","first-book","Pat and Pip","first-book-return","A word to remember","first-book-pin","read","Optional teaching model","","","","","","optional_placeholder","Objective: Return to a practised word after another activity. A model is shown at phase 0 (if this step has one) and after the step is ready. There is no authored video script or uploaded file implied by this slot."
"programme_audio","l1.first-book-return.first-book-sit.directions-1","first-book","Pat and Pip","first-book-return","A word to remember","first-book-sit","build","Directions, phase 1","Tap Listen.","script-926dc21c3e05","sit","","","recording_needed",""
"programme_audio","l1.first-book-return.first-book-sit.directions-1-heard","first-book","Pat and Pip","first-book-return","A word to remember","first-book-sit","build","Response directions, phase 1","Make the word.","script-1069c4a52ede","sit","","","recording_needed","Replayable current-action cue. On first requested sound/spelling playback this precedes the target, keeping the target sound/word last. Replay plays the target alone."
"programme_audio","l1.first-book-return.first-book-sit.directions-2","first-book","Pat and Pip","first-book-return","A word to remember","first-book-sit","build","Step success directions","You did it!","script-7f6dd03e6c9e","sit","","","recording_needed",""
"programme_audio","l1.first-book-return.first-book-sit.directions-complete","first-book","Pat and Pip","first-book-return","A word to remember","first-book-sit","build","Activity completion directions","Well done!","script-462164a0645e","sit","","","recording_needed",""
"programme_audio","l1.first-book-return.first-book-sit.retry","first-book","Pat and Pip","first-book-return","A word to remember","first-book-sit","build","First retry","Let’s have another try.","script-914076714817","sit","","","recording_needed",""
"programme_audio","l1.first-book-return.first-book-sit.word","first-book","Pat and Pip","first-book-return","A word to remember","first-book-sit","build","Whole word","sit","script-584178e5e351","sit","","","recording_needed","Say the whole word naturally. Individual phonemes use the existing sound-<letter> files."
"programme_audio","l1.first-book-return.first-book-sit.meaning","first-book","Pat and Pip","first-book-return","A word to remember","first-book-sit","build","Word and meaning","sit. Sit means rest on a seat or on the ground.","script-561f02690162","sit","","","recording_needed","The same exact script is used wherever this step explains its meaning."
"programme_video_model","l1.first-book-return.first-book-sit.model","first-book","Pat and Pip","first-book-return","A word to remember","first-book-sit","build","Optional teaching model","","","sit","","","optional_placeholder","Objective: Return to a practised word after another activity. A model is shown at phase 0 (if this step has one) and after the step is ready. There is no authored video script or uploaded file implied by this slot."
"programme_audio","l1.cme-meet-c.cme-meet-c-retrieve.directions-1","cat-mat-pen","C, M, E · Play together","cme-meet-c","Meet c · cat","cme-meet-c-retrieve","sound","Directions, phase 1","Tap Listen.","script-926dc21c3e05","","","","recording_needed",""
"programme_audio","l1.cme-meet-c.cme-meet-c-retrieve.directions-1-heard","cat-mat-pen","C, M, E · Play together","cme-meet-c","Meet c · cat","cme-meet-c-retrieve","sound","Response directions, phase 1","Tap the letter.","script-a00c410a35f6","","","","recording_needed","Replayable current-action cue. On first requested sound/spelling playback this precedes the target, keeping the target sound/word last. Replay plays the target alone."
"programme_audio","l1.cme-meet-c.cme-meet-c-retrieve.directions-2","cat-mat-pen","C, M, E · Play together","cme-meet-c","Meet c · cat","cme-meet-c-retrieve","sound","Step success directions","You did it!","script-7f6dd03e6c9e","","","","recording_needed",""
"programme_audio","l1.cme-meet-c.cme-meet-c-retrieve.retry","cat-mat-pen","C, M, E · Play together","cme-meet-c","Meet c · cat","cme-meet-c-retrieve","sound","First retry","Let’s have another try.","script-914076714817","","","","recording_needed",""
"programme_video_model","l1.cme-meet-c.cme-meet-c-retrieve.model","cat-mat-pen","C, M, E · Play together","cme-meet-c","Meet c · cat","cme-meet-c-retrieve","sound","Optional teaching model","","","","","","optional_placeholder","Objective: Hear c, build cat, and connect its print with its meaning. A model is shown at phase 0 (if this step has one) and after the step is ready. There is no authored video script or uploaded file implied by this slot."
"programme_audio","l1.cme-meet-c.cme-meet-c-model.directions-0","cat-mat-pen","C, M, E · Play together","cme-meet-c","Meet c · cat","cme-meet-c-model","sound","Directions, phase 0","Tap Listen.","script-926dc21c3e05","","","","recording_needed",""
"programme_audio","l1.cme-meet-c.cme-meet-c-model.directions-0-heard","cat-mat-pen","C, M, E · Play together","cme-meet-c","Meet c · cat","cme-meet-c-model","sound","Response directions, phase 0","Say the sound.","script-be7daa24b299","","","","recording_needed","Replayable current-action cue. On first requested sound/spelling playback this precedes the target, keeping the target sound/word last. Replay plays the target alone."
"programme_audio","l1.cme-meet-c.cme-meet-c-model.directions-1","cat-mat-pen","C, M, E · Play together","cme-meet-c","Meet c · cat","cme-meet-c-model","sound","Directions, phase 1","Tap Listen.","script-926dc21c3e05","","","","recording_needed",""
"programme_audio","l1.cme-meet-c.cme-meet-c-model.directions-1-heard","cat-mat-pen","C, M, E · Play together","cme-meet-c","Meet c · cat","cme-meet-c-model","sound","Response directions, phase 1","Tap the letter.","script-a00c410a35f6","","","","recording_needed","Replayable current-action cue. On first requested sound/spelling playback this precedes the target, keeping the target sound/word last. Replay plays the target alone."
"programme_audio","l1.cme-meet-c.cme-meet-c-model.directions-2","cat-mat-pen","C, M, E · Play together","cme-meet-c","Meet c · cat","cme-meet-c-model","sound","Step success directions","You did it!","script-7f6dd03e6c9e","","","","recording_needed",""
"programme_audio","l1.cme-meet-c.cme-meet-c-model.retry","cat-mat-pen","C, M, E · Play together","cme-meet-c","Meet c · cat","cme-meet-c-model","sound","First retry","Let’s have another try.","script-914076714817","","","","recording_needed",""
"programme_video_model","l1.cme-meet-c.cme-meet-c-model.model","cat-mat-pen","C, M, E · Play together","cme-meet-c","Meet c · cat","cme-meet-c-model","sound","Optional teaching model","","","","","","optional_placeholder","Objective: Hear c, build cat, and connect its print with its meaning. A model is shown at phase 0 (if this step has one) and after the step is ready. There is no authored video script or uploaded file implied by this slot."
"programme_audio","l1.cme-meet-c.cme-meet-c-build.directions-0","cat-mat-pen","C, M, E · Play together","cme-meet-c","Meet c · cat","cme-meet-c-build","build","Directions, phase 0","Tap Listen.","script-926dc21c3e05","cat","","","recording_needed",""
"programme_audio","l1.cme-meet-c.cme-meet-c-build.directions-0-heard","cat-mat-pen","C, M, E · Play together","cme-meet-c","Meet c · cat","cme-meet-c-build","build","Response directions, phase 0","Say the word.","script-e33bc428e31b","cat","","","recording_needed","Replayable current-action cue. On first requested sound/spelling playback this precedes the target, keeping the target sound/word last. Replay plays the target alone."
"programme_audio","l1.cme-meet-c.cme-meet-c-build.directions-1","cat-mat-pen","C, M, E · Play together","cme-meet-c","Meet c · cat","cme-meet-c-build","build","Directions, phase 1","Tap Listen.","script-926dc21c3e05","cat","","","recording_needed",""
"programme_audio","l1.cme-meet-c.cme-meet-c-build.directions-1-heard","cat-mat-pen","C, M, E · Play together","cme-meet-c","Meet c · cat","cme-meet-c-build","build","Response directions, phase 1","Make the word.","script-1069c4a52ede","cat","","","recording_needed","Replayable current-action cue. On first requested sound/spelling playback this precedes the target, keeping the target sound/word last. Replay plays the target alone."
"programme_audio","l1.cme-meet-c.cme-meet-c-build.directions-2","cat-mat-pen","C, M, E · Play together","cme-meet-c","Meet c · cat","cme-meet-c-build","build","Step success directions","You did it!","script-7f6dd03e6c9e","cat","","","recording_needed",""
"programme_audio","l1.cme-meet-c.cme-meet-c-build.retry","cat-mat-pen","C, M, E · Play together","cme-meet-c","Meet c · cat","cme-meet-c-build","build","First retry","Let’s have another try.","script-914076714817","cat","","","recording_needed",""
"programme_audio","l1.cme-meet-c.cme-meet-c-build.word","cat-mat-pen","C, M, E · Play together","cme-meet-c","Meet c · cat","cme-meet-c-build","build","Whole word","cat","script-77af778b51ab","cat","","","recording_needed","Say the whole word naturally. Individual phonemes use the existing sound-<letter> files."
"programme_audio","l1.cme-meet-c.cme-meet-c-build.meaning","cat-mat-pen","C, M, E · Play together","cme-meet-c","Meet c · cat","cme-meet-c-build","build","Word and meaning","cat. A cat is an animal with whiskers.","script-56e34c790b40","cat","","","recording_needed","The same exact script is used wherever this step explains its meaning."
"programme_video_model","l1.cme-meet-c.cme-meet-c-build.model","cat-mat-pen","C, M, E · Play together","cme-meet-c","Meet c · cat","cme-meet-c-build","build","Optional teaching model","","","cat","","","optional_placeholder","Objective: Hear c, build cat, and connect its print with its meaning. A model is shown at phase 0 (if this step has one) and after the step is ready. There is no authored video script or uploaded file implied by this slot."
"programme_audio","l1.cme-meet-c.cme-meet-c-read.directions-0","cat-mat-pen","C, M, E · Play together","cme-meet-c","Meet c · cat","cme-meet-c-read","read","Directions, phase 0","Try reading this word.","script-c747b57459bc","","","","recording_needed",""
"programme_audio","l1.cme-meet-c.cme-meet-c-read.directions-1","cat-mat-pen","C, M, E · Play together","cme-meet-c","Meet c · cat","cme-meet-c-read","read","Directions, phase 1","Tap its picture.","script-7cf1de8e870f","","","","recording_needed",""
"programme_audio","l1.cme-meet-c.cme-meet-c-read.directions-2","cat-mat-pen","C, M, E · Play together","cme-meet-c","Meet c · cat","cme-meet-c-read","read","Step success directions","You did it!","script-7f6dd03e6c9e","","","","recording_needed",""
"programme_audio","l1.cme-meet-c.cme-meet-c-read.directions-complete","cat-mat-pen","C, M, E · Play together","cme-meet-c","Meet c · cat","cme-meet-c-read","read","Activity completion directions","Well done!","script-462164a0645e","","","","recording_needed",""
"programme_audio","l1.cme-meet-c.cme-meet-c-read.retry","cat-mat-pen","C, M, E · Play together","cme-meet-c","Meet c · cat","cme-meet-c-read","read","First retry","Let’s have another try.","script-914076714817","","","","recording_needed",""
"programme_audio","l1.cme-meet-c.cme-meet-c-read.word","cat-mat-pen","C, M, E · Play together","cme-meet-c","Meet c · cat","cme-meet-c-read","read","Whole word","cat","script-77af778b51ab","","","","recording_needed","Say the whole word naturally. Individual phonemes use the existing sound-<letter> files."
"programme_audio","l1.cme-meet-c.cme-meet-c-read.meaning","cat-mat-pen","C, M, E · Play together","cme-meet-c","Meet c · cat","cme-meet-c-read","read","Word and meaning","cat. A cat is an animal with whiskers.","script-56e34c790b40","","","","recording_needed","The same exact script is used wherever this step explains its meaning."
"programme_audio","l1.cme-meet-c.cme-meet-c-read.question","cat-mat-pen","C, M, E · Play together","cme-meet-c","Meet c · cat","cme-meet-c-read","read","Picture choice instruction","Tap its picture.","script-7cf1de8e870f","","","","recording_needed",""
"programme_audio","l1.cme-meet-c.cme-meet-c-read.choice-cat","cat-mat-pen","C, M, E · Play together","cme-meet-c","Meet c · cat","cme-meet-c-read","read","Picture label on request","A cat is an animal with whiskers.","script-c3501260478c","cat","","","recording_needed","Heard only when the child asks for this picture label."
"programme_audio","l1.cme-meet-c.cme-meet-c-read.choice-pan","cat-mat-pen","C, M, E · Play together","cme-meet-c","Meet c · cat","cme-meet-c-read","read","Picture label on request","A pan","script-b4c1183570cd","pan","","","recording_needed","Heard only when the child asks for this picture label."
"programme_video_model","l1.cme-meet-c.cme-meet-c-read.model","cat-mat-pen","C, M, E · Play together","cme-meet-c","Meet c · cat","cme-meet-c-read","read","Optional teaching model","","","","","","optional_placeholder","Objective: Hear c, build cat, and connect its print with its meaning. A model is shown at phase 0 (if this step has one) and after the step is ready. There is no authored video script or uploaded file implied by this slot."
"programme_audio","l1.cme-meet-m.cme-meet-m-retrieve.directions-1","cat-mat-pen","C, M, E · Play together","cme-meet-m","Meet m · mat","cme-meet-m-retrieve","sound","Directions, phase 1","Tap Listen.","script-926dc21c3e05","","","","recording_needed",""
"programme_audio","l1.cme-meet-m.cme-meet-m-retrieve.directions-1-heard","cat-mat-pen","C, M, E · Play together","cme-meet-m","Meet m · mat","cme-meet-m-retrieve","sound","Response directions, phase 1","Tap the letter.","script-a00c410a35f6","","","","recording_needed","Replayable current-action cue. On first requested sound/spelling playback this precedes the target, keeping the target sound/word last. Replay plays the target alone."
"programme_audio","l1.cme-meet-m.cme-meet-m-retrieve.directions-2","cat-mat-pen","C, M, E · Play together","cme-meet-m","Meet m · mat","cme-meet-m-retrieve","sound","Step success directions","You did it!","script-7f6dd03e6c9e","","","","recording_needed",""
"programme_audio","l1.cme-meet-m.cme-meet-m-retrieve.retry","cat-mat-pen","C, M, E · Play together","cme-meet-m","Meet m · mat","cme-meet-m-retrieve","sound","First retry","Let’s have another try.","script-914076714817","","","","recording_needed",""
"programme_video_model","l1.cme-meet-m.cme-meet-m-retrieve.model","cat-mat-pen","C, M, E · Play together","cme-meet-m","Meet m · mat","cme-meet-m-retrieve","sound","Optional teaching model","","","","","","optional_placeholder","Objective: Hear m, build mat, and connect its print with its meaning. A model is shown at phase 0 (if this step has one) and after the step is ready. There is no authored video script or uploaded file implied by this slot."
"programme_audio","l1.cme-meet-m.cme-meet-m-model.directions-0","cat-mat-pen","C, M, E · Play together","cme-meet-m","Meet m · mat","cme-meet-m-model","sound","Directions, phase 0","Tap Listen.","script-926dc21c3e05","","","","recording_needed",""
"programme_audio","l1.cme-meet-m.cme-meet-m-model.directions-0-heard","cat-mat-pen","C, M, E · Play together","cme-meet-m","Meet m · mat","cme-meet-m-model","sound","Response directions, phase 0","Say the sound.","script-be7daa24b299","","","","recording_needed","Replayable current-action cue. On first requested sound/spelling playback this precedes the target, keeping the target sound/word last. Replay plays the target alone."
"programme_audio","l1.cme-meet-m.cme-meet-m-model.directions-1","cat-mat-pen","C, M, E · Play together","cme-meet-m","Meet m · mat","cme-meet-m-model","sound","Directions, phase 1","Tap Listen.","script-926dc21c3e05","","","","recording_needed",""
"programme_audio","l1.cme-meet-m.cme-meet-m-model.directions-1-heard","cat-mat-pen","C, M, E · Play together","cme-meet-m","Meet m · mat","cme-meet-m-model","sound","Response directions, phase 1","Tap the letter.","script-a00c410a35f6","","","","recording_needed","Replayable current-action cue. On first requested sound/spelling playback this precedes the target, keeping the target sound/word last. Replay plays the target alone."
"programme_audio","l1.cme-meet-m.cme-meet-m-model.directions-2","cat-mat-pen","C, M, E · Play together","cme-meet-m","Meet m · mat","cme-meet-m-model","sound","Step success directions","You did it!","script-7f6dd03e6c9e","","","","recording_needed",""
"programme_audio","l1.cme-meet-m.cme-meet-m-model.retry","cat-mat-pen","C, M, E · Play together","cme-meet-m","Meet m · mat","cme-meet-m-model","sound","First retry","Let’s have another try.","script-914076714817","","","","recording_needed",""
"programme_video_model","l1.cme-meet-m.cme-meet-m-model.model","cat-mat-pen","C, M, E · Play together","cme-meet-m","Meet m · mat","cme-meet-m-model","sound","Optional teaching model","","","","","","optional_placeholder","Objective: Hear m, build mat, and connect its print with its meaning. A model is shown at phase 0 (if this step has one) and after the step is ready. There is no authored video script or uploaded file implied by this slot."
"programme_audio","l1.cme-meet-m.cme-meet-m-build.directions-0","cat-mat-pen","C, M, E · Play together","cme-meet-m","Meet m · mat","cme-meet-m-build","build","Directions, phase 0","Tap Listen.","script-926dc21c3e05","mat","","","recording_needed",""
"programme_audio","l1.cme-meet-m.cme-meet-m-build.directions-0-heard","cat-mat-pen","C, M, E · Play together","cme-meet-m","Meet m · mat","cme-meet-m-build","build","Response directions, phase 0","Say the word.","script-e33bc428e31b","mat","","","recording_needed","Replayable current-action cue. On first requested sound/spelling playback this precedes the target, keeping the target sound/word last. Replay plays the target alone."
"programme_audio","l1.cme-meet-m.cme-meet-m-build.directions-1","cat-mat-pen","C, M, E · Play together","cme-meet-m","Meet m · mat","cme-meet-m-build","build","Directions, phase 1","Tap Listen.","script-926dc21c3e05","mat","","","recording_needed",""
"programme_audio","l1.cme-meet-m.cme-meet-m-build.directions-1-heard","cat-mat-pen","C, M, E · Play together","cme-meet-m","Meet m · mat","cme-meet-m-build","build","Response directions, phase 1","Make the word.","script-1069c4a52ede","mat","","","recording_needed","Replayable current-action cue. On first requested sound/spelling playback this precedes the target, keeping the target sound/word last. Replay plays the target alone."
"programme_audio","l1.cme-meet-m.cme-meet-m-build.directions-2","cat-mat-pen","C, M, E · Play together","cme-meet-m","Meet m · mat","cme-meet-m-build","build","Step success directions","You did it!","script-7f6dd03e6c9e","mat","","","recording_needed",""
"programme_audio","l1.cme-meet-m.cme-meet-m-build.retry","cat-mat-pen","C, M, E · Play together","cme-meet-m","Meet m · mat","cme-meet-m-build","build","First retry","Let’s have another try.","script-914076714817","mat","","","recording_needed",""
"programme_audio","l1.cme-meet-m.cme-meet-m-build.word","cat-mat-pen","C, M, E · Play together","cme-meet-m","Meet m · mat","cme-meet-m-build","build","Whole word","mat","script-0c1c541af9cc","mat","","","recording_needed","Say the whole word naturally. Individual phonemes use the existing sound-<letter> files."
"programme_audio","l1.cme-meet-m.cme-meet-m-build.meaning","cat-mat-pen","C, M, E · Play together","cme-meet-m","Meet m · mat","cme-meet-m-build","build","Word and meaning","mat. A mat is something we can sit or stand on.","script-81b27dad8bf3","mat","","","recording_needed","The same exact script is used wherever this step explains its meaning."
"programme_video_model","l1.cme-meet-m.cme-meet-m-build.model","cat-mat-pen","C, M, E · Play together","cme-meet-m","Meet m · mat","cme-meet-m-build","build","Optional teaching model","","","mat","","","optional_placeholder","Objective: Hear m, build mat, and connect its print with its meaning. A model is shown at phase 0 (if this step has one) and after the step is ready. There is no authored video script or uploaded file implied by this slot."
"programme_audio","l1.cme-meet-m.cme-meet-m-read.directions-0","cat-mat-pen","C, M, E · Play together","cme-meet-m","Meet m · mat","cme-meet-m-read","read","Directions, phase 0","Try reading this word.","script-c747b57459bc","","","","recording_needed",""
"programme_audio","l1.cme-meet-m.cme-meet-m-read.directions-1","cat-mat-pen","C, M, E · Play together","cme-meet-m","Meet m · mat","cme-meet-m-read","read","Directions, phase 1","Tap its picture.","script-7cf1de8e870f","","","","recording_needed",""
"programme_audio","l1.cme-meet-m.cme-meet-m-read.directions-2","cat-mat-pen","C, M, E · Play together","cme-meet-m","Meet m · mat","cme-meet-m-read","read","Step success directions","You did it!","script-7f6dd03e6c9e","","","","recording_needed",""
"programme_audio","l1.cme-meet-m.cme-meet-m-read.directions-complete","cat-mat-pen","C, M, E · Play together","cme-meet-m","Meet m · mat","cme-meet-m-read","read","Activity completion directions","Well done!","script-462164a0645e","","","","recording_needed",""
"programme_audio","l1.cme-meet-m.cme-meet-m-read.retry","cat-mat-pen","C, M, E · Play together","cme-meet-m","Meet m · mat","cme-meet-m-read","read","First retry","Let’s have another try.","script-914076714817","","","","recording_needed",""
"programme_audio","l1.cme-meet-m.cme-meet-m-read.word","cat-mat-pen","C, M, E · Play together","cme-meet-m","Meet m · mat","cme-meet-m-read","read","Whole word","mat","script-0c1c541af9cc","","","","recording_needed","Say the whole word naturally. Individual phonemes use the existing sound-<letter> files."
"programme_audio","l1.cme-meet-m.cme-meet-m-read.meaning","cat-mat-pen","C, M, E · Play together","cme-meet-m","Meet m · mat","cme-meet-m-read","read","Word and meaning","mat. A mat is something we can sit or stand on.","script-81b27dad8bf3","","","","recording_needed","The same exact script is used wherever this step explains its meaning."
"programme_audio","l1.cme-meet-m.cme-meet-m-read.question","cat-mat-pen","C, M, E · Play together","cme-meet-m","Meet m · mat","cme-meet-m-read","read","Picture choice instruction","Tap its picture.","script-7cf1de8e870f","","","","recording_needed",""
"programme_audio","l1.cme-meet-m.cme-meet-m-read.choice-mat","cat-mat-pen","C, M, E · Play together","cme-meet-m","Meet m · mat","cme-meet-m-read","read","Picture label on request","A mat is something we can sit or stand on.","script-3aff63a70840","mat","","","recording_needed","Heard only when the child asks for this picture label."
"programme_audio","l1.cme-meet-m.cme-meet-m-read.choice-cat","cat-mat-pen","C, M, E · Play together","cme-meet-m","Meet m · mat","cme-meet-m-read","read","Picture label on request","A cat","script-a7a8377f6368","cat","","","recording_needed","Heard only when the child asks for this picture label."
"programme_video_model","l1.cme-meet-m.cme-meet-m-read.model","cat-mat-pen","C, M, E · Play together","cme-meet-m","Meet m · mat","cme-meet-m-read","read","Optional teaching model","","","","","","optional_placeholder","Objective: Hear m, build mat, and connect its print with its meaning. A model is shown at phase 0 (if this step has one) and after the step is ready. There is no authored video script or uploaded file implied by this slot."
"programme_audio","l1.cme-meet-e.cme-meet-e-retrieve.directions-1","cat-mat-pen","C, M, E · Play together","cme-meet-e","Meet e · pen","cme-meet-e-retrieve","sound","Directions, phase 1","Tap Listen.","script-926dc21c3e05","","","","recording_needed",""
"programme_audio","l1.cme-meet-e.cme-meet-e-retrieve.directions-1-heard","cat-mat-pen","C, M, E · Play together","cme-meet-e","Meet e · pen","cme-meet-e-retrieve","sound","Response directions, phase 1","Tap the letter.","script-a00c410a35f6","","","","recording_needed","Replayable current-action cue. On first requested sound/spelling playback this precedes the target, keeping the target sound/word last. Replay plays the target alone."
"programme_audio","l1.cme-meet-e.cme-meet-e-retrieve.directions-2","cat-mat-pen","C, M, E · Play together","cme-meet-e","Meet e · pen","cme-meet-e-retrieve","sound","Step success directions","You did it!","script-7f6dd03e6c9e","","","","recording_needed",""
"programme_audio","l1.cme-meet-e.cme-meet-e-retrieve.retry","cat-mat-pen","C, M, E · Play together","cme-meet-e","Meet e · pen","cme-meet-e-retrieve","sound","First retry","Let’s have another try.","script-914076714817","","","","recording_needed",""
"programme_video_model","l1.cme-meet-e.cme-meet-e-retrieve.model","cat-mat-pen","C, M, E · Play together","cme-meet-e","Meet e · pen","cme-meet-e-retrieve","sound","Optional teaching model","","","","","","optional_placeholder","Objective: Hear e, build pen, and connect its print with its meaning. A model is shown at phase 0 (if this step has one) and after the step is ready. There is no authored video script or uploaded file implied by this slot."
"programme_audio","l1.cme-meet-e.cme-meet-e-model.directions-0","cat-mat-pen","C, M, E · Play together","cme-meet-e","Meet e · pen","cme-meet-e-model","sound","Directions, phase 0","Tap Listen.","script-926dc21c3e05","","","","recording_needed",""
"programme_audio","l1.cme-meet-e.cme-meet-e-model.directions-0-heard","cat-mat-pen","C, M, E · Play together","cme-meet-e","Meet e · pen","cme-meet-e-model","sound","Response directions, phase 0","Say the sound.","script-be7daa24b299","","","","recording_needed","Replayable current-action cue. On first requested sound/spelling playback this precedes the target, keeping the target sound/word last. Replay plays the target alone."
"programme_audio","l1.cme-meet-e.cme-meet-e-model.directions-1","cat-mat-pen","C, M, E · Play together","cme-meet-e","Meet e · pen","cme-meet-e-model","sound","Directions, phase 1","Tap Listen.","script-926dc21c3e05","","","","recording_needed",""
"programme_audio","l1.cme-meet-e.cme-meet-e-model.directions-1-heard","cat-mat-pen","C, M, E · Play together","cme-meet-e","Meet e · pen","cme-meet-e-model","sound","Response directions, phase 1","Tap the letter.","script-a00c410a35f6","","","","recording_needed","Replayable current-action cue. On first requested sound/spelling playback this precedes the target, keeping the target sound/word last. Replay plays the target alone."
"programme_audio","l1.cme-meet-e.cme-meet-e-model.directions-2","cat-mat-pen","C, M, E · Play together","cme-meet-e","Meet e · pen","cme-meet-e-model","sound","Step success directions","You did it!","script-7f6dd03e6c9e","","","","recording_needed",""
"programme_audio","l1.cme-meet-e.cme-meet-e-model.retry","cat-mat-pen","C, M, E · Play together","cme-meet-e","Meet e · pen","cme-meet-e-model","sound","First retry","Let’s have another try.","script-914076714817","","","","recording_needed",""
"programme_video_model","l1.cme-meet-e.cme-meet-e-model.model","cat-mat-pen","C, M, E · Play together","cme-meet-e","Meet e · pen","cme-meet-e-model","sound","Optional teaching model","","","","","","optional_placeholder","Objective: Hear e, build pen, and connect its print with its meaning. A model is shown at phase 0 (if this step has one) and after the step is ready. There is no authored video script or uploaded file implied by this slot."
"programme_audio","l1.cme-meet-e.cme-meet-e-build.directions-0","cat-mat-pen","C, M, E · Play together","cme-meet-e","Meet e · pen","cme-meet-e-build","build","Directions, phase 0","Tap Listen.","script-926dc21c3e05","pen","","","recording_needed",""
"programme_audio","l1.cme-meet-e.cme-meet-e-build.directions-0-heard","cat-mat-pen","C, M, E · Play together","cme-meet-e","Meet e · pen","cme-meet-e-build","build","Response directions, phase 0","Say the word.","script-e33bc428e31b","pen","","","recording_needed","Replayable current-action cue. On first requested sound/spelling playback this precedes the target, keeping the target sound/word last. Replay plays the target alone."
"programme_audio","l1.cme-meet-e.cme-meet-e-build.directions-1","cat-mat-pen","C, M, E · Play together","cme-meet-e","Meet e · pen","cme-meet-e-build","build","Directions, phase 1","Tap Listen.","script-926dc21c3e05","pen","","","recording_needed",""
"programme_audio","l1.cme-meet-e.cme-meet-e-build.directions-1-heard","cat-mat-pen","C, M, E · Play together","cme-meet-e","Meet e · pen","cme-meet-e-build","build","Response directions, phase 1","Make the word.","script-1069c4a52ede","pen","","","recording_needed","Replayable current-action cue. On first requested sound/spelling playback this precedes the target, keeping the target sound/word last. Replay plays the target alone."
"programme_audio","l1.cme-meet-e.cme-meet-e-build.directions-2","cat-mat-pen","C, M, E · Play together","cme-meet-e","Meet e · pen","cme-meet-e-build","build","Step success directions","You did it!","script-7f6dd03e6c9e","pen","","","recording_needed",""
"programme_audio","l1.cme-meet-e.cme-meet-e-build.retry","cat-mat-pen","C, M, E · Play together","cme-meet-e","Meet e · pen","cme-meet-e-build","build","First retry","Let’s have another try.","script-914076714817","pen","","","recording_needed",""
"programme_audio","l1.cme-meet-e.cme-meet-e-build.word","cat-mat-pen","C, M, E · Play together","cme-meet-e","Meet e · pen","cme-meet-e-build","build","Whole word","pen","script-e21a6b0cb193","pen","","","recording_needed","Say the whole word naturally. Individual phonemes use the existing sound-<letter> files."
"programme_audio","l1.cme-meet-e.cme-meet-e-build.meaning","cat-mat-pen","C, M, E · Play together","cme-meet-e","Meet e · pen","cme-meet-e-build","build","Word and meaning","pen. A pen makes marks for writing and drawing.","script-da71aaef7e91","pen","","","recording_needed","The same exact script is used wherever this step explains its meaning."
"programme_video_model","l1.cme-meet-e.cme-meet-e-build.model","cat-mat-pen","C, M, E · Play together","cme-meet-e","Meet e · pen","cme-meet-e-build","build","Optional teaching model","","","pen","","","optional_placeholder","Objective: Hear e, build pen, and connect its print with its meaning. A model is shown at phase 0 (if this step has one) and after the step is ready. There is no authored video script or uploaded file implied by this slot."
"programme_audio","l1.cme-meet-e.cme-meet-e-read.directions-0","cat-mat-pen","C, M, E · Play together","cme-meet-e","Meet e · pen","cme-meet-e-read","read","Directions, phase 0","Try reading this word.","script-c747b57459bc","","","","recording_needed",""
"programme_audio","l1.cme-meet-e.cme-meet-e-read.directions-1","cat-mat-pen","C, M, E · Play together","cme-meet-e","Meet e · pen","cme-meet-e-read","read","Directions, phase 1","Tap its picture.","script-7cf1de8e870f","","","","recording_needed",""
"programme_audio","l1.cme-meet-e.cme-meet-e-read.directions-2","cat-mat-pen","C, M, E · Play together","cme-meet-e","Meet e · pen","cme-meet-e-read","read","Step success directions","You did it!","script-7f6dd03e6c9e","","","","recording_needed",""
"programme_audio","l1.cme-meet-e.cme-meet-e-read.directions-complete","cat-mat-pen","C, M, E · Play together","cme-meet-e","Meet e · pen","cme-meet-e-read","read","Activity completion directions","Well done!","script-462164a0645e","","","","recording_needed",""
"programme_audio","l1.cme-meet-e.cme-meet-e-read.retry","cat-mat-pen","C, M, E · Play together","cme-meet-e","Meet e · pen","cme-meet-e-read","read","First retry","Let’s have another try.","script-914076714817","","","","recording_needed",""
"programme_audio","l1.cme-meet-e.cme-meet-e-read.word","cat-mat-pen","C, M, E · Play together","cme-meet-e","Meet e · pen","cme-meet-e-read","read","Whole word","pen","script-e21a6b0cb193","","","","recording_needed","Say the whole word naturally. Individual phonemes use the existing sound-<letter> files."
"programme_audio","l1.cme-meet-e.cme-meet-e-read.meaning","cat-mat-pen","C, M, E · Play together","cme-meet-e","Meet e · pen","cme-meet-e-read","read","Word and meaning","pen. A pen makes marks for writing and drawing.","script-da71aaef7e91","","","","recording_needed","The same exact script is used wherever this step explains its meaning."
"programme_audio","l1.cme-meet-e.cme-meet-e-read.question","cat-mat-pen","C, M, E · Play together","cme-meet-e","Meet e · pen","cme-meet-e-read","read","Picture choice instruction","Tap its picture.","script-7cf1de8e870f","","","","recording_needed",""
"programme_audio","l1.cme-meet-e.cme-meet-e-read.choice-pen","cat-mat-pen","C, M, E · Play together","cme-meet-e","Meet e · pen","cme-meet-e-read","read","Picture label on request","A pen makes marks for writing and drawing.","script-9f465e7ece24","pen","","","recording_needed","Heard only when the child asks for this picture label."
"programme_audio","l1.cme-meet-e.cme-meet-e-read.choice-pin","cat-mat-pen","C, M, E · Play together","cme-meet-e","Meet e · pen","cme-meet-e-read","read","Picture label on request","A closed safety pin","script-8c65a736dbe7","pin","","","recording_needed","Heard only when the child asks for this picture label."
"programme_video_model","l1.cme-meet-e.cme-meet-e-read.model","cat-mat-pen","C, M, E · Play together","cme-meet-e","Meet e · pen","cme-meet-e-read","read","Optional teaching model","","","","","","optional_placeholder","Objective: Hear e, build pen, and connect its print with its meaning. A model is shown at phase 0 (if this step has one) and after the step is ready. There is no authored video script or uploaded file implied by this slot."
"programme_audio","l1.cme-tap-book.cme-tap-listen.directions-0","cat-mat-pen","C, M, E · Play together","cme-tap-book","We can tap","cme-tap-listen","listen","Directions, phase 0","Tap Listen.","script-926dc21c3e05","pat-tap","","","recording_needed",""
"programme_audio","l1.cme-tap-book.cme-tap-listen.directions-0-heard","cat-mat-pen","C, M, E · Play together","cme-tap-book","We can tap","cme-tap-listen","listen","Response directions, phase 0","Let’s see what happened.","script-91903b42e456","pat-tap","","","recording_needed","Replayable current-action cue. On first requested sound/spelling playback this precedes the target, keeping the target sound/word last. Replay plays the target alone."
"programme_audio","l1.cme-tap-book.cme-tap-listen.directions-1","cat-mat-pen","C, M, E · Play together","cme-tap-book","We can tap","cme-tap-listen","listen","Directions, phase 1","Who copied the tapping?","script-ccb1f7117f6d","pat-tap","","","recording_needed",""
"programme_audio","l1.cme-tap-book.cme-tap-listen.directions-1-heard","cat-mat-pen","C, M, E · Play together","cme-tap-book","We can tap","cme-tap-listen","listen","Response directions, phase 1","Who copied the tapping?","script-ccb1f7117f6d","pat-tap","","","recording_needed","Replayable current-action cue. On first requested sound/spelling playback this precedes the target, keeping the target sound/word last. Replay plays the target alone."
"programme_audio","l1.cme-tap-book.cme-tap-listen.directions-2","cat-mat-pen","C, M, E · Play together","cme-tap-book","We can tap","cme-tap-listen","listen","Step success directions","You did it!","script-7f6dd03e6c9e","pat-tap","","","recording_needed",""
"programme_audio","l1.cme-tap-book.cme-tap-listen.retry","cat-mat-pen","C, M, E · Play together","cme-tap-book","We can tap","cme-tap-listen","listen","First retry","Let’s have another try.","script-914076714817","pat-tap","","","recording_needed",""
"programme_audio","l1.cme-tap-book.cme-tap-listen.story","cat-mat-pen","C, M, E · Play together","cme-tap-book","We can tap","cme-tap-listen","listen","Narrated story","Pat can tap a gentle beat. Pip watches, then taps a beat too. After tapping, Pip sits to rest. Can means someone is able to do something. You can tap your knee gently, if you would like.","script-df5ed6332e9e","pat-tap","","","recording_needed",""
"programme_audio","l1.cme-tap-book.cme-tap-listen.question","cat-mat-pen","C, M, E · Play together","cme-tap-book","We can tap","cme-tap-listen","listen","Listening question","Who copied the tapping?","script-ccb1f7117f6d","pat-tap","","","recording_needed",""
"programme_audio","l1.cme-tap-book.cme-tap-listen.choice-pip","cat-mat-pen","C, M, E · Play together","cme-tap-book","We can tap","cme-tap-listen","listen","Picture label on request","Pip","script-cf648810607d","pip-tap","","","recording_needed","Heard only when the child asks for this picture label."
"programme_audio","l1.cme-tap-book.cme-tap-listen.choice-cat","cat-mat-pen","C, M, E · Play together","cme-tap-book","We can tap","cme-tap-listen","listen","Picture label on request","A cat","script-a7a8377f6368","cat","","","recording_needed","Heard only when the child asks for this picture label."
"programme_video_model","l1.cme-tap-book.cme-tap-listen.model","cat-mat-pen","C, M, E · Play together","cme-tap-book","We can tap","cme-tap-listen","listen","Optional teaching model","","","pat-tap","","","optional_placeholder","Objective: Understand can as being able to do an action and read three short sentences. A model is shown at phase 0 (if this step has one) and after the step is ready. There is no authored video script or uploaded file implied by this slot."
"programme_audio","l1.cme-tap-book.cme-tap-read.cover.directions-0","cat-mat-pen","C, M, E · Play together","cme-tap-book","We can tap","cme-tap-read.cover","book-cover","Directions, phase 0","Tap Listen.","script-926dc21c3e05","","","","recording_needed",""
"programme_audio","l1.cme-tap-book.cme-tap-read.cover.directions-0-heard","cat-mat-pen","C, M, E · Play together","cme-tap-book","We can tap","cme-tap-read.cover","book-cover","Response directions, phase 0","Ready for the next part?","script-77a9094a81f0","","","","recording_needed","Replayable current-action cue. On first requested sound/spelling playback this precedes the target, keeping the target sound/word last. Replay plays the target alone."
"programme_audio","l1.cme-tap-book.cme-tap-read.cover.directions-1","cat-mat-pen","C, M, E · Play together","cme-tap-book","We can tap","cme-tap-read.cover","book-cover","Step success directions","You did it!","script-7f6dd03e6c9e","","","","recording_needed",""
"programme_audio","l1.cme-tap-book.cme-tap-read.cover.prepare-0","cat-mat-pen","C, M, E · Play together","cme-tap-book","We can tap","cme-tap-read.cover","book-cover","Book vocabulary or character preparation","Pat","script-b1cbff209280","pat-tap","","","recording_needed","One tap-paced card at a time. Next advances only after this part is heard or read together. No joined convention monologue."
"programme_audio","l1.cme-tap-book.cme-tap-read.cover.prepare-1","cat-mat-pen","C, M, E · Play together","cme-tap-book","We can tap","cme-tap-read.cover","book-cover","Book vocabulary or character preparation","Pip","script-cf648810607d","pip-tap","","","recording_needed","One tap-paced card at a time. Next advances only after this part is heard or read together. No joined convention monologue."
"programme_audio","l1.cme-tap-book.cme-tap-read.cover.prepare-2","cat-mat-pen","C, M, E · Play together","cme-tap-book","We can tap","cme-tap-read.cover","book-cover","Book vocabulary or character preparation","can","script-9f584196e7fe","pat-tap","","","recording_needed","One tap-paced card at a time. Next advances only after this part is heard or read together. No joined convention monologue."
"programme_audio","l1.cme-tap-book.cme-tap-read.cover.convention-0","cat-mat-pen","C, M, E · Play together","cme-tap-book","We can tap","cme-tap-read.cover","book-cover","Book preparation model","Can means you are able to do something. You can tap gently.","script-68cd4ca4876d","","","","recording_needed","One tap-paced card at a time. Next advances only after this part is heard or read together. No joined convention monologue."
"programme_audio","l1.cme-tap-book.cme-tap-read.cover.convention-1","cat-mat-pen","C, M, E · Play together","cme-tap-book","We can tap","cme-tap-read.cover","book-cover","Book preparation model","Read from left to right. Spaces separate words.","script-358414779cbb","","","","recording_needed","One tap-paced card at a time. Next advances only after this part is heard or read together. No joined convention monologue."
"programme_audio","l1.cme-tap-book.cme-tap-read.cover.convention-2","cat-mat-pen","C, M, E · Play together","cme-tap-book","We can tap","cme-tap-read.cover","book-cover","Book preparation model","Pause at a full stop.","script-5086bb6c8bae","","","","recording_needed","One tap-paced card at a time. Next advances only after this part is heard or read together. No joined convention monologue."
"programme_video_model","l1.cme-tap-book.cme-tap-read.cover.model","cat-mat-pen","C, M, E · Play together","cme-tap-book","We can tap","cme-tap-read.cover","book-cover","Optional teaching model","","","","","","optional_placeholder","Objective: Understand can as being able to do an action and read three short sentences. A model is shown at phase 0 (if this step has one) and after the step is ready. There is no authored video script or uploaded file implied by this slot."
"programme_audio","l1.cme-tap-book.cme-tap-read.pat-tap.directions-0","cat-mat-pen","C, M, E · Play together","cme-tap-book","We can tap","cme-tap-read.pat-tap","page","Directions, phase 0","Your turn to read.","script-628afdc4429d","pat-tap","","","recording_needed",""
"programme_audio","l1.cme-tap-book.cme-tap-read.pat-tap.directions-1","cat-mat-pen","C, M, E · Play together","cme-tap-book","We can tap","cme-tap-read.pat-tap","page","Directions, phase 1","See the story.","script-c0a5efc3c898","pat-tap","","","recording_needed",""
"programme_audio","l1.cme-tap-book.cme-tap-read.pat-tap.directions-2","cat-mat-pen","C, M, E · Play together","cme-tap-book","We can tap","cme-tap-read.pat-tap","page","Step success directions","You did it!","script-7f6dd03e6c9e","pat-tap","","","recording_needed",""
"programme_audio","l1.cme-tap-book.cme-tap-read.pat-tap.page","cat-mat-pen","C, M, E · Play together","cme-tap-book","We can tap","cme-tap-read.pat-tap","page","Read the complete page","Pat can tap.","script-abe611123286","pat-tap","","","recording_needed","Preserve the sentence punctuation and phrasing."
"programme_audio","l1.cme-tap-book.cme-tap-read.pat-tap.word-0","cat-mat-pen","C, M, E · Play together","cme-tap-book","We can tap","cme-tap-read.pat-tap","page","Tapped page word","Pat","script-b1cbff209280","pat-tap","","","recording_needed","Index and text exactly match the on-screen space-separated token, including its punctuation."
"programme_audio","l1.cme-tap-book.cme-tap-read.pat-tap.word-1","cat-mat-pen","C, M, E · Play together","cme-tap-book","We can tap","cme-tap-read.pat-tap","page","Tapped page word","can","script-9f584196e7fe","pat-tap","","","recording_needed","Index and text exactly match the on-screen space-separated token, including its punctuation."
"programme_audio","l1.cme-tap-book.cme-tap-read.pat-tap.word-2","cat-mat-pen","C, M, E · Play together","cme-tap-book","We can tap","cme-tap-read.pat-tap","page","Tapped page word","tap.","script-8095deadc542","pat-tap","","","recording_needed","Index and text exactly match the on-screen space-separated token, including its punctuation."
"programme_video_model","l1.cme-tap-book.cme-tap-read.pat-tap.model","cat-mat-pen","C, M, E · Play together","cme-tap-book","We can tap","cme-tap-read.pat-tap","page","Optional teaching model","","","pat-tap","","","optional_placeholder","Objective: Understand can as being able to do an action and read three short sentences. A model is shown at phase 0 (if this step has one) and after the step is ready. There is no authored video script or uploaded file implied by this slot."
"programme_audio","l1.cme-tap-book.cme-tap-read.pip-tap.directions-0","cat-mat-pen","C, M, E · Play together","cme-tap-book","We can tap","cme-tap-read.pip-tap","page","Directions, phase 0","Your turn to read.","script-628afdc4429d","pip-tap","","","recording_needed",""
"programme_audio","l1.cme-tap-book.cme-tap-read.pip-tap.directions-1","cat-mat-pen","C, M, E · Play together","cme-tap-book","We can tap","cme-tap-read.pip-tap","page","Directions, phase 1","See the story.","script-c0a5efc3c898","pip-tap","","","recording_needed",""
"programme_audio","l1.cme-tap-book.cme-tap-read.pip-tap.directions-2","cat-mat-pen","C, M, E · Play together","cme-tap-book","We can tap","cme-tap-read.pip-tap","page","Step success directions","You did it!","script-7f6dd03e6c9e","pip-tap","","","recording_needed",""
"programme_audio","l1.cme-tap-book.cme-tap-read.pip-tap.page","cat-mat-pen","C, M, E · Play together","cme-tap-book","We can tap","cme-tap-read.pip-tap","page","Read the complete page","Pip can tap.","script-1fcffe2414ad","pip-tap","","","recording_needed","Preserve the sentence punctuation and phrasing."
"programme_audio","l1.cme-tap-book.cme-tap-read.pip-tap.word-0","cat-mat-pen","C, M, E · Play together","cme-tap-book","We can tap","cme-tap-read.pip-tap","page","Tapped page word","Pip","script-cf648810607d","pip-tap","","","recording_needed","Index and text exactly match the on-screen space-separated token, including its punctuation."
"programme_audio","l1.cme-tap-book.cme-tap-read.pip-tap.word-1","cat-mat-pen","C, M, E · Play together","cme-tap-book","We can tap","cme-tap-read.pip-tap","page","Tapped page word","can","script-9f584196e7fe","pip-tap","","","recording_needed","Index and text exactly match the on-screen space-separated token, including its punctuation."
"programme_audio","l1.cme-tap-book.cme-tap-read.pip-tap.word-2","cat-mat-pen","C, M, E · Play together","cme-tap-book","We can tap","cme-tap-read.pip-tap","page","Tapped page word","tap.","script-8095deadc542","pip-tap","","","recording_needed","Index and text exactly match the on-screen space-separated token, including its punctuation."
"programme_video_model","l1.cme-tap-book.cme-tap-read.pip-tap.model","cat-mat-pen","C, M, E · Play together","cme-tap-book","We can tap","cme-tap-read.pip-tap","page","Optional teaching model","","","pip-tap","","","optional_placeholder","Objective: Understand can as being able to do an action and read three short sentences. A model is shown at phase 0 (if this step has one) and after the step is ready. There is no authored video script or uploaded file implied by this slot."
"programme_audio","l1.cme-tap-book.cme-tap-read.pip-rest.directions-0","cat-mat-pen","C, M, E · Play together","cme-tap-book","We can tap","cme-tap-read.pip-rest","page","Directions, phase 0","Your turn to read.","script-628afdc4429d","pip-sat","","","recording_needed",""
"programme_audio","l1.cme-tap-book.cme-tap-read.pip-rest.directions-1","cat-mat-pen","C, M, E · Play together","cme-tap-book","We can tap","cme-tap-read.pip-rest","page","Directions, phase 1","What did Pip do at the end?","script-86f64f763c39","pip-sat","","","recording_needed",""
"programme_audio","l1.cme-tap-book.cme-tap-read.pip-rest.directions-2","cat-mat-pen","C, M, E · Play together","cme-tap-book","We can tap","cme-tap-read.pip-rest","page","Step success directions","You did it!","script-7f6dd03e6c9e","pip-sat","","","recording_needed",""
"programme_audio","l1.cme-tap-book.cme-tap-read.pip-rest.directions-complete","cat-mat-pen","C, M, E · Play together","cme-tap-book","We can tap","cme-tap-read.pip-rest","page","Activity completion directions","Well done!","script-462164a0645e","pip-sat","","","recording_needed",""
"programme_audio","l1.cme-tap-book.cme-tap-read.pip-rest.retry","cat-mat-pen","C, M, E · Play together","cme-tap-book","We can tap","cme-tap-read.pip-rest","page","First retry","Let’s have another try.","script-914076714817","pip-sat","","","recording_needed",""
"programme_audio","l1.cme-tap-book.cme-tap-read.pip-rest.page","cat-mat-pen","C, M, E · Play together","cme-tap-book","We can tap","cme-tap-read.pip-rest","page","Read the complete page","Pip sat.","script-ab5df7df26b0","pip-sat","","","recording_needed","Preserve the sentence punctuation and phrasing."
"programme_audio","l1.cme-tap-book.cme-tap-read.pip-rest.word-0","cat-mat-pen","C, M, E · Play together","cme-tap-book","We can tap","cme-tap-read.pip-rest","page","Tapped page word","Pip","script-cf648810607d","pip-sat","","","recording_needed","Index and text exactly match the on-screen space-separated token, including its punctuation."
"programme_audio","l1.cme-tap-book.cme-tap-read.pip-rest.word-1","cat-mat-pen","C, M, E · Play together","cme-tap-book","We can tap","cme-tap-read.pip-rest","page","Tapped page word","sat.","script-770669ec5aa4","pip-sat","","","recording_needed","Index and text exactly match the on-screen space-separated token, including its punctuation."
"programme_audio","l1.cme-tap-book.cme-tap-read.pip-rest.question","cat-mat-pen","C, M, E · Play together","cme-tap-book","We can tap","cme-tap-read.pip-rest","page","Page meaning question","What did Pip do at the end?","script-86f64f763c39","pip-sat","","","recording_needed",""
"programme_audio","l1.cme-tap-book.cme-tap-read.pip-rest.choice-sat","cat-mat-pen","C, M, E · Play together","cme-tap-book","We can tap","cme-tap-read.pip-rest","page","Picture label on request","Pip sat.","script-ab5df7df26b0","pip-sat","","","recording_needed","Heard only when the child asks for this picture label."
"programme_audio","l1.cme-tap-book.cme-tap-read.pip-rest.choice-tap","cat-mat-pen","C, M, E · Play together","cme-tap-book","We can tap","cme-tap-read.pip-rest","page","Picture label on request","Pip tapped.","script-46d376187055","pip-tap","","","recording_needed","Heard only when the child asks for this picture label."
"programme_video_model","l1.cme-tap-book.cme-tap-read.pip-rest.model","cat-mat-pen","C, M, E · Play together","cme-tap-book","We can tap","cme-tap-read.pip-rest","page","Optional teaching model","","","pip-sat","","","optional_placeholder","Objective: Understand can as being able to do an action and read three short sentences. A model is shown at phase 0 (if this step has one) and after the step is ready. There is no authored video script or uploaded file implied by this slot."
"programme_audio","l1.cme-return.cme-check-e.directions-1","cat-mat-pen","C, M, E · Play together","cme-return","Mix our words","cme-check-e","sound","Directions, phase 1","Tap Listen.","script-926dc21c3e05","","","","recording_needed",""
"programme_audio","l1.cme-return.cme-check-e.directions-1-heard","cat-mat-pen","C, M, E · Play together","cme-return","Mix our words","cme-check-e","sound","Response directions, phase 1","Tap the letter.","script-a00c410a35f6","","","","recording_needed","Replayable current-action cue. On first requested sound/spelling playback this precedes the target, keeping the target sound/word last. Replay plays the target alone."
"programme_audio","l1.cme-return.cme-check-e.directions-2","cat-mat-pen","C, M, E · Play together","cme-return","Mix our words","cme-check-e","sound","Step success directions","You did it!","script-7f6dd03e6c9e","","","","recording_needed",""
"programme_audio","l1.cme-return.cme-check-e.retry","cat-mat-pen","C, M, E · Play together","cme-return","Mix our words","cme-check-e","sound","First retry","Let’s have another try.","script-914076714817","","","","recording_needed",""
"programme_video_model","l1.cme-return.cme-check-e.model","cat-mat-pen","C, M, E · Play together","cme-return","Mix our words","cme-check-e","sound","Optional teaching model","","","","","","optional_placeholder","Objective: Distinguish short e and short i and retrieve earlier words. A model is shown at phase 0 (if this step has one) and after the step is ready. There is no authored video script or uploaded file implied by this slot."
"programme_audio","l1.cme-return.cme-check-i.directions-1","cat-mat-pen","C, M, E · Play together","cme-return","Mix our words","cme-check-i","sound","Directions, phase 1","Tap Listen.","script-926dc21c3e05","","","","recording_needed",""
"programme_audio","l1.cme-return.cme-check-i.directions-1-heard","cat-mat-pen","C, M, E · Play together","cme-return","Mix our words","cme-check-i","sound","Response directions, phase 1","Tap the letter.","script-a00c410a35f6","","","","recording_needed","Replayable current-action cue. On first requested sound/spelling playback this precedes the target, keeping the target sound/word last. Replay plays the target alone."
"programme_audio","l1.cme-return.cme-check-i.directions-2","cat-mat-pen","C, M, E · Play together","cme-return","Mix our words","cme-check-i","sound","Step success directions","You did it!","script-7f6dd03e6c9e","","","","recording_needed",""
"programme_audio","l1.cme-return.cme-check-i.retry","cat-mat-pen","C, M, E · Play together","cme-return","Mix our words","cme-check-i","sound","First retry","Let’s have another try.","script-914076714817","","","","recording_needed",""
"programme_video_model","l1.cme-return.cme-check-i.model","cat-mat-pen","C, M, E · Play together","cme-return","Mix our words","cme-check-i","sound","Optional teaching model","","","","","","optional_placeholder","Objective: Distinguish short e and short i and retrieve earlier words. A model is shown at phase 0 (if this step has one) and after the step is ready. There is no authored video script or uploaded file implied by this slot."
"programme_audio","l1.cme-return.cme-check-pen.directions-0","cat-mat-pen","C, M, E · Play together","cme-return","Mix our words","cme-check-pen","read","Directions, phase 0","Try reading this word.","script-c747b57459bc","","","","recording_needed",""
"programme_audio","l1.cme-return.cme-check-pen.directions-1","cat-mat-pen","C, M, E · Play together","cme-return","Mix our words","cme-check-pen","read","Directions, phase 1","Tap its picture.","script-7cf1de8e870f","","","","recording_needed",""
"programme_audio","l1.cme-return.cme-check-pen.directions-2","cat-mat-pen","C, M, E · Play together","cme-return","Mix our words","cme-check-pen","read","Step success directions","You did it!","script-7f6dd03e6c9e","","","","recording_needed",""
"programme_audio","l1.cme-return.cme-check-pen.retry","cat-mat-pen","C, M, E · Play together","cme-return","Mix our words","cme-check-pen","read","First retry","Let’s have another try.","script-914076714817","","","","recording_needed",""
"programme_audio","l1.cme-return.cme-check-pen.word","cat-mat-pen","C, M, E · Play together","cme-return","Mix our words","cme-check-pen","read","Whole word","pen","script-e21a6b0cb193","","","","recording_needed","Say the whole word naturally. Individual phonemes use the existing sound-<letter> files."
"programme_audio","l1.cme-return.cme-check-pen.meaning","cat-mat-pen","C, M, E · Play together","cme-return","Mix our words","cme-check-pen","read","Word and meaning","pen. A pen","script-d5c61d08faac","","","","recording_needed","The same exact script is used wherever this step explains its meaning."
"programme_audio","l1.cme-return.cme-check-pen.question","cat-mat-pen","C, M, E · Play together","cme-return","Mix our words","cme-check-pen","read","Picture choice instruction","Tap its picture.","script-7cf1de8e870f","","","","recording_needed",""
"programme_audio","l1.cme-return.cme-check-pen.choice-pen","cat-mat-pen","C, M, E · Play together","cme-return","Mix our words","cme-check-pen","read","Picture label on request","A pen","script-ccbb2c748451","pen","","","recording_needed","Heard only when the child asks for this picture label."
"programme_audio","l1.cme-return.cme-check-pen.choice-pin","cat-mat-pen","C, M, E · Play together","cme-return","Mix our words","cme-check-pen","read","Picture label on request","A closed safety pin","script-8c65a736dbe7","pin","","","recording_needed","Heard only when the child asks for this picture label."
"programme_video_model","l1.cme-return.cme-check-pen.model","cat-mat-pen","C, M, E · Play together","cme-return","Mix our words","cme-check-pen","read","Optional teaching model","","","","","","optional_placeholder","Objective: Distinguish short e and short i and retrieve earlier words. A model is shown at phase 0 (if this step has one) and after the step is ready. There is no authored video script or uploaded file implied by this slot."
"programme_audio","l1.cme-return.cme-check-cat.directions-1","cat-mat-pen","C, M, E · Play together","cme-return","Mix our words","cme-check-cat","build","Directions, phase 1","Tap Listen.","script-926dc21c3e05","cat","","","recording_needed",""
"programme_audio","l1.cme-return.cme-check-cat.directions-1-heard","cat-mat-pen","C, M, E · Play together","cme-return","Mix our words","cme-check-cat","build","Response directions, phase 1","Make the word.","script-1069c4a52ede","cat","","","recording_needed","Replayable current-action cue. On first requested sound/spelling playback this precedes the target, keeping the target sound/word last. Replay plays the target alone."
"programme_audio","l1.cme-return.cme-check-cat.directions-2","cat-mat-pen","C, M, E · Play together","cme-return","Mix our words","cme-check-cat","build","Step success directions","You did it!","script-7f6dd03e6c9e","cat","","","recording_needed",""
"programme_audio","l1.cme-return.cme-check-cat.directions-complete","cat-mat-pen","C, M, E · Play together","cme-return","Mix our words","cme-check-cat","build","Activity completion directions","Well done!","script-462164a0645e","cat","","","recording_needed",""
"programme_audio","l1.cme-return.cme-check-cat.retry","cat-mat-pen","C, M, E · Play together","cme-return","Mix our words","cme-check-cat","build","First retry","Let’s have another try.","script-914076714817","cat","","","recording_needed",""
"programme_audio","l1.cme-return.cme-check-cat.word","cat-mat-pen","C, M, E · Play together","cme-return","Mix our words","cme-check-cat","build","Whole word","cat","script-77af778b51ab","cat","","","recording_needed","Say the whole word naturally. Individual phonemes use the existing sound-<letter> files."
"programme_audio","l1.cme-return.cme-check-cat.meaning","cat-mat-pen","C, M, E · Play together","cme-return","Mix our words","cme-check-cat","build","Word and meaning","cat. A cat is an animal with whiskers.","script-56e34c790b40","cat","","","recording_needed","The same exact script is used wherever this step explains its meaning."
"programme_video_model","l1.cme-return.cme-check-cat.model","cat-mat-pen","C, M, E · Play together","cme-return","Mix our words","cme-check-cat","build","Optional teaching model","","","cat","","","optional_placeholder","Objective: Distinguish short e and short i and retrieve earlier words. A model is shown at phase 0 (if this step has one) and after the step is ready. There is no authored video script or uploaded file implied by this slot."
"programme_audio","l1.hrg-meet-h.hrg-meet-h-retrieve.directions-1","hat-rat-pig","H, R, G · A little race","hrg-meet-h","Meet h · hat","hrg-meet-h-retrieve","sound","Directions, phase 1","Tap Listen.","script-926dc21c3e05","","","","recording_needed",""
"programme_audio","l1.hrg-meet-h.hrg-meet-h-retrieve.directions-1-heard","hat-rat-pig","H, R, G · A little race","hrg-meet-h","Meet h · hat","hrg-meet-h-retrieve","sound","Response directions, phase 1","Tap the letter.","script-a00c410a35f6","","","","recording_needed","Replayable current-action cue. On first requested sound/spelling playback this precedes the target, keeping the target sound/word last. Replay plays the target alone."
"programme_audio","l1.hrg-meet-h.hrg-meet-h-retrieve.directions-2","hat-rat-pig","H, R, G · A little race","hrg-meet-h","Meet h · hat","hrg-meet-h-retrieve","sound","Step success directions","You did it!","script-7f6dd03e6c9e","","","","recording_needed",""
"programme_audio","l1.hrg-meet-h.hrg-meet-h-retrieve.retry","hat-rat-pig","H, R, G · A little race","hrg-meet-h","Meet h · hat","hrg-meet-h-retrieve","sound","First retry","Let’s have another try.","script-914076714817","","","","recording_needed",""
"programme_video_model","l1.hrg-meet-h.hrg-meet-h-retrieve.model","hat-rat-pig","H, R, G · A little race","hrg-meet-h","Meet h · hat","hrg-meet-h-retrieve","sound","Optional teaching model","","","","","","optional_placeholder","Objective: Hear h, build hat, and connect its print with its meaning. A model is shown at phase 0 (if this step has one) and after the step is ready. There is no authored video script or uploaded file implied by this slot."
"programme_audio","l1.hrg-meet-h.hrg-meet-h-model.directions-0","hat-rat-pig","H, R, G · A little race","hrg-meet-h","Meet h · hat","hrg-meet-h-model","sound","Directions, phase 0","Tap Listen.","script-926dc21c3e05","","","","recording_needed",""
"programme_audio","l1.hrg-meet-h.hrg-meet-h-model.directions-0-heard","hat-rat-pig","H, R, G · A little race","hrg-meet-h","Meet h · hat","hrg-meet-h-model","sound","Response directions, phase 0","Say the sound.","script-be7daa24b299","","","","recording_needed","Replayable current-action cue. On first requested sound/spelling playback this precedes the target, keeping the target sound/word last. Replay plays the target alone."
"programme_audio","l1.hrg-meet-h.hrg-meet-h-model.directions-1","hat-rat-pig","H, R, G · A little race","hrg-meet-h","Meet h · hat","hrg-meet-h-model","sound","Directions, phase 1","Tap Listen.","script-926dc21c3e05","","","","recording_needed",""
"programme_audio","l1.hrg-meet-h.hrg-meet-h-model.directions-1-heard","hat-rat-pig","H, R, G · A little race","hrg-meet-h","Meet h · hat","hrg-meet-h-model","sound","Response directions, phase 1","Tap the letter.","script-a00c410a35f6","","","","recording_needed","Replayable current-action cue. On first requested sound/spelling playback this precedes the target, keeping the target sound/word last. Replay plays the target alone."
"programme_audio","l1.hrg-meet-h.hrg-meet-h-model.directions-2","hat-rat-pig","H, R, G · A little race","hrg-meet-h","Meet h · hat","hrg-meet-h-model","sound","Step success directions","You did it!","script-7f6dd03e6c9e","","","","recording_needed",""
"programme_audio","l1.hrg-meet-h.hrg-meet-h-model.retry","hat-rat-pig","H, R, G · A little race","hrg-meet-h","Meet h · hat","hrg-meet-h-model","sound","First retry","Let’s have another try.","script-914076714817","","","","recording_needed",""
"programme_video_model","l1.hrg-meet-h.hrg-meet-h-model.model","hat-rat-pig","H, R, G · A little race","hrg-meet-h","Meet h · hat","hrg-meet-h-model","sound","Optional teaching model","","","","","","optional_placeholder","Objective: Hear h, build hat, and connect its print with its meaning. A model is shown at phase 0 (if this step has one) and after the step is ready. There is no authored video script or uploaded file implied by this slot."
"programme_audio","l1.hrg-meet-h.hrg-meet-h-build.directions-0","hat-rat-pig","H, R, G · A little race","hrg-meet-h","Meet h · hat","hrg-meet-h-build","build","Directions, phase 0","Tap Listen.","script-926dc21c3e05","hat","","","recording_needed",""
"programme_audio","l1.hrg-meet-h.hrg-meet-h-build.directions-0-heard","hat-rat-pig","H, R, G · A little race","hrg-meet-h","Meet h · hat","hrg-meet-h-build","build","Response directions, phase 0","Say the word.","script-e33bc428e31b","hat","","","recording_needed","Replayable current-action cue. On first requested sound/spelling playback this precedes the target, keeping the target sound/word last. Replay plays the target alone."
"programme_audio","l1.hrg-meet-h.hrg-meet-h-build.directions-1","hat-rat-pig","H, R, G · A little race","hrg-meet-h","Meet h · hat","hrg-meet-h-build","build","Directions, phase 1","Tap Listen.","script-926dc21c3e05","hat","","","recording_needed",""
"programme_audio","l1.hrg-meet-h.hrg-meet-h-build.directions-1-heard","hat-rat-pig","H, R, G · A little race","hrg-meet-h","Meet h · hat","hrg-meet-h-build","build","Response directions, phase 1","Make the word.","script-1069c4a52ede","hat","","","recording_needed","Replayable current-action cue. On first requested sound/spelling playback this precedes the target, keeping the target sound/word last. Replay plays the target alone."
"programme_audio","l1.hrg-meet-h.hrg-meet-h-build.directions-2","hat-rat-pig","H, R, G · A little race","hrg-meet-h","Meet h · hat","hrg-meet-h-build","build","Step success directions","You did it!","script-7f6dd03e6c9e","hat","","","recording_needed",""
"programme_audio","l1.hrg-meet-h.hrg-meet-h-build.retry","hat-rat-pig","H, R, G · A little race","hrg-meet-h","Meet h · hat","hrg-meet-h-build","build","First retry","Let’s have another try.","script-914076714817","hat","","","recording_needed",""
"programme_audio","l1.hrg-meet-h.hrg-meet-h-build.word","hat-rat-pig","H, R, G · A little race","hrg-meet-h","Meet h · hat","hrg-meet-h-build","build","Whole word","hat","script-18e1dd392168","hat","","","recording_needed","Say the whole word naturally. Individual phonemes use the existing sound-<letter> files."
"programme_audio","l1.hrg-meet-h.hrg-meet-h-build.meaning","hat-rat-pig","H, R, G · A little race","hrg-meet-h","Meet h · hat","hrg-meet-h-build","build","Word and meaning","hat. A hat goes on your head.","script-b3ae91cae884","hat","","","recording_needed","The same exact script is used wherever this step explains its meaning."
"programme_video_model","l1.hrg-meet-h.hrg-meet-h-build.model","hat-rat-pig","H, R, G · A little race","hrg-meet-h","Meet h · hat","hrg-meet-h-build","build","Optional teaching model","","","hat","","","optional_placeholder","Objective: Hear h, build hat, and connect its print with its meaning. A model is shown at phase 0 (if this step has one) and after the step is ready. There is no authored video script or uploaded file implied by this slot."
"programme_audio","l1.hrg-meet-h.hrg-meet-h-read.directions-0","hat-rat-pig","H, R, G · A little race","hrg-meet-h","Meet h · hat","hrg-meet-h-read","read","Directions, phase 0","Try reading this word.","script-c747b57459bc","","","","recording_needed",""
"programme_audio","l1.hrg-meet-h.hrg-meet-h-read.directions-1","hat-rat-pig","H, R, G · A little race","hrg-meet-h","Meet h · hat","hrg-meet-h-read","read","Directions, phase 1","Tap its picture.","script-7cf1de8e870f","","","","recording_needed",""
"programme_audio","l1.hrg-meet-h.hrg-meet-h-read.directions-2","hat-rat-pig","H, R, G · A little race","hrg-meet-h","Meet h · hat","hrg-meet-h-read","read","Step success directions","You did it!","script-7f6dd03e6c9e","","","","recording_needed",""
"programme_audio","l1.hrg-meet-h.hrg-meet-h-read.directions-complete","hat-rat-pig","H, R, G · A little race","hrg-meet-h","Meet h · hat","hrg-meet-h-read","read","Activity completion directions","Well done!","script-462164a0645e","","","","recording_needed",""
"programme_audio","l1.hrg-meet-h.hrg-meet-h-read.retry","hat-rat-pig","H, R, G · A little race","hrg-meet-h","Meet h · hat","hrg-meet-h-read","read","First retry","Let’s have another try.","script-914076714817","","","","recording_needed",""
"programme_audio","l1.hrg-meet-h.hrg-meet-h-read.word","hat-rat-pig","H, R, G · A little race","hrg-meet-h","Meet h · hat","hrg-meet-h-read","read","Whole word","hat","script-18e1dd392168","","","","recording_needed","Say the whole word naturally. Individual phonemes use the existing sound-<letter> files."
"programme_audio","l1.hrg-meet-h.hrg-meet-h-read.meaning","hat-rat-pig","H, R, G · A little race","hrg-meet-h","Meet h · hat","hrg-meet-h-read","read","Word and meaning","hat. A hat goes on your head.","script-b3ae91cae884","","","","recording_needed","The same exact script is used wherever this step explains its meaning."
"programme_audio","l1.hrg-meet-h.hrg-meet-h-read.question","hat-rat-pig","H, R, G · A little race","hrg-meet-h","Meet h · hat","hrg-meet-h-read","read","Picture choice instruction","Tap its picture.","script-7cf1de8e870f","","","","recording_needed",""
"programme_audio","l1.hrg-meet-h.hrg-meet-h-read.choice-hat","hat-rat-pig","H, R, G · A little race","hrg-meet-h","Meet h · hat","hrg-meet-h-read","read","Picture label on request","A hat goes on your head.","script-0128371456ae","hat","","","recording_needed","Heard only when the child asks for this picture label."
"programme_audio","l1.hrg-meet-h.hrg-meet-h-read.choice-mat","hat-rat-pig","H, R, G · A little race","hrg-meet-h","Meet h · hat","hrg-meet-h-read","read","Picture label on request","A mat","script-9c1d37e0b9b2","mat","","","recording_needed","Heard only when the child asks for this picture label."
"programme_video_model","l1.hrg-meet-h.hrg-meet-h-read.model","hat-rat-pig","H, R, G · A little race","hrg-meet-h","Meet h · hat","hrg-meet-h-read","read","Optional teaching model","","","","","","optional_placeholder","Objective: Hear h, build hat, and connect its print with its meaning. A model is shown at phase 0 (if this step has one) and after the step is ready. There is no authored video script or uploaded file implied by this slot."
"programme_audio","l1.hrg-meet-r.hrg-meet-r-retrieve.directions-1","hat-rat-pig","H, R, G · A little race","hrg-meet-r","Meet r · rat","hrg-meet-r-retrieve","sound","Directions, phase 1","Tap Listen.","script-926dc21c3e05","","","","recording_needed",""
"programme_audio","l1.hrg-meet-r.hrg-meet-r-retrieve.directions-1-heard","hat-rat-pig","H, R, G · A little race","hrg-meet-r","Meet r · rat","hrg-meet-r-retrieve","sound","Response directions, phase 1","Tap the letter.","script-a00c410a35f6","","","","recording_needed","Replayable current-action cue. On first requested sound/spelling playback this precedes the target, keeping the target sound/word last. Replay plays the target alone."
"programme_audio","l1.hrg-meet-r.hrg-meet-r-retrieve.directions-2","hat-rat-pig","H, R, G · A little race","hrg-meet-r","Meet r · rat","hrg-meet-r-retrieve","sound","Step success directions","You did it!","script-7f6dd03e6c9e","","","","recording_needed",""
"programme_audio","l1.hrg-meet-r.hrg-meet-r-retrieve.retry","hat-rat-pig","H, R, G · A little race","hrg-meet-r","Meet r · rat","hrg-meet-r-retrieve","sound","First retry","Let’s have another try.","script-914076714817","","","","recording_needed",""
"programme_video_model","l1.hrg-meet-r.hrg-meet-r-retrieve.model","hat-rat-pig","H, R, G · A little race","hrg-meet-r","Meet r · rat","hrg-meet-r-retrieve","sound","Optional teaching model","","","","","","optional_placeholder","Objective: Hear r, build rat, and connect its print with its meaning. A model is shown at phase 0 (if this step has one) and after the step is ready. There is no authored video script or uploaded file implied by this slot."
"programme_audio","l1.hrg-meet-r.hrg-meet-r-model.directions-0","hat-rat-pig","H, R, G · A little race","hrg-meet-r","Meet r · rat","hrg-meet-r-model","sound","Directions, phase 0","Tap Listen.","script-926dc21c3e05","","","","recording_needed",""
"programme_audio","l1.hrg-meet-r.hrg-meet-r-model.directions-0-heard","hat-rat-pig","H, R, G · A little race","hrg-meet-r","Meet r · rat","hrg-meet-r-model","sound","Response directions, phase 0","Say the sound.","script-be7daa24b299","","","","recording_needed","Replayable current-action cue. On first requested sound/spelling playback this precedes the target, keeping the target sound/word last. Replay plays the target alone."
"programme_audio","l1.hrg-meet-r.hrg-meet-r-model.directions-1","hat-rat-pig","H, R, G · A little race","hrg-meet-r","Meet r · rat","hrg-meet-r-model","sound","Directions, phase 1","Tap Listen.","script-926dc21c3e05","","","","recording_needed",""
"programme_audio","l1.hrg-meet-r.hrg-meet-r-model.directions-1-heard","hat-rat-pig","H, R, G · A little race","hrg-meet-r","Meet r · rat","hrg-meet-r-model","sound","Response directions, phase 1","Tap the letter.","script-a00c410a35f6","","","","recording_needed","Replayable current-action cue. On first requested sound/spelling playback this precedes the target, keeping the target sound/word last. Replay plays the target alone."
"programme_audio","l1.hrg-meet-r.hrg-meet-r-model.directions-2","hat-rat-pig","H, R, G · A little race","hrg-meet-r","Meet r · rat","hrg-meet-r-model","sound","Step success directions","You did it!","script-7f6dd03e6c9e","","","","recording_needed",""
"programme_audio","l1.hrg-meet-r.hrg-meet-r-model.retry","hat-rat-pig","H, R, G · A little race","hrg-meet-r","Meet r · rat","hrg-meet-r-model","sound","First retry","Let’s have another try.","script-914076714817","","","","recording_needed",""
"programme_video_model","l1.hrg-meet-r.hrg-meet-r-model.model","hat-rat-pig","H, R, G · A little race","hrg-meet-r","Meet r · rat","hrg-meet-r-model","sound","Optional teaching model","","","","","","optional_placeholder","Objective: Hear r, build rat, and connect its print with its meaning. A model is shown at phase 0 (if this step has one) and after the step is ready. There is no authored video script or uploaded file implied by this slot."
"programme_audio","l1.hrg-meet-r.hrg-meet-r-build.directions-0","hat-rat-pig","H, R, G · A little race","hrg-meet-r","Meet r · rat","hrg-meet-r-build","build","Directions, phase 0","Tap Listen.","script-926dc21c3e05","rat","","","recording_needed",""
"programme_audio","l1.hrg-meet-r.hrg-meet-r-build.directions-0-heard","hat-rat-pig","H, R, G · A little race","hrg-meet-r","Meet r · rat","hrg-meet-r-build","build","Response directions, phase 0","Say the word.","script-e33bc428e31b","rat","","","recording_needed","Replayable current-action cue. On first requested sound/spelling playback this precedes the target, keeping the target sound/word last. Replay plays the target alone."
"programme_audio","l1.hrg-meet-r.hrg-meet-r-build.directions-1","hat-rat-pig","H, R, G · A little race","hrg-meet-r","Meet r · rat","hrg-meet-r-build","build","Directions, phase 1","Tap Listen.","script-926dc21c3e05","rat","","","recording_needed",""
"programme_audio","l1.hrg-meet-r.hrg-meet-r-build.directions-1-heard","hat-rat-pig","H, R, G · A little race","hrg-meet-r","Meet r · rat","hrg-meet-r-build","build","Response directions, phase 1","Make the word.","script-1069c4a52ede","rat","","","recording_needed","Replayable current-action cue. On first requested sound/spelling playback this precedes the target, keeping the target sound/word last. Replay plays the target alone."
"programme_audio","l1.hrg-meet-r.hrg-meet-r-build.directions-2","hat-rat-pig","H, R, G · A little race","hrg-meet-r","Meet r · rat","hrg-meet-r-build","build","Step success directions","You did it!","script-7f6dd03e6c9e","rat","","","recording_needed",""
"programme_audio","l1.hrg-meet-r.hrg-meet-r-build.retry","hat-rat-pig","H, R, G · A little race","hrg-meet-r","Meet r · rat","hrg-meet-r-build","build","First retry","Let’s have another try.","script-914076714817","rat","","","recording_needed",""
"programme_audio","l1.hrg-meet-r.hrg-meet-r-build.word","hat-rat-pig","H, R, G · A little race","hrg-meet-r","Meet r · rat","hrg-meet-r-build","build","Whole word","rat","script-9950cec246ec","rat","","","recording_needed","Say the whole word naturally. Individual phonemes use the existing sound-<letter> files."
"programme_audio","l1.hrg-meet-r.hrg-meet-r-build.meaning","hat-rat-pig","H, R, G · A little race","hrg-meet-r","Meet r · rat","hrg-meet-r-build","build","Word and meaning","rat. A rat is a small animal with a long tail.","script-421fdca38a88","rat","","","recording_needed","The same exact script is used wherever this step explains its meaning."
"programme_video_model","l1.hrg-meet-r.hrg-meet-r-build.model","hat-rat-pig","H, R, G · A little race","hrg-meet-r","Meet r · rat","hrg-meet-r-build","build","Optional teaching model","","","rat","","","optional_placeholder","Objective: Hear r, build rat, and connect its print with its meaning. A model is shown at phase 0 (if this step has one) and after the step is ready. There is no authored video script or uploaded file implied by this slot."
"programme_audio","l1.hrg-meet-r.hrg-meet-r-read.directions-0","hat-rat-pig","H, R, G · A little race","hrg-meet-r","Meet r · rat","hrg-meet-r-read","read","Directions, phase 0","Try reading this word.","script-c747b57459bc","","","","recording_needed",""
"programme_audio","l1.hrg-meet-r.hrg-meet-r-read.directions-1","hat-rat-pig","H, R, G · A little race","hrg-meet-r","Meet r · rat","hrg-meet-r-read","read","Directions, phase 1","Tap its picture.","script-7cf1de8e870f","","","","recording_needed",""
"programme_audio","l1.hrg-meet-r.hrg-meet-r-read.directions-2","hat-rat-pig","H, R, G · A little race","hrg-meet-r","Meet r · rat","hrg-meet-r-read","read","Step success directions","You did it!","script-7f6dd03e6c9e","","","","recording_needed",""
"programme_audio","l1.hrg-meet-r.hrg-meet-r-read.directions-complete","hat-rat-pig","H, R, G · A little race","hrg-meet-r","Meet r · rat","hrg-meet-r-read","read","Activity completion directions","Well done!","script-462164a0645e","","","","recording_needed",""
"programme_audio","l1.hrg-meet-r.hrg-meet-r-read.retry","hat-rat-pig","H, R, G · A little race","hrg-meet-r","Meet r · rat","hrg-meet-r-read","read","First retry","Let’s have another try.","script-914076714817","","","","recording_needed",""
"programme_audio","l1.hrg-meet-r.hrg-meet-r-read.word","hat-rat-pig","H, R, G · A little race","hrg-meet-r","Meet r · rat","hrg-meet-r-read","read","Whole word","rat","script-9950cec246ec","","","","recording_needed","Say the whole word naturally. Individual phonemes use the existing sound-<letter> files."
"programme_audio","l1.hrg-meet-r.hrg-meet-r-read.meaning","hat-rat-pig","H, R, G · A little race","hrg-meet-r","Meet r · rat","hrg-meet-r-read","read","Word and meaning","rat. A rat is a small animal with a long tail.","script-421fdca38a88","","","","recording_needed","The same exact script is used wherever this step explains its meaning."
"programme_audio","l1.hrg-meet-r.hrg-meet-r-read.question","hat-rat-pig","H, R, G · A little race","hrg-meet-r","Meet r · rat","hrg-meet-r-read","read","Picture choice instruction","Tap its picture.","script-7cf1de8e870f","","","","recording_needed",""
"programme_audio","l1.hrg-meet-r.hrg-meet-r-read.choice-rat","hat-rat-pig","H, R, G · A little race","hrg-meet-r","Meet r · rat","hrg-meet-r-read","read","Picture label on request","A rat is a small animal with a long tail.","script-4d28221cd7b9","rat","","","recording_needed","Heard only when the child asks for this picture label."
"programme_audio","l1.hrg-meet-r.hrg-meet-r-read.choice-cat","hat-rat-pig","H, R, G · A little race","hrg-meet-r","Meet r · rat","hrg-meet-r-read","read","Picture label on request","A cat","script-a7a8377f6368","cat","","","recording_needed","Heard only when the child asks for this picture label."
"programme_video_model","l1.hrg-meet-r.hrg-meet-r-read.model","hat-rat-pig","H, R, G · A little race","hrg-meet-r","Meet r · rat","hrg-meet-r-read","read","Optional teaching model","","","","","","optional_placeholder","Objective: Hear r, build rat, and connect its print with its meaning. A model is shown at phase 0 (if this step has one) and after the step is ready. There is no authored video script or uploaded file implied by this slot."
"programme_audio","l1.hrg-meet-g.hrg-meet-g-retrieve.directions-1","hat-rat-pig","H, R, G · A little race","hrg-meet-g","Meet g · pig","hrg-meet-g-retrieve","sound","Directions, phase 1","Tap Listen.","script-926dc21c3e05","","","","recording_needed",""
"programme_audio","l1.hrg-meet-g.hrg-meet-g-retrieve.directions-1-heard","hat-rat-pig","H, R, G · A little race","hrg-meet-g","Meet g · pig","hrg-meet-g-retrieve","sound","Response directions, phase 1","Tap the letter.","script-a00c410a35f6","","","","recording_needed","Replayable current-action cue. On first requested sound/spelling playback this precedes the target, keeping the target sound/word last. Replay plays the target alone."
"programme_audio","l1.hrg-meet-g.hrg-meet-g-retrieve.directions-2","hat-rat-pig","H, R, G · A little race","hrg-meet-g","Meet g · pig","hrg-meet-g-retrieve","sound","Step success directions","You did it!","script-7f6dd03e6c9e","","","","recording_needed",""
"programme_audio","l1.hrg-meet-g.hrg-meet-g-retrieve.retry","hat-rat-pig","H, R, G · A little race","hrg-meet-g","Meet g · pig","hrg-meet-g-retrieve","sound","First retry","Let’s have another try.","script-914076714817","","","","recording_needed",""
"programme_video_model","l1.hrg-meet-g.hrg-meet-g-retrieve.model","hat-rat-pig","H, R, G · A little race","hrg-meet-g","Meet g · pig","hrg-meet-g-retrieve","sound","Optional teaching model","","","","","","optional_placeholder","Objective: Hear g, build pig, and connect its print with its meaning. A model is shown at phase 0 (if this step has one) and after the step is ready. There is no authored video script or uploaded file implied by this slot."
"programme_audio","l1.hrg-meet-g.hrg-meet-g-model.directions-0","hat-rat-pig","H, R, G · A little race","hrg-meet-g","Meet g · pig","hrg-meet-g-model","sound","Directions, phase 0","Tap Listen.","script-926dc21c3e05","","","","recording_needed",""
"programme_audio","l1.hrg-meet-g.hrg-meet-g-model.directions-0-heard","hat-rat-pig","H, R, G · A little race","hrg-meet-g","Meet g · pig","hrg-meet-g-model","sound","Response directions, phase 0","Say the sound.","script-be7daa24b299","","","","recording_needed","Replayable current-action cue. On first requested sound/spelling playback this precedes the target, keeping the target sound/word last. Replay plays the target alone."
"programme_audio","l1.hrg-meet-g.hrg-meet-g-model.directions-1","hat-rat-pig","H, R, G · A little race","hrg-meet-g","Meet g · pig","hrg-meet-g-model","sound","Directions, phase 1","Tap Listen.","script-926dc21c3e05","","","","recording_needed",""
"programme_audio","l1.hrg-meet-g.hrg-meet-g-model.directions-1-heard","hat-rat-pig","H, R, G · A little race","hrg-meet-g","Meet g · pig","hrg-meet-g-model","sound","Response directions, phase 1","Tap the letter.","script-a00c410a35f6","","","","recording_needed","Replayable current-action cue. On first requested sound/spelling playback this precedes the target, keeping the target sound/word last. Replay plays the target alone."
"programme_audio","l1.hrg-meet-g.hrg-meet-g-model.directions-2","hat-rat-pig","H, R, G · A little race","hrg-meet-g","Meet g · pig","hrg-meet-g-model","sound","Step success directions","You did it!","script-7f6dd03e6c9e","","","","recording_needed",""
"programme_audio","l1.hrg-meet-g.hrg-meet-g-model.retry","hat-rat-pig","H, R, G · A little race","hrg-meet-g","Meet g · pig","hrg-meet-g-model","sound","First retry","Let’s have another try.","script-914076714817","","","","recording_needed",""
"programme_video_model","l1.hrg-meet-g.hrg-meet-g-model.model","hat-rat-pig","H, R, G · A little race","hrg-meet-g","Meet g · pig","hrg-meet-g-model","sound","Optional teaching model","","","","","","optional_placeholder","Objective: Hear g, build pig, and connect its print with its meaning. A model is shown at phase 0 (if this step has one) and after the step is ready. There is no authored video script or uploaded file implied by this slot."
"programme_audio","l1.hrg-meet-g.hrg-meet-g-build.directions-0","hat-rat-pig","H, R, G · A little race","hrg-meet-g","Meet g · pig","hrg-meet-g-build","build","Directions, phase 0","Tap Listen.","script-926dc21c3e05","pig","","","recording_needed",""
"programme_audio","l1.hrg-meet-g.hrg-meet-g-build.directions-0-heard","hat-rat-pig","H, R, G · A little race","hrg-meet-g","Meet g · pig","hrg-meet-g-build","build","Response directions, phase 0","Say the word.","script-e33bc428e31b","pig","","","recording_needed","Replayable current-action cue. On first requested sound/spelling playback this precedes the target, keeping the target sound/word last. Replay plays the target alone."
"programme_audio","l1.hrg-meet-g.hrg-meet-g-build.directions-1","hat-rat-pig","H, R, G · A little race","hrg-meet-g","Meet g · pig","hrg-meet-g-build","build","Directions, phase 1","Tap Listen.","script-926dc21c3e05","pig","","","recording_needed",""
"programme_audio","l1.hrg-meet-g.hrg-meet-g-build.directions-1-heard","hat-rat-pig","H, R, G · A little race","hrg-meet-g","Meet g · pig","hrg-meet-g-build","build","Response directions, phase 1","Make the word.","script-1069c4a52ede","pig","","","recording_needed","Replayable current-action cue. On first requested sound/spelling playback this precedes the target, keeping the target sound/word last. Replay plays the target alone."
"programme_audio","l1.hrg-meet-g.hrg-meet-g-build.directions-2","hat-rat-pig","H, R, G · A little race","hrg-meet-g","Meet g · pig","hrg-meet-g-build","build","Step success directions","You did it!","script-7f6dd03e6c9e","pig","","","recording_needed",""
"programme_audio","l1.hrg-meet-g.hrg-meet-g-build.retry","hat-rat-pig","H, R, G · A little race","hrg-meet-g","Meet g · pig","hrg-meet-g-build","build","First retry","Let’s have another try.","script-914076714817","pig","","","recording_needed",""
"programme_audio","l1.hrg-meet-g.hrg-meet-g-build.word","hat-rat-pig","H, R, G · A little race","hrg-meet-g","Meet g · pig","hrg-meet-g-build","build","Whole word","pig","script-f0b8c9d84dd2","pig","","","recording_needed","Say the whole word naturally. Individual phonemes use the existing sound-<letter> files."
"programme_audio","l1.hrg-meet-g.hrg-meet-g-build.meaning","hat-rat-pig","H, R, G · A little race","hrg-meet-g","Meet g · pig","hrg-meet-g-build","build","Word and meaning","pig. A pig is an animal with a rounded snout.","script-8910181a2e43","pig","","","recording_needed","The same exact script is used wherever this step explains its meaning."
"programme_video_model","l1.hrg-meet-g.hrg-meet-g-build.model","hat-rat-pig","H, R, G · A little race","hrg-meet-g","Meet g · pig","hrg-meet-g-build","build","Optional teaching model","","","pig","","","optional_placeholder","Objective: Hear g, build pig, and connect its print with its meaning. A model is shown at phase 0 (if this step has one) and after the step is ready. There is no authored video script or uploaded file implied by this slot."
"programme_audio","l1.hrg-meet-g.hrg-meet-g-read.directions-0","hat-rat-pig","H, R, G · A little race","hrg-meet-g","Meet g · pig","hrg-meet-g-read","read","Directions, phase 0","Try reading this word.","script-c747b57459bc","","","","recording_needed",""
"programme_audio","l1.hrg-meet-g.hrg-meet-g-read.directions-1","hat-rat-pig","H, R, G · A little race","hrg-meet-g","Meet g · pig","hrg-meet-g-read","read","Directions, phase 1","Tap its picture.","script-7cf1de8e870f","","","","recording_needed",""
"programme_audio","l1.hrg-meet-g.hrg-meet-g-read.directions-2","hat-rat-pig","H, R, G · A little race","hrg-meet-g","Meet g · pig","hrg-meet-g-read","read","Step success directions","You did it!","script-7f6dd03e6c9e","","","","recording_needed",""
"programme_audio","l1.hrg-meet-g.hrg-meet-g-read.directions-complete","hat-rat-pig","H, R, G · A little race","hrg-meet-g","Meet g · pig","hrg-meet-g-read","read","Activity completion directions","Well done!","script-462164a0645e","","","","recording_needed",""
"programme_audio","l1.hrg-meet-g.hrg-meet-g-read.retry","hat-rat-pig","H, R, G · A little race","hrg-meet-g","Meet g · pig","hrg-meet-g-read","read","First retry","Let’s have another try.","script-914076714817","","","","recording_needed",""
"programme_audio","l1.hrg-meet-g.hrg-meet-g-read.word","hat-rat-pig","H, R, G · A little race","hrg-meet-g","Meet g · pig","hrg-meet-g-read","read","Whole word","pig","script-f0b8c9d84dd2","","","","recording_needed","Say the whole word naturally. Individual phonemes use the existing sound-<letter> files."
"programme_audio","l1.hrg-meet-g.hrg-meet-g-read.meaning","hat-rat-pig","H, R, G · A little race","hrg-meet-g","Meet g · pig","hrg-meet-g-read","read","Word and meaning","pig. A pig is an animal with a rounded snout.","script-8910181a2e43","","","","recording_needed","The same exact script is used wherever this step explains its meaning."
"programme_audio","l1.hrg-meet-g.hrg-meet-g-read.question","hat-rat-pig","H, R, G · A little race","hrg-meet-g","Meet g · pig","hrg-meet-g-read","read","Picture choice instruction","Tap its picture.","script-7cf1de8e870f","","","","recording_needed",""
"programme_audio","l1.hrg-meet-g.hrg-meet-g-read.choice-pig","hat-rat-pig","H, R, G · A little race","hrg-meet-g","Meet g · pig","hrg-meet-g-read","read","Picture label on request","A pig is an animal with a rounded snout.","script-4de383a3ccfd","pig","","","recording_needed","Heard only when the child asks for this picture label."
"programme_audio","l1.hrg-meet-g.hrg-meet-g-read.choice-pin","hat-rat-pig","H, R, G · A little race","hrg-meet-g","Meet g · pig","hrg-meet-g-read","read","Picture label on request","A closed safety pin","script-8c65a736dbe7","pin","","","recording_needed","Heard only when the child asks for this picture label."
"programme_video_model","l1.hrg-meet-g.hrg-meet-g-read.model","hat-rat-pig","H, R, G · A little race","hrg-meet-g","Meet g · pig","hrg-meet-g-read","read","Optional teaching model","","","","","","optional_placeholder","Objective: Hear g, build pig, and connect its print with its meaning. A model is shown at phase 0 (if this step has one) and after the step is ready. There is no authored video script or uploaded file implied by this slot."
"programme_audio","l1.hrg-race-book.hrg-race-listen.directions-0","hat-rat-pig","H, R, G · A little race","hrg-race-book","Run and rest","hrg-race-listen","listen","Directions, phase 0","Tap Listen.","script-926dc21c3e05","sam-ran","","","recording_needed",""
"programme_audio","l1.hrg-race-book.hrg-race-listen.directions-0-heard","hat-rat-pig","H, R, G · A little race","hrg-race-book","Run and rest","hrg-race-listen","listen","Response directions, phase 0","Let’s see what happened.","script-91903b42e456","sam-ran","","","recording_needed","Replayable current-action cue. On first requested sound/spelling playback this precedes the target, keeping the target sound/word last. Replay plays the target alone."
"programme_audio","l1.hrg-race-book.hrg-race-listen.directions-1","hat-rat-pig","H, R, G · A little race","hrg-race-book","Run and rest","hrg-race-listen","listen","Directions, phase 1","Who sat down to rest?","script-e37875945894","sam-ran","","","recording_needed",""
"programme_audio","l1.hrg-race-book.hrg-race-listen.directions-1-heard","hat-rat-pig","H, R, G · A little race","hrg-race-book","Run and rest","hrg-race-listen","listen","Response directions, phase 1","Who sat down to rest?","script-e37875945894","sam-ran","","","recording_needed","Replayable current-action cue. On first requested sound/spelling playback this precedes the target, keeping the target sound/word last. Replay plays the target alone."
"programme_audio","l1.hrg-race-book.hrg-race-listen.directions-2","hat-rat-pig","H, R, G · A little race","hrg-race-book","Run and rest","hrg-race-listen","listen","Step success directions","You did it!","script-7f6dd03e6c9e","sam-ran","","","recording_needed",""
"programme_audio","l1.hrg-race-book.hrg-race-listen.retry","hat-rat-pig","H, R, G · A little race","hrg-race-book","Run and rest","hrg-race-listen","listen","First retry","Let’s have another try.","script-914076714817","sam-ran","","","recording_needed",""
"programme_audio","l1.hrg-race-book.hrg-race-listen.story","hat-rat-pig","H, R, G · A little race","hrg-race-book","Run and rest","hrg-race-listen","listen","Narrated story","Meet Sam, Pat’s friend. Sam ran across the grass. Pat ran after him. Sam felt tired, so he sat on a mat. Ran tells us about running that happened. Sat tells us about sitting that happened. You can tell or show what Sam did first, and what he did last.","script-7985c36a4b69","sam-ran","","","recording_needed",""
"programme_audio","l1.hrg-race-book.hrg-race-listen.question","hat-rat-pig","H, R, G · A little race","hrg-race-book","Run and rest","hrg-race-listen","listen","Listening question","Who sat down to rest?","script-e37875945894","sam-ran","","","recording_needed",""
"programme_audio","l1.hrg-race-book.hrg-race-listen.choice-sam","hat-rat-pig","H, R, G · A little race","hrg-race-book","Run and rest","hrg-race-listen","listen","Picture label on request","Sam","script-4ecde249d747","sam-sat","","","recording_needed","Heard only when the child asks for this picture label."
"programme_audio","l1.hrg-race-book.hrg-race-listen.choice-pat","hat-rat-pig","H, R, G · A little race","hrg-race-book","Run and rest","hrg-race-listen","listen","Picture label on request","Pat","script-b1cbff209280","pat-ran","","","recording_needed","Heard only when the child asks for this picture label."
"programme_video_model","l1.hrg-race-book.hrg-race-listen.model","hat-rat-pig","H, R, G · A little race","hrg-race-book","Run and rest","hrg-race-listen","listen","Optional teaching model","","","sam-ran","","","optional_placeholder","Objective: Track who does an action and understand ran and sat as past events. A model is shown at phase 0 (if this step has one) and after the step is ready. There is no authored video script or uploaded file implied by this slot."
"programme_audio","l1.hrg-race-book.hrg-race-read.cover.directions-0","hat-rat-pig","H, R, G · A little race","hrg-race-book","Run and rest","hrg-race-read.cover","book-cover","Directions, phase 0","Tap Listen.","script-926dc21c3e05","","","","recording_needed",""
"programme_audio","l1.hrg-race-book.hrg-race-read.cover.directions-0-heard","hat-rat-pig","H, R, G · A little race","hrg-race-book","Run and rest","hrg-race-read.cover","book-cover","Response directions, phase 0","Ready for the next part?","script-77a9094a81f0","","","","recording_needed","Replayable current-action cue. On first requested sound/spelling playback this precedes the target, keeping the target sound/word last. Replay plays the target alone."
"programme_audio","l1.hrg-race-book.hrg-race-read.cover.directions-1","hat-rat-pig","H, R, G · A little race","hrg-race-book","Run and rest","hrg-race-read.cover","book-cover","Step success directions","You did it!","script-7f6dd03e6c9e","","","","recording_needed",""
"programme_audio","l1.hrg-race-book.hrg-race-read.cover.prepare-0","hat-rat-pig","H, R, G · A little race","hrg-race-book","Run and rest","hrg-race-read.cover","book-cover","Book vocabulary or character preparation","Sam","script-4ecde249d747","sam-sat","","","recording_needed","One tap-paced card at a time. Next advances only after this part is heard or read together. No joined convention monologue."
"programme_audio","l1.hrg-race-book.hrg-race-read.cover.prepare-1","hat-rat-pig","H, R, G · A little race","hrg-race-book","Run and rest","hrg-race-read.cover","book-cover","Book vocabulary or character preparation","ran","script-c8fc6bf296fa","sam-ran","","","recording_needed","One tap-paced card at a time. Next advances only after this part is heard or read together. No joined convention monologue."
"programme_audio","l1.hrg-race-book.hrg-race-read.cover.convention-0","hat-rat-pig","H, R, G · A little race","hrg-race-book","Run and rest","hrg-race-read.cover","book-cover","Book preparation model","Sam starts with big S. Big S and small s go together.","script-70d6d5497a6a","","","","recording_needed","One tap-paced card at a time. Next advances only after this part is heard or read together. No joined convention monologue."
"programme_audio","l1.hrg-race-book.hrg-race-read.cover.convention-1","hat-rat-pig","H, R, G · A little race","hrg-race-book","Run and rest","hrg-race-read.cover","book-cover","Book preparation model","Sam ran. That tells us about running that happened.","script-49487dc4f5ba","","","","recording_needed","One tap-paced card at a time. Next advances only after this part is heard or read together. No joined convention monologue."
"programme_audio","l1.hrg-race-book.hrg-race-read.cover.convention-2","hat-rat-pig","H, R, G · A little race","hrg-race-book","Run and rest","hrg-race-read.cover","book-cover","Book preparation model","Sam sat. That tells us about sitting that happened.","script-661374321d62","","","","recording_needed","One tap-paced card at a time. Next advances only after this part is heard or read together. No joined convention monologue."
"programme_video_model","l1.hrg-race-book.hrg-race-read.cover.model","hat-rat-pig","H, R, G · A little race","hrg-race-book","Run and rest","hrg-race-read.cover","book-cover","Optional teaching model","","","","","","optional_placeholder","Objective: Track who does an action and understand ran and sat as past events. A model is shown at phase 0 (if this step has one) and after the step is ready. There is no authored video script or uploaded file implied by this slot."
"programme_audio","l1.hrg-race-book.hrg-race-read.sam-ran.directions-0","hat-rat-pig","H, R, G · A little race","hrg-race-book","Run and rest","hrg-race-read.sam-ran","page","Directions, phase 0","Your turn to read.","script-628afdc4429d","sam-ran","","","recording_needed",""
"programme_audio","l1.hrg-race-book.hrg-race-read.sam-ran.directions-1","hat-rat-pig","H, R, G · A little race","hrg-race-book","Run and rest","hrg-race-read.sam-ran","page","Directions, phase 1","See the story.","script-c0a5efc3c898","sam-ran","","","recording_needed",""
"programme_audio","l1.hrg-race-book.hrg-race-read.sam-ran.directions-2","hat-rat-pig","H, R, G · A little race","hrg-race-book","Run and rest","hrg-race-read.sam-ran","page","Step success directions","You did it!","script-7f6dd03e6c9e","sam-ran","","","recording_needed",""
"programme_audio","l1.hrg-race-book.hrg-race-read.sam-ran.page","hat-rat-pig","H, R, G · A little race","hrg-race-book","Run and rest","hrg-race-read.sam-ran","page","Read the complete page","Sam ran.","script-47dcc338ce35","sam-ran","","","recording_needed","Preserve the sentence punctuation and phrasing."
"programme_audio","l1.hrg-race-book.hrg-race-read.sam-ran.word-0","hat-rat-pig","H, R, G · A little race","hrg-race-book","Run and rest","hrg-race-read.sam-ran","page","Tapped page word","Sam","script-4ecde249d747","sam-ran","","","recording_needed","Index and text exactly match the on-screen space-separated token, including its punctuation."
"programme_audio","l1.hrg-race-book.hrg-race-read.sam-ran.word-1","hat-rat-pig","H, R, G · A little race","hrg-race-book","Run and rest","hrg-race-read.sam-ran","page","Tapped page word","ran.","script-3d3d5a91b906","sam-ran","","","recording_needed","Index and text exactly match the on-screen space-separated token, including its punctuation."
"programme_video_model","l1.hrg-race-book.hrg-race-read.sam-ran.model","hat-rat-pig","H, R, G · A little race","hrg-race-book","Run and rest","hrg-race-read.sam-ran","page","Optional teaching model","","","sam-ran","","","optional_placeholder","Objective: Track who does an action and understand ran and sat as past events. A model is shown at phase 0 (if this step has one) and after the step is ready. There is no authored video script or uploaded file implied by this slot."
"programme_audio","l1.hrg-race-book.hrg-race-read.pat-ran.directions-0","hat-rat-pig","H, R, G · A little race","hrg-race-book","Run and rest","hrg-race-read.pat-ran","page","Directions, phase 0","Your turn to read.","script-628afdc4429d","pat-ran","","","recording_needed",""
"programme_audio","l1.hrg-race-book.hrg-race-read.pat-ran.directions-1","hat-rat-pig","H, R, G · A little race","hrg-race-book","Run and rest","hrg-race-read.pat-ran","page","Directions, phase 1","See the story.","script-c0a5efc3c898","pat-ran","","","recording_needed",""
"programme_audio","l1.hrg-race-book.hrg-race-read.pat-ran.directions-2","hat-rat-pig","H, R, G · A little race","hrg-race-book","Run and rest","hrg-race-read.pat-ran","page","Step success directions","You did it!","script-7f6dd03e6c9e","pat-ran","","","recording_needed",""
"programme_audio","l1.hrg-race-book.hrg-race-read.pat-ran.page","hat-rat-pig","H, R, G · A little race","hrg-race-book","Run and rest","hrg-race-read.pat-ran","page","Read the complete page","Pat ran.","script-864e1ae48d0d","pat-ran","","","recording_needed","Preserve the sentence punctuation and phrasing."
"programme_audio","l1.hrg-race-book.hrg-race-read.pat-ran.word-0","hat-rat-pig","H, R, G · A little race","hrg-race-book","Run and rest","hrg-race-read.pat-ran","page","Tapped page word","Pat","script-b1cbff209280","pat-ran","","","recording_needed","Index and text exactly match the on-screen space-separated token, including its punctuation."
"programme_audio","l1.hrg-race-book.hrg-race-read.pat-ran.word-1","hat-rat-pig","H, R, G · A little race","hrg-race-book","Run and rest","hrg-race-read.pat-ran","page","Tapped page word","ran.","script-3d3d5a91b906","pat-ran","","","recording_needed","Index and text exactly match the on-screen space-separated token, including its punctuation."
"programme_video_model","l1.hrg-race-book.hrg-race-read.pat-ran.model","hat-rat-pig","H, R, G · A little race","hrg-race-book","Run and rest","hrg-race-read.pat-ran","page","Optional teaching model","","","pat-ran","","","optional_placeholder","Objective: Track who does an action and understand ran and sat as past events. A model is shown at phase 0 (if this step has one) and after the step is ready. There is no authored video script or uploaded file implied by this slot."
"programme_audio","l1.hrg-race-book.hrg-race-read.sam-rest.directions-0","hat-rat-pig","H, R, G · A little race","hrg-race-book","Run and rest","hrg-race-read.sam-rest","page","Directions, phase 0","Your turn to read.","script-628afdc4429d","sam-sat","","","recording_needed",""
"programme_audio","l1.hrg-race-book.hrg-race-read.sam-rest.directions-1","hat-rat-pig","H, R, G · A little race","hrg-race-book","Run and rest","hrg-race-read.sam-rest","page","Directions, phase 1","Who ran first in this story?","script-810aec76a276","sam-sat","","","recording_needed",""
"programme_audio","l1.hrg-race-book.hrg-race-read.sam-rest.directions-2","hat-rat-pig","H, R, G · A little race","hrg-race-book","Run and rest","hrg-race-read.sam-rest","page","Step success directions","You did it!","script-7f6dd03e6c9e","sam-sat","","","recording_needed",""
"programme_audio","l1.hrg-race-book.hrg-race-read.sam-rest.directions-complete","hat-rat-pig","H, R, G · A little race","hrg-race-book","Run and rest","hrg-race-read.sam-rest","page","Activity completion directions","Well done!","script-462164a0645e","sam-sat","","","recording_needed",""
"programme_audio","l1.hrg-race-book.hrg-race-read.sam-rest.retry","hat-rat-pig","H, R, G · A little race","hrg-race-book","Run and rest","hrg-race-read.sam-rest","page","First retry","Let’s have another try.","script-914076714817","sam-sat","","","recording_needed",""
"programme_audio","l1.hrg-race-book.hrg-race-read.sam-rest.page","hat-rat-pig","H, R, G · A little race","hrg-race-book","Run and rest","hrg-race-read.sam-rest","page","Read the complete page","Sam sat.","script-b06e68a8cca6","sam-sat","","","recording_needed","Preserve the sentence punctuation and phrasing."
"programme_audio","l1.hrg-race-book.hrg-race-read.sam-rest.word-0","hat-rat-pig","H, R, G · A little race","hrg-race-book","Run and rest","hrg-race-read.sam-rest","page","Tapped page word","Sam","script-4ecde249d747","sam-sat","","","recording_needed","Index and text exactly match the on-screen space-separated token, including its punctuation."
"programme_audio","l1.hrg-race-book.hrg-race-read.sam-rest.word-1","hat-rat-pig","H, R, G · A little race","hrg-race-book","Run and rest","hrg-race-read.sam-rest","page","Tapped page word","sat.","script-770669ec5aa4","sam-sat","","","recording_needed","Index and text exactly match the on-screen space-separated token, including its punctuation."
"programme_audio","l1.hrg-race-book.hrg-race-read.sam-rest.question","hat-rat-pig","H, R, G · A little race","hrg-race-book","Run and rest","hrg-race-read.sam-rest","page","Page meaning question","Who ran first in this story?","script-810aec76a276","sam-sat","","","recording_needed",""
"programme_audio","l1.hrg-race-book.hrg-race-read.sam-rest.choice-sam","hat-rat-pig","H, R, G · A little race","hrg-race-book","Run and rest","hrg-race-read.sam-rest","page","Picture label on request","Sam","script-4ecde249d747","sam-ran","","","recording_needed","Heard only when the child asks for this picture label."
"programme_audio","l1.hrg-race-book.hrg-race-read.sam-rest.choice-pat","hat-rat-pig","H, R, G · A little race","hrg-race-book","Run and rest","hrg-race-read.sam-rest","page","Picture label on request","Pat","script-b1cbff209280","pat-ran","","","recording_needed","Heard only when the child asks for this picture label."
"programme_video_model","l1.hrg-race-book.hrg-race-read.sam-rest.model","hat-rat-pig","H, R, G · A little race","hrg-race-book","Run and rest","hrg-race-read.sam-rest","page","Optional teaching model","","","sam-sat","","","optional_placeholder","Objective: Track who does an action and understand ran and sat as past events. A model is shown at phase 0 (if this step has one) and after the step is ready. There is no authored video script or uploaded file implied by this slot."
"programme_audio","l1.hrg-return.hrg-check-a.directions-1","hat-rat-pig","H, R, G · A little race","hrg-return","Remember and build","hrg-check-a","sound","Directions, phase 1","Tap Listen.","script-926dc21c3e05","","","","recording_needed",""
"programme_audio","l1.hrg-return.hrg-check-a.directions-1-heard","hat-rat-pig","H, R, G · A little race","hrg-return","Remember and build","hrg-check-a","sound","Response directions, phase 1","Tap the letter.","script-a00c410a35f6","","","","recording_needed","Replayable current-action cue. On first requested sound/spelling playback this precedes the target, keeping the target sound/word last. Replay plays the target alone."
"programme_audio","l1.hrg-return.hrg-check-a.directions-2","hat-rat-pig","H, R, G · A little race","hrg-return","Remember and build","hrg-check-a","sound","Step success directions","You did it!","script-7f6dd03e6c9e","","","","recording_needed",""
"programme_audio","l1.hrg-return.hrg-check-a.retry","hat-rat-pig","H, R, G · A little race","hrg-return","Remember and build","hrg-check-a","sound","First retry","Let’s have another try.","script-914076714817","","","","recording_needed",""
"programme_video_model","l1.hrg-return.hrg-check-a.model","hat-rat-pig","H, R, G · A little race","hrg-return","Remember and build","hrg-check-a","sound","Optional teaching model","","","","","","optional_placeholder","Objective: Retrieve earlier vowels and encode a practised word with new final g. A model is shown at phase 0 (if this step has one) and after the step is ready. There is no authored video script or uploaded file implied by this slot."
"programme_audio","l1.hrg-return.hrg-check-hat.directions-0","hat-rat-pig","H, R, G · A little race","hrg-return","Remember and build","hrg-check-hat","read","Directions, phase 0","Try reading this word.","script-c747b57459bc","","","","recording_needed",""
"programme_audio","l1.hrg-return.hrg-check-hat.directions-1","hat-rat-pig","H, R, G · A little race","hrg-return","Remember and build","hrg-check-hat","read","Directions, phase 1","Tap its picture.","script-7cf1de8e870f","","","","recording_needed",""
"programme_audio","l1.hrg-return.hrg-check-hat.directions-2","hat-rat-pig","H, R, G · A little race","hrg-return","Remember and build","hrg-check-hat","read","Step success directions","You did it!","script-7f6dd03e6c9e","","","","recording_needed",""
"programme_audio","l1.hrg-return.hrg-check-hat.retry","hat-rat-pig","H, R, G · A little race","hrg-return","Remember and build","hrg-check-hat","read","First retry","Let’s have another try.","script-914076714817","","","","recording_needed",""
"programme_audio","l1.hrg-return.hrg-check-hat.word","hat-rat-pig","H, R, G · A little race","hrg-return","Remember and build","hrg-check-hat","read","Whole word","hat","script-18e1dd392168","","","","recording_needed","Say the whole word naturally. Individual phonemes use the existing sound-<letter> files."
"programme_audio","l1.hrg-return.hrg-check-hat.meaning","hat-rat-pig","H, R, G · A little race","hrg-return","Remember and build","hrg-check-hat","read","Word and meaning","hat. A hat","script-349b5024cdc8","","","","recording_needed","The same exact script is used wherever this step explains its meaning."
"programme_audio","l1.hrg-return.hrg-check-hat.question","hat-rat-pig","H, R, G · A little race","hrg-return","Remember and build","hrg-check-hat","read","Picture choice instruction","Tap its picture.","script-7cf1de8e870f","","","","recording_needed",""
"programme_audio","l1.hrg-return.hrg-check-hat.choice-hat","hat-rat-pig","H, R, G · A little race","hrg-return","Remember and build","hrg-check-hat","read","Picture label on request","A hat","script-bb62aebcc4b9","hat","","","recording_needed","Heard only when the child asks for this picture label."
"programme_audio","l1.hrg-return.hrg-check-hat.choice-rat","hat-rat-pig","H, R, G · A little race","hrg-return","Remember and build","hrg-check-hat","read","Picture label on request","A rat","script-f8b06c4a0e00","rat","","","recording_needed","Heard only when the child asks for this picture label."
"programme_video_model","l1.hrg-return.hrg-check-hat.model","hat-rat-pig","H, R, G · A little race","hrg-return","Remember and build","hrg-check-hat","read","Optional teaching model","","","","","","optional_placeholder","Objective: Retrieve earlier vowels and encode a practised word with new final g. A model is shown at phase 0 (if this step has one) and after the step is ready. There is no authored video script or uploaded file implied by this slot."
"programme_audio","l1.hrg-return.hrg-check-cat.directions-0","hat-rat-pig","H, R, G · A little race","hrg-return","Remember and build","hrg-check-cat","read","Directions, phase 0","Try reading this word.","script-c747b57459bc","","","","recording_needed",""
"programme_audio","l1.hrg-return.hrg-check-cat.directions-1","hat-rat-pig","H, R, G · A little race","hrg-return","Remember and build","hrg-check-cat","read","Directions, phase 1","Tap its picture.","script-7cf1de8e870f","","","","recording_needed",""
"programme_audio","l1.hrg-return.hrg-check-cat.directions-2","hat-rat-pig","H, R, G · A little race","hrg-return","Remember and build","hrg-check-cat","read","Step success directions","You did it!","script-7f6dd03e6c9e","","","","recording_needed",""
"programme_audio","l1.hrg-return.hrg-check-cat.retry","hat-rat-pig","H, R, G · A little race","hrg-return","Remember and build","hrg-check-cat","read","First retry","Let’s have another try.","script-914076714817","","","","recording_needed",""
"programme_audio","l1.hrg-return.hrg-check-cat.word","hat-rat-pig","H, R, G · A little race","hrg-return","Remember and build","hrg-check-cat","read","Whole word","cat","script-77af778b51ab","","","","recording_needed","Say the whole word naturally. Individual phonemes use the existing sound-<letter> files."
"programme_audio","l1.hrg-return.hrg-check-cat.meaning","hat-rat-pig","H, R, G · A little race","hrg-return","Remember and build","hrg-check-cat","read","Word and meaning","cat. A cat","script-730e539804bd","","","","recording_needed","The same exact script is used wherever this step explains its meaning."
"programme_audio","l1.hrg-return.hrg-check-cat.question","hat-rat-pig","H, R, G · A little race","hrg-return","Remember and build","hrg-check-cat","read","Picture choice instruction","Tap its picture.","script-7cf1de8e870f","","","","recording_needed",""
"programme_audio","l1.hrg-return.hrg-check-cat.choice-cat","hat-rat-pig","H, R, G · A little race","hrg-return","Remember and build","hrg-check-cat","read","Picture label on request","A cat","script-a7a8377f6368","cat","","","recording_needed","Heard only when the child asks for this picture label."
"programme_audio","l1.hrg-return.hrg-check-cat.choice-pig","hat-rat-pig","H, R, G · A little race","hrg-return","Remember and build","hrg-check-cat","read","Picture label on request","A pig","script-494b3a5325eb","pig","","","recording_needed","Heard only when the child asks for this picture label."
"programme_video_model","l1.hrg-return.hrg-check-cat.model","hat-rat-pig","H, R, G · A little race","hrg-return","Remember and build","hrg-check-cat","read","Optional teaching model","","","","","","optional_placeholder","Objective: Retrieve earlier vowels and encode a practised word with new final g. A model is shown at phase 0 (if this step has one) and after the step is ready. There is no authored video script or uploaded file implied by this slot."
"programme_audio","l1.hrg-return.hrg-check-pig.directions-1","hat-rat-pig","H, R, G · A little race","hrg-return","Remember and build","hrg-check-pig","build","Directions, phase 1","Tap Listen.","script-926dc21c3e05","pig","","","recording_needed",""
"programme_audio","l1.hrg-return.hrg-check-pig.directions-1-heard","hat-rat-pig","H, R, G · A little race","hrg-return","Remember and build","hrg-check-pig","build","Response directions, phase 1","Make the word.","script-1069c4a52ede","pig","","","recording_needed","Replayable current-action cue. On first requested sound/spelling playback this precedes the target, keeping the target sound/word last. Replay plays the target alone."
"programme_audio","l1.hrg-return.hrg-check-pig.directions-2","hat-rat-pig","H, R, G · A little race","hrg-return","Remember and build","hrg-check-pig","build","Step success directions","You did it!","script-7f6dd03e6c9e","pig","","","recording_needed",""
"programme_audio","l1.hrg-return.hrg-check-pig.directions-complete","hat-rat-pig","H, R, G · A little race","hrg-return","Remember and build","hrg-check-pig","build","Activity completion directions","Well done!","script-462164a0645e","pig","","","recording_needed",""
"programme_audio","l1.hrg-return.hrg-check-pig.retry","hat-rat-pig","H, R, G · A little race","hrg-return","Remember and build","hrg-check-pig","build","First retry","Let’s have another try.","script-914076714817","pig","","","recording_needed",""
"programme_audio","l1.hrg-return.hrg-check-pig.word","hat-rat-pig","H, R, G · A little race","hrg-return","Remember and build","hrg-check-pig","build","Whole word","pig","script-f0b8c9d84dd2","pig","","","recording_needed","Say the whole word naturally. Individual phonemes use the existing sound-<letter> files."
"programme_audio","l1.hrg-return.hrg-check-pig.meaning","hat-rat-pig","H, R, G · A little race","hrg-return","Remember and build","hrg-check-pig","build","Word and meaning","pig. A pig is an animal with a rounded snout.","script-8910181a2e43","pig","","","recording_needed","The same exact script is used wherever this step explains its meaning."
"programme_video_model","l1.hrg-return.hrg-check-pig.model","hat-rat-pig","H, R, G · A little race","hrg-return","Remember and build","hrg-check-pig","build","Optional teaching model","","","pig","","","optional_placeholder","Objective: Retrieve earlier vowels and encode a practised word with new final g. A model is shown at phase 0 (if this step has one) and after the step is ready. There is no authored video script or uploaded file implied by this slot."
"programme_audio","l1.dko-meet-d.dko-meet-d-retrieve.directions-1","sad-kid-dog","D, K, O · Dig and rest","dko-meet-d","Meet d · sad","dko-meet-d-retrieve","sound","Directions, phase 1","Tap Listen.","script-926dc21c3e05","","","","recording_needed",""
"programme_audio","l1.dko-meet-d.dko-meet-d-retrieve.directions-1-heard","sad-kid-dog","D, K, O · Dig and rest","dko-meet-d","Meet d · sad","dko-meet-d-retrieve","sound","Response directions, phase 1","Tap the letter.","script-a00c410a35f6","","","","recording_needed","Replayable current-action cue. On first requested sound/spelling playback this precedes the target, keeping the target sound/word last. Replay plays the target alone."
"programme_audio","l1.dko-meet-d.dko-meet-d-retrieve.directions-2","sad-kid-dog","D, K, O · Dig and rest","dko-meet-d","Meet d · sad","dko-meet-d-retrieve","sound","Step success directions","You did it!","script-7f6dd03e6c9e","","","","recording_needed",""
"programme_audio","l1.dko-meet-d.dko-meet-d-retrieve.retry","sad-kid-dog","D, K, O · Dig and rest","dko-meet-d","Meet d · sad","dko-meet-d-retrieve","sound","First retry","Let’s have another try.","script-914076714817","","","","recording_needed",""
"programme_video_model","l1.dko-meet-d.dko-meet-d-retrieve.model","sad-kid-dog","D, K, O · Dig and rest","dko-meet-d","Meet d · sad","dko-meet-d-retrieve","sound","Optional teaching model","","","","","","optional_placeholder","Objective: Hear d, build sad, and connect its print with its meaning. A model is shown at phase 0 (if this step has one) and after the step is ready. There is no authored video script or uploaded file implied by this slot."
"programme_audio","l1.dko-meet-d.dko-meet-d-model.directions-0","sad-kid-dog","D, K, O · Dig and rest","dko-meet-d","Meet d · sad","dko-meet-d-model","sound","Directions, phase 0","Tap Listen.","script-926dc21c3e05","","","","recording_needed",""
"programme_audio","l1.dko-meet-d.dko-meet-d-model.directions-0-heard","sad-kid-dog","D, K, O · Dig and rest","dko-meet-d","Meet d · sad","dko-meet-d-model","sound","Response directions, phase 0","Say the sound.","script-be7daa24b299","","","","recording_needed","Replayable current-action cue. On first requested sound/spelling playback this precedes the target, keeping the target sound/word last. Replay plays the target alone."
"programme_audio","l1.dko-meet-d.dko-meet-d-model.directions-1","sad-kid-dog","D, K, O · Dig and rest","dko-meet-d","Meet d · sad","dko-meet-d-model","sound","Directions, phase 1","Tap Listen.","script-926dc21c3e05","","","","recording_needed",""
"programme_audio","l1.dko-meet-d.dko-meet-d-model.directions-1-heard","sad-kid-dog","D, K, O · Dig and rest","dko-meet-d","Meet d · sad","dko-meet-d-model","sound","Response directions, phase 1","Tap the letter.","script-a00c410a35f6","","","","recording_needed","Replayable current-action cue. On first requested sound/spelling playback this precedes the target, keeping the target sound/word last. Replay plays the target alone."
"programme_audio","l1.dko-meet-d.dko-meet-d-model.directions-2","sad-kid-dog","D, K, O · Dig and rest","dko-meet-d","Meet d · sad","dko-meet-d-model","sound","Step success directions","You did it!","script-7f6dd03e6c9e","","","","recording_needed",""
"programme_audio","l1.dko-meet-d.dko-meet-d-model.retry","sad-kid-dog","D, K, O · Dig and rest","dko-meet-d","Meet d · sad","dko-meet-d-model","sound","First retry","Let’s have another try.","script-914076714817","","","","recording_needed",""
"programme_video_model","l1.dko-meet-d.dko-meet-d-model.model","sad-kid-dog","D, K, O · Dig and rest","dko-meet-d","Meet d · sad","dko-meet-d-model","sound","Optional teaching model","","","","","","optional_placeholder","Objective: Hear d, build sad, and connect its print with its meaning. A model is shown at phase 0 (if this step has one) and after the step is ready. There is no authored video script or uploaded file implied by this slot."
"programme_audio","l1.dko-meet-d.dko-meet-d-build.directions-0","sad-kid-dog","D, K, O · Dig and rest","dko-meet-d","Meet d · sad","dko-meet-d-build","build","Directions, phase 0","Tap Listen.","script-926dc21c3e05","sad","","","recording_needed",""
"programme_audio","l1.dko-meet-d.dko-meet-d-build.directions-0-heard","sad-kid-dog","D, K, O · Dig and rest","dko-meet-d","Meet d · sad","dko-meet-d-build","build","Response directions, phase 0","Say the word.","script-e33bc428e31b","sad","","","recording_needed","Replayable current-action cue. On first requested sound/spelling playback this precedes the target, keeping the target sound/word last. Replay plays the target alone."
"programme_audio","l1.dko-meet-d.dko-meet-d-build.directions-1","sad-kid-dog","D, K, O · Dig and rest","dko-meet-d","Meet d · sad","dko-meet-d-build","build","Directions, phase 1","Tap Listen.","script-926dc21c3e05","sad","","","recording_needed",""
"programme_audio","l1.dko-meet-d.dko-meet-d-build.directions-1-heard","sad-kid-dog","D, K, O · Dig and rest","dko-meet-d","Meet d · sad","dko-meet-d-build","build","Response directions, phase 1","Make the word.","script-1069c4a52ede","sad","","","recording_needed","Replayable current-action cue. On first requested sound/spelling playback this precedes the target, keeping the target sound/word last. Replay plays the target alone."
"programme_audio","l1.dko-meet-d.dko-meet-d-build.directions-2","sad-kid-dog","D, K, O · Dig and rest","dko-meet-d","Meet d · sad","dko-meet-d-build","build","Step success directions","You did it!","script-7f6dd03e6c9e","sad","","","recording_needed",""
"programme_audio","l1.dko-meet-d.dko-meet-d-build.retry","sad-kid-dog","D, K, O · Dig and rest","dko-meet-d","Meet d · sad","dko-meet-d-build","build","First retry","Let’s have another try.","script-914076714817","sad","","","recording_needed",""
"programme_audio","l1.dko-meet-d.dko-meet-d-build.word","sad-kid-dog","D, K, O · Dig and rest","dko-meet-d","Meet d · sad","dko-meet-d-build","build","Whole word","sad","script-45c9a6614fcc","sad","","","recording_needed","Say the whole word naturally. Individual phonemes use the existing sound-<letter> files."
"programme_audio","l1.dko-meet-d.dko-meet-d-build.meaning","sad-kid-dog","D, K, O · Dig and rest","dko-meet-d","Meet d · sad","dko-meet-d-build","build","Word and meaning","sad. Sad is how we may feel when something upsetting happens.","script-e09182d4245a","sad","","","recording_needed","The same exact script is used wherever this step explains its meaning."
"programme_video_model","l1.dko-meet-d.dko-meet-d-build.model","sad-kid-dog","D, K, O · Dig and rest","dko-meet-d","Meet d · sad","dko-meet-d-build","build","Optional teaching model","","","sad","","","optional_placeholder","Objective: Hear d, build sad, and connect its print with its meaning. A model is shown at phase 0 (if this step has one) and after the step is ready. There is no authored video script or uploaded file implied by this slot."
"programme_audio","l1.dko-meet-d.dko-meet-d-read.directions-0","sad-kid-dog","D, K, O · Dig and rest","dko-meet-d","Meet d · sad","dko-meet-d-read","read","Directions, phase 0","Try reading this word.","script-c747b57459bc","","","","recording_needed",""
"programme_audio","l1.dko-meet-d.dko-meet-d-read.directions-1","sad-kid-dog","D, K, O · Dig and rest","dko-meet-d","Meet d · sad","dko-meet-d-read","read","Directions, phase 1","Tap its picture.","script-7cf1de8e870f","","","","recording_needed",""
"programme_audio","l1.dko-meet-d.dko-meet-d-read.directions-2","sad-kid-dog","D, K, O · Dig and rest","dko-meet-d","Meet d · sad","dko-meet-d-read","read","Step success directions","You did it!","script-7f6dd03e6c9e","","","","recording_needed",""
"programme_audio","l1.dko-meet-d.dko-meet-d-read.directions-complete","sad-kid-dog","D, K, O · Dig and rest","dko-meet-d","Meet d · sad","dko-meet-d-read","read","Activity completion directions","Well done!","script-462164a0645e","","","","recording_needed",""
"programme_audio","l1.dko-meet-d.dko-meet-d-read.retry","sad-kid-dog","D, K, O · Dig and rest","dko-meet-d","Meet d · sad","dko-meet-d-read","read","First retry","Let’s have another try.","script-914076714817","","","","recording_needed",""
"programme_audio","l1.dko-meet-d.dko-meet-d-read.word","sad-kid-dog","D, K, O · Dig and rest","dko-meet-d","Meet d · sad","dko-meet-d-read","read","Whole word","sad","script-45c9a6614fcc","","","","recording_needed","Say the whole word naturally. Individual phonemes use the existing sound-<letter> files."
"programme_audio","l1.dko-meet-d.dko-meet-d-read.meaning","sad-kid-dog","D, K, O · Dig and rest","dko-meet-d","Meet d · sad","dko-meet-d-read","read","Word and meaning","sad. Sad is how we may feel when something upsetting happens.","script-e09182d4245a","","","","recording_needed","The same exact script is used wherever this step explains its meaning."
"programme_audio","l1.dko-meet-d.dko-meet-d-read.question","sad-kid-dog","D, K, O · Dig and rest","dko-meet-d","Meet d · sad","dko-meet-d-read","read","Picture choice instruction","Tap its picture.","script-7cf1de8e870f","","","","recording_needed",""
"programme_audio","l1.dko-meet-d.dko-meet-d-read.choice-sad","sad-kid-dog","D, K, O · Dig and rest","dko-meet-d","Meet d · sad","dko-meet-d-read","read","Picture label on request","Sad is how we may feel when something upsetting happens.","script-79539c71963b","sad","","","recording_needed","Heard only when the child asks for this picture label."
"programme_audio","l1.dko-meet-d.dko-meet-d-read.choice-happy","sad-kid-dog","D, K, O · Dig and rest","dko-meet-d","Meet d · sad","dko-meet-d-read","read","Picture label on request","Someone feeling happy","script-e8815c15668a","jim-fun","","","recording_needed","Heard only when the child asks for this picture label."
"programme_video_model","l1.dko-meet-d.dko-meet-d-read.model","sad-kid-dog","D, K, O · Dig and rest","dko-meet-d","Meet d · sad","dko-meet-d-read","read","Optional teaching model","","","","","","optional_placeholder","Objective: Hear d, build sad, and connect its print with its meaning. A model is shown at phase 0 (if this step has one) and after the step is ready. There is no authored video script or uploaded file implied by this slot."
"programme_audio","l1.dko-meet-k.dko-meet-k-retrieve.directions-1","sad-kid-dog","D, K, O · Dig and rest","dko-meet-k","Meet k · kid","dko-meet-k-retrieve","sound","Directions, phase 1","Tap Listen.","script-926dc21c3e05","","","","recording_needed",""
"programme_audio","l1.dko-meet-k.dko-meet-k-retrieve.directions-1-heard","sad-kid-dog","D, K, O · Dig and rest","dko-meet-k","Meet k · kid","dko-meet-k-retrieve","sound","Response directions, phase 1","Tap the letter.","script-a00c410a35f6","","","","recording_needed","Replayable current-action cue. On first requested sound/spelling playback this precedes the target, keeping the target sound/word last. Replay plays the target alone."
"programme_audio","l1.dko-meet-k.dko-meet-k-retrieve.directions-2","sad-kid-dog","D, K, O · Dig and rest","dko-meet-k","Meet k · kid","dko-meet-k-retrieve","sound","Step success directions","You did it!","script-7f6dd03e6c9e","","","","recording_needed",""
"programme_audio","l1.dko-meet-k.dko-meet-k-retrieve.retry","sad-kid-dog","D, K, O · Dig and rest","dko-meet-k","Meet k · kid","dko-meet-k-retrieve","sound","First retry","Let’s have another try.","script-914076714817","","","","recording_needed",""
"programme_video_model","l1.dko-meet-k.dko-meet-k-retrieve.model","sad-kid-dog","D, K, O · Dig and rest","dko-meet-k","Meet k · kid","dko-meet-k-retrieve","sound","Optional teaching model","","","","","","optional_placeholder","Objective: Hear k, build kid, and connect its print with its meaning. A model is shown at phase 0 (if this step has one) and after the step is ready. There is no authored video script or uploaded file implied by this slot."
"programme_audio","l1.dko-meet-k.dko-meet-k-model.directions-0","sad-kid-dog","D, K, O · Dig and rest","dko-meet-k","Meet k · kid","dko-meet-k-model","sound","Directions, phase 0","Tap Listen.","script-926dc21c3e05","","","","recording_needed",""
"programme_audio","l1.dko-meet-k.dko-meet-k-model.directions-0-heard","sad-kid-dog","D, K, O · Dig and rest","dko-meet-k","Meet k · kid","dko-meet-k-model","sound","Response directions, phase 0","Say the sound.","script-be7daa24b299","","","","recording_needed","Replayable current-action cue. On first requested sound/spelling playback this precedes the target, keeping the target sound/word last. Replay plays the target alone."
"programme_audio","l1.dko-meet-k.dko-meet-k-model.directions-1","sad-kid-dog","D, K, O · Dig and rest","dko-meet-k","Meet k · kid","dko-meet-k-model","sound","Directions, phase 1","Tap Listen.","script-926dc21c3e05","","","","recording_needed",""
"programme_audio","l1.dko-meet-k.dko-meet-k-model.directions-1-heard","sad-kid-dog","D, K, O · Dig and rest","dko-meet-k","Meet k · kid","dko-meet-k-model","sound","Response directions, phase 1","Tap the letter.","script-a00c410a35f6","","","","recording_needed","Replayable current-action cue. On first requested sound/spelling playback this precedes the target, keeping the target sound/word last. Replay plays the target alone."
"programme_audio","l1.dko-meet-k.dko-meet-k-model.directions-2","sad-kid-dog","D, K, O · Dig and rest","dko-meet-k","Meet k · kid","dko-meet-k-model","sound","Step success directions","You did it!","script-7f6dd03e6c9e","","","","recording_needed",""
"programme_audio","l1.dko-meet-k.dko-meet-k-model.retry","sad-kid-dog","D, K, O · Dig and rest","dko-meet-k","Meet k · kid","dko-meet-k-model","sound","First retry","Let’s have another try.","script-914076714817","","","","recording_needed",""
"programme_video_model","l1.dko-meet-k.dko-meet-k-model.model","sad-kid-dog","D, K, O · Dig and rest","dko-meet-k","Meet k · kid","dko-meet-k-model","sound","Optional teaching model","","","","","","optional_placeholder","Objective: Hear k, build kid, and connect its print with its meaning. A model is shown at phase 0 (if this step has one) and after the step is ready. There is no authored video script or uploaded file implied by this slot."
"programme_audio","l1.dko-meet-k.dko-meet-k-build.directions-0","sad-kid-dog","D, K, O · Dig and rest","dko-meet-k","Meet k · kid","dko-meet-k-build","build","Directions, phase 0","Tap Listen.","script-926dc21c3e05","kid","","","recording_needed",""
"programme_audio","l1.dko-meet-k.dko-meet-k-build.directions-0-heard","sad-kid-dog","D, K, O · Dig and rest","dko-meet-k","Meet k · kid","dko-meet-k-build","build","Response directions, phase 0","Say the word.","script-e33bc428e31b","kid","","","recording_needed","Replayable current-action cue. On first requested sound/spelling playback this precedes the target, keeping the target sound/word last. Replay plays the target alone."
"programme_audio","l1.dko-meet-k.dko-meet-k-build.directions-1","sad-kid-dog","D, K, O · Dig and rest","dko-meet-k","Meet k · kid","dko-meet-k-build","build","Directions, phase 1","Tap Listen.","script-926dc21c3e05","kid","","","recording_needed",""
"programme_audio","l1.dko-meet-k.dko-meet-k-build.directions-1-heard","sad-kid-dog","D, K, O · Dig and rest","dko-meet-k","Meet k · kid","dko-meet-k-build","build","Response directions, phase 1","Make the word.","script-1069c4a52ede","kid","","","recording_needed","Replayable current-action cue. On first requested sound/spelling playback this precedes the target, keeping the target sound/word last. Replay plays the target alone."
"programme_audio","l1.dko-meet-k.dko-meet-k-build.directions-2","sad-kid-dog","D, K, O · Dig and rest","dko-meet-k","Meet k · kid","dko-meet-k-build","build","Step success directions","You did it!","script-7f6dd03e6c9e","kid","","","recording_needed",""
"programme_audio","l1.dko-meet-k.dko-meet-k-build.retry","sad-kid-dog","D, K, O · Dig and rest","dko-meet-k","Meet k · kid","dko-meet-k-build","build","First retry","Let’s have another try.","script-914076714817","kid","","","recording_needed",""
"programme_audio","l1.dko-meet-k.dko-meet-k-build.word","sad-kid-dog","D, K, O · Dig and rest","dko-meet-k","Meet k · kid","dko-meet-k-build","build","Whole word","kid","script-5c77d7fd8f51","kid","","","recording_needed","Say the whole word naturally. Individual phonemes use the existing sound-<letter> files."
"programme_audio","l1.dko-meet-k.dko-meet-k-build.meaning","sad-kid-dog","D, K, O · Dig and rest","dko-meet-k","Meet k · kid","dko-meet-k-build","build","Word and meaning","kid. A kid is a child.","script-4f1452cbe2d2","kid","","","recording_needed","The same exact script is used wherever this step explains its meaning."
"programme_video_model","l1.dko-meet-k.dko-meet-k-build.model","sad-kid-dog","D, K, O · Dig and rest","dko-meet-k","Meet k · kid","dko-meet-k-build","build","Optional teaching model","","","kid","","","optional_placeholder","Objective: Hear k, build kid, and connect its print with its meaning. A model is shown at phase 0 (if this step has one) and after the step is ready. There is no authored video script or uploaded file implied by this slot."
"programme_audio","l1.dko-meet-k.dko-meet-k-read.directions-0","sad-kid-dog","D, K, O · Dig and rest","dko-meet-k","Meet k · kid","dko-meet-k-read","read","Directions, phase 0","Try reading this word.","script-c747b57459bc","","","","recording_needed",""
"programme_audio","l1.dko-meet-k.dko-meet-k-read.directions-1","sad-kid-dog","D, K, O · Dig and rest","dko-meet-k","Meet k · kid","dko-meet-k-read","read","Directions, phase 1","Tap its picture.","script-7cf1de8e870f","","","","recording_needed",""
"programme_audio","l1.dko-meet-k.dko-meet-k-read.directions-2","sad-kid-dog","D, K, O · Dig and rest","dko-meet-k","Meet k · kid","dko-meet-k-read","read","Step success directions","You did it!","script-7f6dd03e6c9e","","","","recording_needed",""
"programme_audio","l1.dko-meet-k.dko-meet-k-read.directions-complete","sad-kid-dog","D, K, O · Dig and rest","dko-meet-k","Meet k · kid","dko-meet-k-read","read","Activity completion directions","Well done!","script-462164a0645e","","","","recording_needed",""
"programme_audio","l1.dko-meet-k.dko-meet-k-read.retry","sad-kid-dog","D, K, O · Dig and rest","dko-meet-k","Meet k · kid","dko-meet-k-read","read","First retry","Let’s have another try.","script-914076714817","","","","recording_needed",""
"programme_audio","l1.dko-meet-k.dko-meet-k-read.word","sad-kid-dog","D, K, O · Dig and rest","dko-meet-k","Meet k · kid","dko-meet-k-read","read","Whole word","kid","script-5c77d7fd8f51","","","","recording_needed","Say the whole word naturally. Individual phonemes use the existing sound-<letter> files."
"programme_audio","l1.dko-meet-k.dko-meet-k-read.meaning","sad-kid-dog","D, K, O · Dig and rest","dko-meet-k","Meet k · kid","dko-meet-k-read","read","Word and meaning","kid. A kid is a child.","script-4f1452cbe2d2","","","","recording_needed","The same exact script is used wherever this step explains its meaning."
"programme_audio","l1.dko-meet-k.dko-meet-k-read.question","sad-kid-dog","D, K, O · Dig and rest","dko-meet-k","Meet k · kid","dko-meet-k-read","read","Picture choice instruction","Tap its picture.","script-7cf1de8e870f","","","","recording_needed",""
"programme_audio","l1.dko-meet-k.dko-meet-k-read.choice-kid","sad-kid-dog","D, K, O · Dig and rest","dko-meet-k","Meet k · kid","dko-meet-k-read","read","Picture label on request","A kid is a child.","script-dca52b62a0c1","kid","","","recording_needed","Heard only when the child asks for this picture label."
"programme_audio","l1.dko-meet-k.dko-meet-k-read.choice-pig","sad-kid-dog","D, K, O · Dig and rest","dko-meet-k","Meet k · kid","dko-meet-k-read","read","Picture label on request","A pig","script-494b3a5325eb","pig","","","recording_needed","Heard only when the child asks for this picture label."
"programme_video_model","l1.dko-meet-k.dko-meet-k-read.model","sad-kid-dog","D, K, O · Dig and rest","dko-meet-k","Meet k · kid","dko-meet-k-read","read","Optional teaching model","","","","","","optional_placeholder","Objective: Hear k, build kid, and connect its print with its meaning. A model is shown at phase 0 (if this step has one) and after the step is ready. There is no authored video script or uploaded file implied by this slot."
"programme_audio","l1.dko-meet-o.dko-meet-o-retrieve.directions-1","sad-kid-dog","D, K, O · Dig and rest","dko-meet-o","Meet o · dog","dko-meet-o-retrieve","sound","Directions, phase 1","Tap Listen.","script-926dc21c3e05","","","","recording_needed",""
"programme_audio","l1.dko-meet-o.dko-meet-o-retrieve.directions-1-heard","sad-kid-dog","D, K, O · Dig and rest","dko-meet-o","Meet o · dog","dko-meet-o-retrieve","sound","Response directions, phase 1","Tap the letter.","script-a00c410a35f6","","","","recording_needed","Replayable current-action cue. On first requested sound/spelling playback this precedes the target, keeping the target sound/word last. Replay plays the target alone."
"programme_audio","l1.dko-meet-o.dko-meet-o-retrieve.directions-2","sad-kid-dog","D, K, O · Dig and rest","dko-meet-o","Meet o · dog","dko-meet-o-retrieve","sound","Step success directions","You did it!","script-7f6dd03e6c9e","","","","recording_needed",""
"programme_audio","l1.dko-meet-o.dko-meet-o-retrieve.retry","sad-kid-dog","D, K, O · Dig and rest","dko-meet-o","Meet o · dog","dko-meet-o-retrieve","sound","First retry","Let’s have another try.","script-914076714817","","","","recording_needed",""
"programme_video_model","l1.dko-meet-o.dko-meet-o-retrieve.model","sad-kid-dog","D, K, O · Dig and rest","dko-meet-o","Meet o · dog","dko-meet-o-retrieve","sound","Optional teaching model","","","","","","optional_placeholder","Objective: Hear o, build dog, and connect its print with its meaning. A model is shown at phase 0 (if this step has one) and after the step is ready. There is no authored video script or uploaded file implied by this slot."
"programme_audio","l1.dko-meet-o.dko-meet-o-model.directions-0","sad-kid-dog","D, K, O · Dig and rest","dko-meet-o","Meet o · dog","dko-meet-o-model","sound","Directions, phase 0","Tap Listen.","script-926dc21c3e05","","","","recording_needed",""
"programme_audio","l1.dko-meet-o.dko-meet-o-model.directions-0-heard","sad-kid-dog","D, K, O · Dig and rest","dko-meet-o","Meet o · dog","dko-meet-o-model","sound","Response directions, phase 0","Say the sound.","script-be7daa24b299","","","","recording_needed","Replayable current-action cue. On first requested sound/spelling playback this precedes the target, keeping the target sound/word last. Replay plays the target alone."
"programme_audio","l1.dko-meet-o.dko-meet-o-model.directions-1","sad-kid-dog","D, K, O · Dig and rest","dko-meet-o","Meet o · dog","dko-meet-o-model","sound","Directions, phase 1","Tap Listen.","script-926dc21c3e05","","","","recording_needed",""
"programme_audio","l1.dko-meet-o.dko-meet-o-model.directions-1-heard","sad-kid-dog","D, K, O · Dig and rest","dko-meet-o","Meet o · dog","dko-meet-o-model","sound","Response directions, phase 1","Tap the letter.","script-a00c410a35f6","","","","recording_needed","Replayable current-action cue. On first requested sound/spelling playback this precedes the target, keeping the target sound/word last. Replay plays the target alone."
"programme_audio","l1.dko-meet-o.dko-meet-o-model.directions-2","sad-kid-dog","D, K, O · Dig and rest","dko-meet-o","Meet o · dog","dko-meet-o-model","sound","Step success directions","You did it!","script-7f6dd03e6c9e","","","","recording_needed",""
"programme_audio","l1.dko-meet-o.dko-meet-o-model.retry","sad-kid-dog","D, K, O · Dig and rest","dko-meet-o","Meet o · dog","dko-meet-o-model","sound","First retry","Let’s have another try.","script-914076714817","","","","recording_needed",""
"programme_video_model","l1.dko-meet-o.dko-meet-o-model.model","sad-kid-dog","D, K, O · Dig and rest","dko-meet-o","Meet o · dog","dko-meet-o-model","sound","Optional teaching model","","","","","","optional_placeholder","Objective: Hear o, build dog, and connect its print with its meaning. A model is shown at phase 0 (if this step has one) and after the step is ready. There is no authored video script or uploaded file implied by this slot."
"programme_audio","l1.dko-meet-o.dko-meet-o-build.directions-0","sad-kid-dog","D, K, O · Dig and rest","dko-meet-o","Meet o · dog","dko-meet-o-build","build","Directions, phase 0","Tap Listen.","script-926dc21c3e05","dog","","","recording_needed",""
"programme_audio","l1.dko-meet-o.dko-meet-o-build.directions-0-heard","sad-kid-dog","D, K, O · Dig and rest","dko-meet-o","Meet o · dog","dko-meet-o-build","build","Response directions, phase 0","Say the word.","script-e33bc428e31b","dog","","","recording_needed","Replayable current-action cue. On first requested sound/spelling playback this precedes the target, keeping the target sound/word last. Replay plays the target alone."
"programme_audio","l1.dko-meet-o.dko-meet-o-build.directions-1","sad-kid-dog","D, K, O · Dig and rest","dko-meet-o","Meet o · dog","dko-meet-o-build","build","Directions, phase 1","Tap Listen.","script-926dc21c3e05","dog","","","recording_needed",""
"programme_audio","l1.dko-meet-o.dko-meet-o-build.directions-1-heard","sad-kid-dog","D, K, O · Dig and rest","dko-meet-o","Meet o · dog","dko-meet-o-build","build","Response directions, phase 1","Make the word.","script-1069c4a52ede","dog","","","recording_needed","Replayable current-action cue. On first requested sound/spelling playback this precedes the target, keeping the target sound/word last. Replay plays the target alone."
"programme_audio","l1.dko-meet-o.dko-meet-o-build.directions-2","sad-kid-dog","D, K, O · Dig and rest","dko-meet-o","Meet o · dog","dko-meet-o-build","build","Step success directions","You did it!","script-7f6dd03e6c9e","dog","","","recording_needed",""
"programme_audio","l1.dko-meet-o.dko-meet-o-build.retry","sad-kid-dog","D, K, O · Dig and rest","dko-meet-o","Meet o · dog","dko-meet-o-build","build","First retry","Let’s have another try.","script-914076714817","dog","","","recording_needed",""
"programme_audio","l1.dko-meet-o.dko-meet-o-build.word","sad-kid-dog","D, K, O · Dig and rest","dko-meet-o","Meet o · dog","dko-meet-o-build","build","Whole word","dog","script-cd6357efdd96","dog","","","recording_needed","Say the whole word naturally. Individual phonemes use the existing sound-<letter> files."
"programme_audio","l1.dko-meet-o.dko-meet-o-build.meaning","sad-kid-dog","D, K, O · Dig and rest","dko-meet-o","Meet o · dog","dko-meet-o-build","build","Word and meaning","dog. A dog is an animal that may live with people.","script-ba690fc3d189","dog","","","recording_needed","The same exact script is used wherever this step explains its meaning."
"programme_video_model","l1.dko-meet-o.dko-meet-o-build.model","sad-kid-dog","D, K, O · Dig and rest","dko-meet-o","Meet o · dog","dko-meet-o-build","build","Optional teaching model","","","dog","","","optional_placeholder","Objective: Hear o, build dog, and connect its print with its meaning. A model is shown at phase 0 (if this step has one) and after the step is ready. There is no authored video script or uploaded file implied by this slot."
"programme_audio","l1.dko-meet-o.dko-meet-o-read.directions-0","sad-kid-dog","D, K, O · Dig and rest","dko-meet-o","Meet o · dog","dko-meet-o-read","read","Directions, phase 0","Try reading this word.","script-c747b57459bc","","","","recording_needed",""
"programme_audio","l1.dko-meet-o.dko-meet-o-read.directions-1","sad-kid-dog","D, K, O · Dig and rest","dko-meet-o","Meet o · dog","dko-meet-o-read","read","Directions, phase 1","Tap its picture.","script-7cf1de8e870f","","","","recording_needed",""
"programme_audio","l1.dko-meet-o.dko-meet-o-read.directions-2","sad-kid-dog","D, K, O · Dig and rest","dko-meet-o","Meet o · dog","dko-meet-o-read","read","Step success directions","You did it!","script-7f6dd03e6c9e","","","","recording_needed",""
"programme_audio","l1.dko-meet-o.dko-meet-o-read.directions-complete","sad-kid-dog","D, K, O · Dig and rest","dko-meet-o","Meet o · dog","dko-meet-o-read","read","Activity completion directions","Well done!","script-462164a0645e","","","","recording_needed",""
"programme_audio","l1.dko-meet-o.dko-meet-o-read.retry","sad-kid-dog","D, K, O · Dig and rest","dko-meet-o","Meet o · dog","dko-meet-o-read","read","First retry","Let’s have another try.","script-914076714817","","","","recording_needed",""
"programme_audio","l1.dko-meet-o.dko-meet-o-read.word","sad-kid-dog","D, K, O · Dig and rest","dko-meet-o","Meet o · dog","dko-meet-o-read","read","Whole word","dog","script-cd6357efdd96","","","","recording_needed","Say the whole word naturally. Individual phonemes use the existing sound-<letter> files."
"programme_audio","l1.dko-meet-o.dko-meet-o-read.meaning","sad-kid-dog","D, K, O · Dig and rest","dko-meet-o","Meet o · dog","dko-meet-o-read","read","Word and meaning","dog. A dog is an animal that may live with people.","script-ba690fc3d189","","","","recording_needed","The same exact script is used wherever this step explains its meaning."
"programme_audio","l1.dko-meet-o.dko-meet-o-read.question","sad-kid-dog","D, K, O · Dig and rest","dko-meet-o","Meet o · dog","dko-meet-o-read","read","Picture choice instruction","Tap its picture.","script-7cf1de8e870f","","","","recording_needed",""
"programme_audio","l1.dko-meet-o.dko-meet-o-read.choice-dog","sad-kid-dog","D, K, O · Dig and rest","dko-meet-o","Meet o · dog","dko-meet-o-read","read","Picture label on request","A dog is an animal that may live with people.","script-ae2c0111b306","dog","","","recording_needed","Heard only when the child asks for this picture label."
"programme_audio","l1.dko-meet-o.dko-meet-o-read.choice-pig","sad-kid-dog","D, K, O · Dig and rest","dko-meet-o","Meet o · dog","dko-meet-o-read","read","Picture label on request","A pig","script-494b3a5325eb","pig","","","recording_needed","Heard only when the child asks for this picture label."
"programme_video_model","l1.dko-meet-o.dko-meet-o-read.model","sad-kid-dog","D, K, O · Dig and rest","dko-meet-o","Meet o · dog","dko-meet-o-read","read","Optional teaching model","","","","","","optional_placeholder","Objective: Hear o, build dog, and connect its print with its meaning. A model is shown at phase 0 (if this step has one) and after the step is ready. There is no authored video script or uploaded file implied by this slot."
"programme_audio","l1.dko-dig-book.dko-dig-listen.directions-0","sad-kid-dog","D, K, O · Dig and rest","dko-dig-book","Time for a rest","dko-dig-listen","listen","Directions, phase 0","Tap Listen.","script-926dc21c3e05","kim-dig","","","recording_needed",""
"programme_audio","l1.dko-dig-book.dko-dig-listen.directions-0-heard","sad-kid-dog","D, K, O · Dig and rest","dko-dig-book","Time for a rest","dko-dig-listen","listen","Response directions, phase 0","Let’s see what happened.","script-91903b42e456","kim-dig","","","recording_needed","Replayable current-action cue. On first requested sound/spelling playback this precedes the target, keeping the target sound/word last. Replay plays the target alone."
"programme_audio","l1.dko-dig-book.dko-dig-listen.directions-1","sad-kid-dog","D, K, O · Dig and rest","dko-dig-book","Time for a rest","dko-dig-listen","listen","Directions, phase 1","Why did Pat stop digging?","script-71548804aa82","kim-dig","","","recording_needed",""
"programme_audio","l1.dko-dig-book.dko-dig-listen.directions-1-heard","sad-kid-dog","D, K, O · Dig and rest","dko-dig-book","Time for a rest","dko-dig-listen","listen","Response directions, phase 1","Why did Pat stop digging?","script-71548804aa82","kim-dig","","","recording_needed","Replayable current-action cue. On first requested sound/spelling playback this precedes the target, keeping the target sound/word last. Replay plays the target alone."
"programme_audio","l1.dko-dig-book.dko-dig-listen.directions-2","sad-kid-dog","D, K, O · Dig and rest","dko-dig-book","Time for a rest","dko-dig-listen","listen","Step success directions","You did it!","script-7f6dd03e6c9e","kim-dig","","","recording_needed",""
"programme_audio","l1.dko-dig-book.dko-dig-listen.retry","sad-kid-dog","D, K, O · Dig and rest","dko-dig-book","Time for a rest","dko-dig-listen","listen","First retry","Let’s have another try.","script-914076714817","kim-dig","","","recording_needed",""
"programme_audio","l1.dko-dig-book.dko-dig-listen.story","sad-kid-dog","D, K, O · Dig and rest","dko-dig-book","Time for a rest","dko-dig-listen","listen","Narrated story","Meet Kim. Kim and Pat dig in a garden with a grown-up nearby. Pat gets hot after working. Pat puts down the tool and sits in the shade for a rest. Taking a break helps Pat feel comfortable. You can tell why Pat needed a rest, or show how she felt.","script-c5c2bd62de61","kim-dig","","","recording_needed",""
"programme_audio","l1.dko-dig-book.dko-dig-listen.question","sad-kid-dog","D, K, O · Dig and rest","dko-dig-book","Time for a rest","dko-dig-listen","listen","Listening question","Why did Pat stop digging?","script-71548804aa82","kim-dig","","","recording_needed",""
"programme_audio","l1.dko-dig-book.dko-dig-listen.choice-hot","sad-kid-dog","D, K, O · Dig and rest","dko-dig-book","Time for a rest","dko-dig-listen","listen","Picture label on request","Pat felt hot.","script-f89494e592de","pat-hot","","","recording_needed","Heard only when the child asks for this picture label."
"programme_audio","l1.dko-dig-book.dko-dig-listen.choice-dog","sad-kid-dog","D, K, O · Dig and rest","dko-dig-book","Time for a rest","dko-dig-listen","listen","Picture label on request","Pat saw a dog.","script-2cba7a041ca9","dog","","","recording_needed","Heard only when the child asks for this picture label."
"programme_video_model","l1.dko-dig-book.dko-dig-listen.model","sad-kid-dog","D, K, O · Dig and rest","dko-dig-book","Time for a rest","dko-dig-listen","listen","Optional teaching model","","","kim-dig","","","optional_placeholder","Objective: Read a short event sequence and connect feeling hot with resting. A model is shown at phase 0 (if this step has one) and after the step is ready. There is no authored video script or uploaded file implied by this slot."
"programme_audio","l1.dko-dig-book.dko-dig-read.cover.directions-0","sad-kid-dog","D, K, O · Dig and rest","dko-dig-book","Time for a rest","dko-dig-read.cover","book-cover","Directions, phase 0","Tap Listen.","script-926dc21c3e05","","","","recording_needed",""
"programme_audio","l1.dko-dig-book.dko-dig-read.cover.directions-0-heard","sad-kid-dog","D, K, O · Dig and rest","dko-dig-book","Time for a rest","dko-dig-read.cover","book-cover","Response directions, phase 0","Ready for the next part?","script-77a9094a81f0","","","","recording_needed","Replayable current-action cue. On first requested sound/spelling playback this precedes the target, keeping the target sound/word last. Replay plays the target alone."
"programme_audio","l1.dko-dig-book.dko-dig-read.cover.directions-1","sad-kid-dog","D, K, O · Dig and rest","dko-dig-book","Time for a rest","dko-dig-read.cover","book-cover","Step success directions","You did it!","script-7f6dd03e6c9e","","","","recording_needed",""
"programme_audio","l1.dko-dig-book.dko-dig-read.cover.prepare-0","sad-kid-dog","D, K, O · Dig and rest","dko-dig-book","Time for a rest","dko-dig-read.cover","book-cover","Book vocabulary or character preparation","Kim","script-d25949ef9e76","kim-dig","","","recording_needed","One tap-paced card at a time. Next advances only after this part is heard or read together. No joined convention monologue."
"programme_audio","l1.dko-dig-book.dko-dig-read.cover.prepare-1","sad-kid-dog","D, K, O · Dig and rest","dko-dig-book","Time for a rest","dko-dig-read.cover","book-cover","Book vocabulary or character preparation","dig","script-ebbde58a4bbe","pat-dig","","","recording_needed","One tap-paced card at a time. Next advances only after this part is heard or read together. No joined convention monologue."
"programme_audio","l1.dko-dig-book.dko-dig-read.cover.prepare-2","sad-kid-dog","D, K, O · Dig and rest","dko-dig-book","Time for a rest","dko-dig-read.cover","book-cover","Book vocabulary or character preparation","hot","script-7f5d1618e7d2","pat-hot","","","recording_needed","One tap-paced card at a time. Next advances only after this part is heard or read together. No joined convention monologue."
"programme_audio","l1.dko-dig-book.dko-dig-read.cover.convention-0","sad-kid-dog","D, K, O · Dig and rest","dko-dig-book","Time for a rest","dko-dig-read.cover","book-cover","Book preparation model","Kim starts with big K. Big K and small k go together.","script-66fa2144b1c4","","","","recording_needed","One tap-paced card at a time. Next advances only after this part is heard or read together. No joined convention monologue."
"programme_video_model","l1.dko-dig-book.dko-dig-read.cover.model","sad-kid-dog","D, K, O · Dig and rest","dko-dig-book","Time for a rest","dko-dig-read.cover","book-cover","Optional teaching model","","","","","","optional_placeholder","Objective: Read a short event sequence and connect feeling hot with resting. A model is shown at phase 0 (if this step has one) and after the step is ready. There is no authored video script or uploaded file implied by this slot."
"programme_audio","l1.dko-dig-book.dko-dig-read.kim-dig.directions-0","sad-kid-dog","D, K, O · Dig and rest","dko-dig-book","Time for a rest","dko-dig-read.kim-dig","page","Directions, phase 0","Your turn to read.","script-628afdc4429d","kim-dig","","","recording_needed",""
"programme_audio","l1.dko-dig-book.dko-dig-read.kim-dig.directions-1","sad-kid-dog","D, K, O · Dig and rest","dko-dig-book","Time for a rest","dko-dig-read.kim-dig","page","Directions, phase 1","See the story.","script-c0a5efc3c898","kim-dig","","","recording_needed",""
"programme_audio","l1.dko-dig-book.dko-dig-read.kim-dig.directions-2","sad-kid-dog","D, K, O · Dig and rest","dko-dig-book","Time for a rest","dko-dig-read.kim-dig","page","Step success directions","You did it!","script-7f6dd03e6c9e","kim-dig","","","recording_needed",""
"programme_audio","l1.dko-dig-book.dko-dig-read.kim-dig.page","sad-kid-dog","D, K, O · Dig and rest","dko-dig-book","Time for a rest","dko-dig-read.kim-dig","page","Read the complete page","Kim can dig.","script-abf8880a6d93","kim-dig","","","recording_needed","Preserve the sentence punctuation and phrasing."
"programme_audio","l1.dko-dig-book.dko-dig-read.kim-dig.word-0","sad-kid-dog","D, K, O · Dig and rest","dko-dig-book","Time for a rest","dko-dig-read.kim-dig","page","Tapped page word","Kim","script-d25949ef9e76","kim-dig","","","recording_needed","Index and text exactly match the on-screen space-separated token, including its punctuation."
"programme_audio","l1.dko-dig-book.dko-dig-read.kim-dig.word-1","sad-kid-dog","D, K, O · Dig and rest","dko-dig-book","Time for a rest","dko-dig-read.kim-dig","page","Tapped page word","can","script-9f584196e7fe","kim-dig","","","recording_needed","Index and text exactly match the on-screen space-separated token, including its punctuation."
"programme_audio","l1.dko-dig-book.dko-dig-read.kim-dig.word-2","sad-kid-dog","D, K, O · Dig and rest","dko-dig-book","Time for a rest","dko-dig-read.kim-dig","page","Tapped page word","dig.","script-ab81c550a214","kim-dig","","","recording_needed","Index and text exactly match the on-screen space-separated token, including its punctuation."
"programme_video_model","l1.dko-dig-book.dko-dig-read.kim-dig.model","sad-kid-dog","D, K, O · Dig and rest","dko-dig-book","Time for a rest","dko-dig-read.kim-dig","page","Optional teaching model","","","kim-dig","","","optional_placeholder","Objective: Read a short event sequence and connect feeling hot with resting. A model is shown at phase 0 (if this step has one) and after the step is ready. There is no authored video script or uploaded file implied by this slot."
"programme_audio","l1.dko-dig-book.dko-dig-read.pat-dig.directions-0","sad-kid-dog","D, K, O · Dig and rest","dko-dig-book","Time for a rest","dko-dig-read.pat-dig","page","Directions, phase 0","Your turn to read.","script-628afdc4429d","pat-dig","","","recording_needed",""
"programme_audio","l1.dko-dig-book.dko-dig-read.pat-dig.directions-1","sad-kid-dog","D, K, O · Dig and rest","dko-dig-book","Time for a rest","dko-dig-read.pat-dig","page","Directions, phase 1","See the story.","script-c0a5efc3c898","pat-dig","","","recording_needed",""
"programme_audio","l1.dko-dig-book.dko-dig-read.pat-dig.directions-2","sad-kid-dog","D, K, O · Dig and rest","dko-dig-book","Time for a rest","dko-dig-read.pat-dig","page","Step success directions","You did it!","script-7f6dd03e6c9e","pat-dig","","","recording_needed",""
"programme_audio","l1.dko-dig-book.dko-dig-read.pat-dig.page","sad-kid-dog","D, K, O · Dig and rest","dko-dig-book","Time for a rest","dko-dig-read.pat-dig","page","Read the complete page","Pat can dig.","script-23430a7bb99e","pat-dig","","","recording_needed","Preserve the sentence punctuation and phrasing."
"programme_audio","l1.dko-dig-book.dko-dig-read.pat-dig.word-0","sad-kid-dog","D, K, O · Dig and rest","dko-dig-book","Time for a rest","dko-dig-read.pat-dig","page","Tapped page word","Pat","script-b1cbff209280","pat-dig","","","recording_needed","Index and text exactly match the on-screen space-separated token, including its punctuation."
"programme_audio","l1.dko-dig-book.dko-dig-read.pat-dig.word-1","sad-kid-dog","D, K, O · Dig and rest","dko-dig-book","Time for a rest","dko-dig-read.pat-dig","page","Tapped page word","can","script-9f584196e7fe","pat-dig","","","recording_needed","Index and text exactly match the on-screen space-separated token, including its punctuation."
"programme_audio","l1.dko-dig-book.dko-dig-read.pat-dig.word-2","sad-kid-dog","D, K, O · Dig and rest","dko-dig-book","Time for a rest","dko-dig-read.pat-dig","page","Tapped page word","dig.","script-ab81c550a214","pat-dig","","","recording_needed","Index and text exactly match the on-screen space-separated token, including its punctuation."
"programme_video_model","l1.dko-dig-book.dko-dig-read.pat-dig.model","sad-kid-dog","D, K, O · Dig and rest","dko-dig-book","Time for a rest","dko-dig-read.pat-dig","page","Optional teaching model","","","pat-dig","","","optional_placeholder","Objective: Read a short event sequence and connect feeling hot with resting. A model is shown at phase 0 (if this step has one) and after the step is ready. There is no authored video script or uploaded file implied by this slot."
"programme_audio","l1.dko-dig-book.dko-dig-read.pat-hot.directions-0","sad-kid-dog","D, K, O · Dig and rest","dko-dig-book","Time for a rest","dko-dig-read.pat-hot","page","Directions, phase 0","Your turn to read.","script-628afdc4429d","pat-hot","","","recording_needed",""
"programme_audio","l1.dko-dig-book.dko-dig-read.pat-hot.directions-1","sad-kid-dog","D, K, O · Dig and rest","dko-dig-book","Time for a rest","dko-dig-read.pat-hot","page","Directions, phase 1","See the story.","script-c0a5efc3c898","pat-hot","","","recording_needed",""
"programme_audio","l1.dko-dig-book.dko-dig-read.pat-hot.directions-2","sad-kid-dog","D, K, O · Dig and rest","dko-dig-book","Time for a rest","dko-dig-read.pat-hot","page","Step success directions","You did it!","script-7f6dd03e6c9e","pat-hot","","","recording_needed",""
"programme_audio","l1.dko-dig-book.dko-dig-read.pat-hot.page","sad-kid-dog","D, K, O · Dig and rest","dko-dig-book","Time for a rest","dko-dig-read.pat-hot","page","Read the complete page","Pat got hot.","script-c3d6e20e0a09","pat-hot","","","recording_needed","Preserve the sentence punctuation and phrasing."
"programme_audio","l1.dko-dig-book.dko-dig-read.pat-hot.word-0","sad-kid-dog","D, K, O · Dig and rest","dko-dig-book","Time for a rest","dko-dig-read.pat-hot","page","Tapped page word","Pat","script-b1cbff209280","pat-hot","","","recording_needed","Index and text exactly match the on-screen space-separated token, including its punctuation."
"programme_audio","l1.dko-dig-book.dko-dig-read.pat-hot.word-1","sad-kid-dog","D, K, O · Dig and rest","dko-dig-book","Time for a rest","dko-dig-read.pat-hot","page","Tapped page word","got","script-0497db517ef0","pat-hot","","","recording_needed","Index and text exactly match the on-screen space-separated token, including its punctuation."
"programme_audio","l1.dko-dig-book.dko-dig-read.pat-hot.word-2","sad-kid-dog","D, K, O · Dig and rest","dko-dig-book","Time for a rest","dko-dig-read.pat-hot","page","Tapped page word","hot.","script-780db8b6176a","pat-hot","","","recording_needed","Index and text exactly match the on-screen space-separated token, including its punctuation."
"programme_video_model","l1.dko-dig-book.dko-dig-read.pat-hot.model","sad-kid-dog","D, K, O · Dig and rest","dko-dig-book","Time for a rest","dko-dig-read.pat-hot","page","Optional teaching model","","","pat-hot","","","optional_placeholder","Objective: Read a short event sequence and connect feeling hot with resting. A model is shown at phase 0 (if this step has one) and after the step is ready. There is no authored video script or uploaded file implied by this slot."
"programme_audio","l1.dko-dig-book.dko-dig-read.pat-rest.directions-0","sad-kid-dog","D, K, O · Dig and rest","dko-dig-book","Time for a rest","dko-dig-read.pat-rest","page","Directions, phase 0","Your turn to read.","script-628afdc4429d","pat-sat","","","recording_needed",""
"programme_audio","l1.dko-dig-book.dko-dig-read.pat-rest.directions-1","sad-kid-dog","D, K, O · Dig and rest","dko-dig-book","Time for a rest","dko-dig-read.pat-rest","page","Directions, phase 1","What happened after Pat got hot?","script-4dd30b096a48","pat-sat","","","recording_needed",""
"programme_audio","l1.dko-dig-book.dko-dig-read.pat-rest.directions-2","sad-kid-dog","D, K, O · Dig and rest","dko-dig-book","Time for a rest","dko-dig-read.pat-rest","page","Step success directions","You did it!","script-7f6dd03e6c9e","pat-sat","","","recording_needed",""
"programme_audio","l1.dko-dig-book.dko-dig-read.pat-rest.directions-complete","sad-kid-dog","D, K, O · Dig and rest","dko-dig-book","Time for a rest","dko-dig-read.pat-rest","page","Activity completion directions","Well done!","script-462164a0645e","pat-sat","","","recording_needed",""
"programme_audio","l1.dko-dig-book.dko-dig-read.pat-rest.retry","sad-kid-dog","D, K, O · Dig and rest","dko-dig-book","Time for a rest","dko-dig-read.pat-rest","page","First retry","Let’s have another try.","script-914076714817","pat-sat","","","recording_needed",""
"programme_audio","l1.dko-dig-book.dko-dig-read.pat-rest.page","sad-kid-dog","D, K, O · Dig and rest","dko-dig-book","Time for a rest","dko-dig-read.pat-rest","page","Read the complete page","Pat sat.","script-281e4170a8c8","pat-sat","","","recording_needed","Preserve the sentence punctuation and phrasing."
"programme_audio","l1.dko-dig-book.dko-dig-read.pat-rest.word-0","sad-kid-dog","D, K, O · Dig and rest","dko-dig-book","Time for a rest","dko-dig-read.pat-rest","page","Tapped page word","Pat","script-b1cbff209280","pat-sat","","","recording_needed","Index and text exactly match the on-screen space-separated token, including its punctuation."
"programme_audio","l1.dko-dig-book.dko-dig-read.pat-rest.word-1","sad-kid-dog","D, K, O · Dig and rest","dko-dig-book","Time for a rest","dko-dig-read.pat-rest","page","Tapped page word","sat.","script-770669ec5aa4","pat-sat","","","recording_needed","Index and text exactly match the on-screen space-separated token, including its punctuation."
"programme_audio","l1.dko-dig-book.dko-dig-read.pat-rest.question","sad-kid-dog","D, K, O · Dig and rest","dko-dig-book","Time for a rest","dko-dig-read.pat-rest","page","Page meaning question","What happened after Pat got hot?","script-4dd30b096a48","pat-sat","","","recording_needed",""
"programme_audio","l1.dko-dig-book.dko-dig-read.pat-rest.choice-rest","sad-kid-dog","D, K, O · Dig and rest","dko-dig-book","Time for a rest","dko-dig-read.pat-rest","page","Picture label on request","Pat sat.","script-281e4170a8c8","pat-sat","","","recording_needed","Heard only when the child asks for this picture label."
"programme_audio","l1.dko-dig-book.dko-dig-read.pat-rest.choice-dig","sad-kid-dog","D, K, O · Dig and rest","dko-dig-book","Time for a rest","dko-dig-read.pat-rest","page","Picture label on request","Pat started digging.","script-9f8b50face30","pat-dig","","","recording_needed","Heard only when the child asks for this picture label."
"programme_video_model","l1.dko-dig-book.dko-dig-read.pat-rest.model","sad-kid-dog","D, K, O · Dig and rest","dko-dig-book","Time for a rest","dko-dig-read.pat-rest","page","Optional teaching model","","","pat-sat","","","optional_placeholder","Objective: Read a short event sequence and connect feeling hot with resting. A model is shown at phase 0 (if this step has one) and after the step is ready. There is no authored video script or uploaded file implied by this slot."
"programme_audio","l1.dko-return.dko-check-o.directions-1","sad-kid-dog","D, K, O · Dig and rest","dko-return","Listen across vowels","dko-check-o","sound","Directions, phase 1","Tap Listen.","script-926dc21c3e05","","","","recording_needed",""
"programme_audio","l1.dko-return.dko-check-o.directions-1-heard","sad-kid-dog","D, K, O · Dig and rest","dko-return","Listen across vowels","dko-check-o","sound","Response directions, phase 1","Tap the letter.","script-a00c410a35f6","","","","recording_needed","Replayable current-action cue. On first requested sound/spelling playback this precedes the target, keeping the target sound/word last. Replay plays the target alone."
"programme_audio","l1.dko-return.dko-check-o.directions-2","sad-kid-dog","D, K, O · Dig and rest","dko-return","Listen across vowels","dko-check-o","sound","Step success directions","You did it!","script-7f6dd03e6c9e","","","","recording_needed",""
"programme_audio","l1.dko-return.dko-check-o.retry","sad-kid-dog","D, K, O · Dig and rest","dko-return","Listen across vowels","dko-check-o","sound","First retry","Let’s have another try.","script-914076714817","","","","recording_needed",""
"programme_video_model","l1.dko-return.dko-check-o.model","sad-kid-dog","D, K, O · Dig and rest","dko-return","Listen across vowels","dko-check-o","sound","Optional teaching model","","","","","","optional_placeholder","Objective: Compare short o with earlier vowels and build a known word. A model is shown at phase 0 (if this step has one) and after the step is ready. There is no authored video script or uploaded file implied by this slot."
"programme_audio","l1.dko-return.dko-check-e.directions-1","sad-kid-dog","D, K, O · Dig and rest","dko-return","Listen across vowels","dko-check-e","sound","Directions, phase 1","Tap Listen.","script-926dc21c3e05","","","","recording_needed",""
"programme_audio","l1.dko-return.dko-check-e.directions-1-heard","sad-kid-dog","D, K, O · Dig and rest","dko-return","Listen across vowels","dko-check-e","sound","Response directions, phase 1","Tap the letter.","script-a00c410a35f6","","","","recording_needed","Replayable current-action cue. On first requested sound/spelling playback this precedes the target, keeping the target sound/word last. Replay plays the target alone."
"programme_audio","l1.dko-return.dko-check-e.directions-2","sad-kid-dog","D, K, O · Dig and rest","dko-return","Listen across vowels","dko-check-e","sound","Step success directions","You did it!","script-7f6dd03e6c9e","","","","recording_needed",""
"programme_audio","l1.dko-return.dko-check-e.retry","sad-kid-dog","D, K, O · Dig and rest","dko-return","Listen across vowels","dko-check-e","sound","First retry","Let’s have another try.","script-914076714817","","","","recording_needed",""
"programme_video_model","l1.dko-return.dko-check-e.model","sad-kid-dog","D, K, O · Dig and rest","dko-return","Listen across vowels","dko-check-e","sound","Optional teaching model","","","","","","optional_placeholder","Objective: Compare short o with earlier vowels and build a known word. A model is shown at phase 0 (if this step has one) and after the step is ready. There is no authored video script or uploaded file implied by this slot."
"programme_audio","l1.dko-return.dko-check-dog.directions-0","sad-kid-dog","D, K, O · Dig and rest","dko-return","Listen across vowels","dko-check-dog","read","Directions, phase 0","Try reading this word.","script-c747b57459bc","","","","recording_needed",""
"programme_audio","l1.dko-return.dko-check-dog.directions-1","sad-kid-dog","D, K, O · Dig and rest","dko-return","Listen across vowels","dko-check-dog","read","Directions, phase 1","Tap its picture.","script-7cf1de8e870f","","","","recording_needed",""
"programme_audio","l1.dko-return.dko-check-dog.directions-2","sad-kid-dog","D, K, O · Dig and rest","dko-return","Listen across vowels","dko-check-dog","read","Step success directions","You did it!","script-7f6dd03e6c9e","","","","recording_needed",""
"programme_audio","l1.dko-return.dko-check-dog.retry","sad-kid-dog","D, K, O · Dig and rest","dko-return","Listen across vowels","dko-check-dog","read","First retry","Let’s have another try.","script-914076714817","","","","recording_needed",""
"programme_audio","l1.dko-return.dko-check-dog.word","sad-kid-dog","D, K, O · Dig and rest","dko-return","Listen across vowels","dko-check-dog","read","Whole word","dog","script-cd6357efdd96","","","","recording_needed","Say the whole word naturally. Individual phonemes use the existing sound-<letter> files."
"programme_audio","l1.dko-return.dko-check-dog.meaning","sad-kid-dog","D, K, O · Dig and rest","dko-return","Listen across vowels","dko-check-dog","read","Word and meaning","dog. A dog","script-089a7da638a9","","","","recording_needed","The same exact script is used wherever this step explains its meaning."
"programme_audio","l1.dko-return.dko-check-dog.question","sad-kid-dog","D, K, O · Dig and rest","dko-return","Listen across vowels","dko-check-dog","read","Picture choice instruction","Tap its picture.","script-7cf1de8e870f","","","","recording_needed",""
"programme_audio","l1.dko-return.dko-check-dog.choice-dog","sad-kid-dog","D, K, O · Dig and rest","dko-return","Listen across vowels","dko-check-dog","read","Picture label on request","A dog","script-d2894c61cfd4","dog","","","recording_needed","Heard only when the child asks for this picture label."
"programme_audio","l1.dko-return.dko-check-dog.choice-pig","sad-kid-dog","D, K, O · Dig and rest","dko-return","Listen across vowels","dko-check-dog","read","Picture label on request","A pig","script-494b3a5325eb","pig","","","recording_needed","Heard only when the child asks for this picture label."
"programme_video_model","l1.dko-return.dko-check-dog.model","sad-kid-dog","D, K, O · Dig and rest","dko-return","Listen across vowels","dko-check-dog","read","Optional teaching model","","","","","","optional_placeholder","Objective: Compare short o with earlier vowels and build a known word. A model is shown at phase 0 (if this step has one) and after the step is ready. There is no authored video script or uploaded file implied by this slot."
"programme_audio","l1.dko-return.dko-check-mat.directions-1","sad-kid-dog","D, K, O · Dig and rest","dko-return","Listen across vowels","dko-check-mat","build","Directions, phase 1","Tap Listen.","script-926dc21c3e05","mat","","","recording_needed",""
"programme_audio","l1.dko-return.dko-check-mat.directions-1-heard","sad-kid-dog","D, K, O · Dig and rest","dko-return","Listen across vowels","dko-check-mat","build","Response directions, phase 1","Make the word.","script-1069c4a52ede","mat","","","recording_needed","Replayable current-action cue. On first requested sound/spelling playback this precedes the target, keeping the target sound/word last. Replay plays the target alone."
"programme_audio","l1.dko-return.dko-check-mat.directions-2","sad-kid-dog","D, K, O · Dig and rest","dko-return","Listen across vowels","dko-check-mat","build","Step success directions","You did it!","script-7f6dd03e6c9e","mat","","","recording_needed",""
"programme_audio","l1.dko-return.dko-check-mat.directions-complete","sad-kid-dog","D, K, O · Dig and rest","dko-return","Listen across vowels","dko-check-mat","build","Activity completion directions","Well done!","script-462164a0645e","mat","","","recording_needed",""
"programme_audio","l1.dko-return.dko-check-mat.retry","sad-kid-dog","D, K, O · Dig and rest","dko-return","Listen across vowels","dko-check-mat","build","First retry","Let’s have another try.","script-914076714817","mat","","","recording_needed",""
"programme_audio","l1.dko-return.dko-check-mat.word","sad-kid-dog","D, K, O · Dig and rest","dko-return","Listen across vowels","dko-check-mat","build","Whole word","mat","script-0c1c541af9cc","mat","","","recording_needed","Say the whole word naturally. Individual phonemes use the existing sound-<letter> files."
"programme_audio","l1.dko-return.dko-check-mat.meaning","sad-kid-dog","D, K, O · Dig and rest","dko-return","Listen across vowels","dko-check-mat","build","Word and meaning","mat. A mat is something we can sit or stand on.","script-81b27dad8bf3","mat","","","recording_needed","The same exact script is used wherever this step explains its meaning."
"programme_video_model","l1.dko-return.dko-check-mat.model","sad-kid-dog","D, K, O · Dig and rest","dko-return","Listen across vowels","dko-check-mat","build","Optional teaching model","","","mat","","","optional_placeholder","Objective: Compare short o with earlier vowels and build a known word. A model is shown at phase 0 (if this step has one) and after the step is ready. There is no authored video script or uploaded file implied by this slot."
"programme_audio","l1.lfb-meet-l.lfb-meet-l-retrieve.directions-1","log-fan-bag","L, F, B · Find the bag","lfb-meet-l","Meet l · log","lfb-meet-l-retrieve","sound","Directions, phase 1","Tap Listen.","script-926dc21c3e05","","","","recording_needed",""
"programme_audio","l1.lfb-meet-l.lfb-meet-l-retrieve.directions-1-heard","log-fan-bag","L, F, B · Find the bag","lfb-meet-l","Meet l · log","lfb-meet-l-retrieve","sound","Response directions, phase 1","Tap the letter.","script-a00c410a35f6","","","","recording_needed","Replayable current-action cue. On first requested sound/spelling playback this precedes the target, keeping the target sound/word last. Replay plays the target alone."
"programme_audio","l1.lfb-meet-l.lfb-meet-l-retrieve.directions-2","log-fan-bag","L, F, B · Find the bag","lfb-meet-l","Meet l · log","lfb-meet-l-retrieve","sound","Step success directions","You did it!","script-7f6dd03e6c9e","","","","recording_needed",""
"programme_audio","l1.lfb-meet-l.lfb-meet-l-retrieve.retry","log-fan-bag","L, F, B · Find the bag","lfb-meet-l","Meet l · log","lfb-meet-l-retrieve","sound","First retry","Let’s have another try.","script-914076714817","","","","recording_needed",""
"programme_video_model","l1.lfb-meet-l.lfb-meet-l-retrieve.model","log-fan-bag","L, F, B · Find the bag","lfb-meet-l","Meet l · log","lfb-meet-l-retrieve","sound","Optional teaching model","","","","","","optional_placeholder","Objective: Hear l, build log, and connect its print with its meaning. A model is shown at phase 0 (if this step has one) and after the step is ready. There is no authored video script or uploaded file implied by this slot."
"programme_audio","l1.lfb-meet-l.lfb-meet-l-model.directions-0","log-fan-bag","L, F, B · Find the bag","lfb-meet-l","Meet l · log","lfb-meet-l-model","sound","Directions, phase 0","Tap Listen.","script-926dc21c3e05","","","","recording_needed",""
"programme_audio","l1.lfb-meet-l.lfb-meet-l-model.directions-0-heard","log-fan-bag","L, F, B · Find the bag","lfb-meet-l","Meet l · log","lfb-meet-l-model","sound","Response directions, phase 0","Say the sound.","script-be7daa24b299","","","","recording_needed","Replayable current-action cue. On first requested sound/spelling playback this precedes the target, keeping the target sound/word last. Replay plays the target alone."
"programme_audio","l1.lfb-meet-l.lfb-meet-l-model.directions-1","log-fan-bag","L, F, B · Find the bag","lfb-meet-l","Meet l · log","lfb-meet-l-model","sound","Directions, phase 1","Tap Listen.","script-926dc21c3e05","","","","recording_needed",""
"programme_audio","l1.lfb-meet-l.lfb-meet-l-model.directions-1-heard","log-fan-bag","L, F, B · Find the bag","lfb-meet-l","Meet l · log","lfb-meet-l-model","sound","Response directions, phase 1","Tap the letter.","script-a00c410a35f6","","","","recording_needed","Replayable current-action cue. On first requested sound/spelling playback this precedes the target, keeping the target sound/word last. Replay plays the target alone."
"programme_audio","l1.lfb-meet-l.lfb-meet-l-model.directions-2","log-fan-bag","L, F, B · Find the bag","lfb-meet-l","Meet l · log","lfb-meet-l-model","sound","Step success directions","You did it!","script-7f6dd03e6c9e","","","","recording_needed",""
"programme_audio","l1.lfb-meet-l.lfb-meet-l-model.retry","log-fan-bag","L, F, B · Find the bag","lfb-meet-l","Meet l · log","lfb-meet-l-model","sound","First retry","Let’s have another try.","script-914076714817","","","","recording_needed",""
"programme_video_model","l1.lfb-meet-l.lfb-meet-l-model.model","log-fan-bag","L, F, B · Find the bag","lfb-meet-l","Meet l · log","lfb-meet-l-model","sound","Optional teaching model","","","","","","optional_placeholder","Objective: Hear l, build log, and connect its print with its meaning. A model is shown at phase 0 (if this step has one) and after the step is ready. There is no authored video script or uploaded file implied by this slot."
"programme_audio","l1.lfb-meet-l.lfb-meet-l-build.directions-0","log-fan-bag","L, F, B · Find the bag","lfb-meet-l","Meet l · log","lfb-meet-l-build","build","Directions, phase 0","Tap Listen.","script-926dc21c3e05","log","","","recording_needed",""
"programme_audio","l1.lfb-meet-l.lfb-meet-l-build.directions-0-heard","log-fan-bag","L, F, B · Find the bag","lfb-meet-l","Meet l · log","lfb-meet-l-build","build","Response directions, phase 0","Say the word.","script-e33bc428e31b","log","","","recording_needed","Replayable current-action cue. On first requested sound/spelling playback this precedes the target, keeping the target sound/word last. Replay plays the target alone."
"programme_audio","l1.lfb-meet-l.lfb-meet-l-build.directions-1","log-fan-bag","L, F, B · Find the bag","lfb-meet-l","Meet l · log","lfb-meet-l-build","build","Directions, phase 1","Tap Listen.","script-926dc21c3e05","log","","","recording_needed",""
"programme_audio","l1.lfb-meet-l.lfb-meet-l-build.directions-1-heard","log-fan-bag","L, F, B · Find the bag","lfb-meet-l","Meet l · log","lfb-meet-l-build","build","Response directions, phase 1","Make the word.","script-1069c4a52ede","log","","","recording_needed","Replayable current-action cue. On first requested sound/spelling playback this precedes the target, keeping the target sound/word last. Replay plays the target alone."
"programme_audio","l1.lfb-meet-l.lfb-meet-l-build.directions-2","log-fan-bag","L, F, B · Find the bag","lfb-meet-l","Meet l · log","lfb-meet-l-build","build","Step success directions","You did it!","script-7f6dd03e6c9e","log","","","recording_needed",""
"programme_audio","l1.lfb-meet-l.lfb-meet-l-build.retry","log-fan-bag","L, F, B · Find the bag","lfb-meet-l","Meet l · log","lfb-meet-l-build","build","First retry","Let’s have another try.","script-914076714817","log","","","recording_needed",""
"programme_audio","l1.lfb-meet-l.lfb-meet-l-build.word","log-fan-bag","L, F, B · Find the bag","lfb-meet-l","Meet l · log","lfb-meet-l-build","build","Whole word","log","script-836ff184e7b4","log","","","recording_needed","Say the whole word naturally. Individual phonemes use the existing sound-<letter> files."
"programme_audio","l1.lfb-meet-l.lfb-meet-l-build.meaning","log-fan-bag","L, F, B · Find the bag","lfb-meet-l","Meet l · log","lfb-meet-l-build","build","Word and meaning","log. A log is a thick piece of wood from a tree.","script-357e78ebd830","log","","","recording_needed","The same exact script is used wherever this step explains its meaning."
"programme_video_model","l1.lfb-meet-l.lfb-meet-l-build.model","log-fan-bag","L, F, B · Find the bag","lfb-meet-l","Meet l · log","lfb-meet-l-build","build","Optional teaching model","","","log","","","optional_placeholder","Objective: Hear l, build log, and connect its print with its meaning. A model is shown at phase 0 (if this step has one) and after the step is ready. There is no authored video script or uploaded file implied by this slot."
"programme_audio","l1.lfb-meet-l.lfb-meet-l-read.directions-0","log-fan-bag","L, F, B · Find the bag","lfb-meet-l","Meet l · log","lfb-meet-l-read","read","Directions, phase 0","Try reading this word.","script-c747b57459bc","","","","recording_needed",""
"programme_audio","l1.lfb-meet-l.lfb-meet-l-read.directions-1","log-fan-bag","L, F, B · Find the bag","lfb-meet-l","Meet l · log","lfb-meet-l-read","read","Directions, phase 1","Tap its picture.","script-7cf1de8e870f","","","","recording_needed",""
"programme_audio","l1.lfb-meet-l.lfb-meet-l-read.directions-2","log-fan-bag","L, F, B · Find the bag","lfb-meet-l","Meet l · log","lfb-meet-l-read","read","Step success directions","You did it!","script-7f6dd03e6c9e","","","","recording_needed",""
"programme_audio","l1.lfb-meet-l.lfb-meet-l-read.directions-complete","log-fan-bag","L, F, B · Find the bag","lfb-meet-l","Meet l · log","lfb-meet-l-read","read","Activity completion directions","Well done!","script-462164a0645e","","","","recording_needed",""
"programme_audio","l1.lfb-meet-l.lfb-meet-l-read.retry","log-fan-bag","L, F, B · Find the bag","lfb-meet-l","Meet l · log","lfb-meet-l-read","read","First retry","Let’s have another try.","script-914076714817","","","","recording_needed",""
"programme_audio","l1.lfb-meet-l.lfb-meet-l-read.word","log-fan-bag","L, F, B · Find the bag","lfb-meet-l","Meet l · log","lfb-meet-l-read","read","Whole word","log","script-836ff184e7b4","","","","recording_needed","Say the whole word naturally. Individual phonemes use the existing sound-<letter> files."
"programme_audio","l1.lfb-meet-l.lfb-meet-l-read.meaning","log-fan-bag","L, F, B · Find the bag","lfb-meet-l","Meet l · log","lfb-meet-l-read","read","Word and meaning","log. A log is a thick piece of wood from a tree.","script-357e78ebd830","","","","recording_needed","The same exact script is used wherever this step explains its meaning."
"programme_audio","l1.lfb-meet-l.lfb-meet-l-read.question","log-fan-bag","L, F, B · Find the bag","lfb-meet-l","Meet l · log","lfb-meet-l-read","read","Picture choice instruction","Tap its picture.","script-7cf1de8e870f","","","","recording_needed",""
"programme_audio","l1.lfb-meet-l.lfb-meet-l-read.choice-log","log-fan-bag","L, F, B · Find the bag","lfb-meet-l","Meet l · log","lfb-meet-l-read","read","Picture label on request","A log is a thick piece of wood from a tree.","script-421224119da1","log","","","recording_needed","Heard only when the child asks for this picture label."
"programme_audio","l1.lfb-meet-l.lfb-meet-l-read.choice-dog","log-fan-bag","L, F, B · Find the bag","lfb-meet-l","Meet l · log","lfb-meet-l-read","read","Picture label on request","A dog","script-d2894c61cfd4","dog","","","recording_needed","Heard only when the child asks for this picture label."
"programme_video_model","l1.lfb-meet-l.lfb-meet-l-read.model","log-fan-bag","L, F, B · Find the bag","lfb-meet-l","Meet l · log","lfb-meet-l-read","read","Optional teaching model","","","","","","optional_placeholder","Objective: Hear l, build log, and connect its print with its meaning. A model is shown at phase 0 (if this step has one) and after the step is ready. There is no authored video script or uploaded file implied by this slot."
"programme_audio","l1.lfb-meet-f.lfb-meet-f-retrieve.directions-1","log-fan-bag","L, F, B · Find the bag","lfb-meet-f","Meet f · fan","lfb-meet-f-retrieve","sound","Directions, phase 1","Tap Listen.","script-926dc21c3e05","","","","recording_needed",""
"programme_audio","l1.lfb-meet-f.lfb-meet-f-retrieve.directions-1-heard","log-fan-bag","L, F, B · Find the bag","lfb-meet-f","Meet f · fan","lfb-meet-f-retrieve","sound","Response directions, phase 1","Tap the letter.","script-a00c410a35f6","","","","recording_needed","Replayable current-action cue. On first requested sound/spelling playback this precedes the target, keeping the target sound/word last. Replay plays the target alone."
"programme_audio","l1.lfb-meet-f.lfb-meet-f-retrieve.directions-2","log-fan-bag","L, F, B · Find the bag","lfb-meet-f","Meet f · fan","lfb-meet-f-retrieve","sound","Step success directions","You did it!","script-7f6dd03e6c9e","","","","recording_needed",""
"programme_audio","l1.lfb-meet-f.lfb-meet-f-retrieve.retry","log-fan-bag","L, F, B · Find the bag","lfb-meet-f","Meet f · fan","lfb-meet-f-retrieve","sound","First retry","Let’s have another try.","script-914076714817","","","","recording_needed",""
"programme_video_model","l1.lfb-meet-f.lfb-meet-f-retrieve.model","log-fan-bag","L, F, B · Find the bag","lfb-meet-f","Meet f · fan","lfb-meet-f-retrieve","sound","Optional teaching model","","","","","","optional_placeholder","Objective: Hear f, build fan, and connect its print with its meaning. A model is shown at phase 0 (if this step has one) and after the step is ready. There is no authored video script or uploaded file implied by this slot."
"programme_audio","l1.lfb-meet-f.lfb-meet-f-model.directions-0","log-fan-bag","L, F, B · Find the bag","lfb-meet-f","Meet f · fan","lfb-meet-f-model","sound","Directions, phase 0","Tap Listen.","script-926dc21c3e05","","","","recording_needed",""
"programme_audio","l1.lfb-meet-f.lfb-meet-f-model.directions-0-heard","log-fan-bag","L, F, B · Find the bag","lfb-meet-f","Meet f · fan","lfb-meet-f-model","sound","Response directions, phase 0","Say the sound.","script-be7daa24b299","","","","recording_needed","Replayable current-action cue. On first requested sound/spelling playback this precedes the target, keeping the target sound/word last. Replay plays the target alone."
"programme_audio","l1.lfb-meet-f.lfb-meet-f-model.directions-1","log-fan-bag","L, F, B · Find the bag","lfb-meet-f","Meet f · fan","lfb-meet-f-model","sound","Directions, phase 1","Tap Listen.","script-926dc21c3e05","","","","recording_needed",""
"programme_audio","l1.lfb-meet-f.lfb-meet-f-model.directions-1-heard","log-fan-bag","L, F, B · Find the bag","lfb-meet-f","Meet f · fan","lfb-meet-f-model","sound","Response directions, phase 1","Tap the letter.","script-a00c410a35f6","","","","recording_needed","Replayable current-action cue. On first requested sound/spelling playback this precedes the target, keeping the target sound/word last. Replay plays the target alone."
"programme_audio","l1.lfb-meet-f.lfb-meet-f-model.directions-2","log-fan-bag","L, F, B · Find the bag","lfb-meet-f","Meet f · fan","lfb-meet-f-model","sound","Step success directions","You did it!","script-7f6dd03e6c9e","","","","recording_needed",""
"programme_audio","l1.lfb-meet-f.lfb-meet-f-model.retry","log-fan-bag","L, F, B · Find the bag","lfb-meet-f","Meet f · fan","lfb-meet-f-model","sound","First retry","Let’s have another try.","script-914076714817","","","","recording_needed",""
"programme_video_model","l1.lfb-meet-f.lfb-meet-f-model.model","log-fan-bag","L, F, B · Find the bag","lfb-meet-f","Meet f · fan","lfb-meet-f-model","sound","Optional teaching model","","","","","","optional_placeholder","Objective: Hear f, build fan, and connect its print with its meaning. A model is shown at phase 0 (if this step has one) and after the step is ready. There is no authored video script or uploaded file implied by this slot."
"programme_audio","l1.lfb-meet-f.lfb-meet-f-build.directions-0","log-fan-bag","L, F, B · Find the bag","lfb-meet-f","Meet f · fan","lfb-meet-f-build","build","Directions, phase 0","Tap Listen.","script-926dc21c3e05","fan","","","recording_needed",""
"programme_audio","l1.lfb-meet-f.lfb-meet-f-build.directions-0-heard","log-fan-bag","L, F, B · Find the bag","lfb-meet-f","Meet f · fan","lfb-meet-f-build","build","Response directions, phase 0","Say the word.","script-e33bc428e31b","fan","","","recording_needed","Replayable current-action cue. On first requested sound/spelling playback this precedes the target, keeping the target sound/word last. Replay plays the target alone."
"programme_audio","l1.lfb-meet-f.lfb-meet-f-build.directions-1","log-fan-bag","L, F, B · Find the bag","lfb-meet-f","Meet f · fan","lfb-meet-f-build","build","Directions, phase 1","Tap Listen.","script-926dc21c3e05","fan","","","recording_needed",""
"programme_audio","l1.lfb-meet-f.lfb-meet-f-build.directions-1-heard","log-fan-bag","L, F, B · Find the bag","lfb-meet-f","Meet f · fan","lfb-meet-f-build","build","Response directions, phase 1","Make the word.","script-1069c4a52ede","fan","","","recording_needed","Replayable current-action cue. On first requested sound/spelling playback this precedes the target, keeping the target sound/word last. Replay plays the target alone."
"programme_audio","l1.lfb-meet-f.lfb-meet-f-build.directions-2","log-fan-bag","L, F, B · Find the bag","lfb-meet-f","Meet f · fan","lfb-meet-f-build","build","Step success directions","You did it!","script-7f6dd03e6c9e","fan","","","recording_needed",""
"programme_audio","l1.lfb-meet-f.lfb-meet-f-build.retry","log-fan-bag","L, F, B · Find the bag","lfb-meet-f","Meet f · fan","lfb-meet-f-build","build","First retry","Let’s have another try.","script-914076714817","fan","","","recording_needed",""
"programme_audio","l1.lfb-meet-f.lfb-meet-f-build.word","log-fan-bag","L, F, B · Find the bag","lfb-meet-f","Meet f · fan","lfb-meet-f-build","build","Whole word","fan","script-e29a7f31cac0","fan","","","recording_needed","Say the whole word naturally. Individual phonemes use the existing sound-<letter> files."
"programme_audio","l1.lfb-meet-f.lfb-meet-f-build.meaning","log-fan-bag","L, F, B · Find the bag","lfb-meet-f","Meet f · fan","lfb-meet-f-build","build","Word and meaning","fan. A fan moves air to help us feel cooler.","script-7166b629c624","fan","","","recording_needed","The same exact script is used wherever this step explains its meaning."
"programme_video_model","l1.lfb-meet-f.lfb-meet-f-build.model","log-fan-bag","L, F, B · Find the bag","lfb-meet-f","Meet f · fan","lfb-meet-f-build","build","Optional teaching model","","","fan","","","optional_placeholder","Objective: Hear f, build fan, and connect its print with its meaning. A model is shown at phase 0 (if this step has one) and after the step is ready. There is no authored video script or uploaded file implied by this slot."
"programme_audio","l1.lfb-meet-f.lfb-meet-f-read.directions-0","log-fan-bag","L, F, B · Find the bag","lfb-meet-f","Meet f · fan","lfb-meet-f-read","read","Directions, phase 0","Try reading this word.","script-c747b57459bc","","","","recording_needed",""
"programme_audio","l1.lfb-meet-f.lfb-meet-f-read.directions-1","log-fan-bag","L, F, B · Find the bag","lfb-meet-f","Meet f · fan","lfb-meet-f-read","read","Directions, phase 1","Tap its picture.","script-7cf1de8e870f","","","","recording_needed",""
"programme_audio","l1.lfb-meet-f.lfb-meet-f-read.directions-2","log-fan-bag","L, F, B · Find the bag","lfb-meet-f","Meet f · fan","lfb-meet-f-read","read","Step success directions","You did it!","script-7f6dd03e6c9e","","","","recording_needed",""
"programme_audio","l1.lfb-meet-f.lfb-meet-f-read.directions-complete","log-fan-bag","L, F, B · Find the bag","lfb-meet-f","Meet f · fan","lfb-meet-f-read","read","Activity completion directions","Well done!","script-462164a0645e","","","","recording_needed",""
"programme_audio","l1.lfb-meet-f.lfb-meet-f-read.retry","log-fan-bag","L, F, B · Find the bag","lfb-meet-f","Meet f · fan","lfb-meet-f-read","read","First retry","Let’s have another try.","script-914076714817","","","","recording_needed",""
"programme_audio","l1.lfb-meet-f.lfb-meet-f-read.word","log-fan-bag","L, F, B · Find the bag","lfb-meet-f","Meet f · fan","lfb-meet-f-read","read","Whole word","fan","script-e29a7f31cac0","","","","recording_needed","Say the whole word naturally. Individual phonemes use the existing sound-<letter> files."
"programme_audio","l1.lfb-meet-f.lfb-meet-f-read.meaning","log-fan-bag","L, F, B · Find the bag","lfb-meet-f","Meet f · fan","lfb-meet-f-read","read","Word and meaning","fan. A fan moves air to help us feel cooler.","script-7166b629c624","","","","recording_needed","The same exact script is used wherever this step explains its meaning."
"programme_audio","l1.lfb-meet-f.lfb-meet-f-read.question","log-fan-bag","L, F, B · Find the bag","lfb-meet-f","Meet f · fan","lfb-meet-f-read","read","Picture choice instruction","Tap its picture.","script-7cf1de8e870f","","","","recording_needed",""
"programme_audio","l1.lfb-meet-f.lfb-meet-f-read.choice-fan","log-fan-bag","L, F, B · Find the bag","lfb-meet-f","Meet f · fan","lfb-meet-f-read","read","Picture label on request","A fan moves air to help us feel cooler.","script-d9a46e7e3106","fan","","","recording_needed","Heard only when the child asks for this picture label."
"programme_audio","l1.lfb-meet-f.lfb-meet-f-read.choice-pan","log-fan-bag","L, F, B · Find the bag","lfb-meet-f","Meet f · fan","lfb-meet-f-read","read","Picture label on request","A pan","script-b4c1183570cd","pan","","","recording_needed","Heard only when the child asks for this picture label."
"programme_video_model","l1.lfb-meet-f.lfb-meet-f-read.model","log-fan-bag","L, F, B · Find the bag","lfb-meet-f","Meet f · fan","lfb-meet-f-read","read","Optional teaching model","","","","","","optional_placeholder","Objective: Hear f, build fan, and connect its print with its meaning. A model is shown at phase 0 (if this step has one) and after the step is ready. There is no authored video script or uploaded file implied by this slot."
"programme_audio","l1.lfb-meet-b.lfb-meet-b-retrieve.directions-1","log-fan-bag","L, F, B · Find the bag","lfb-meet-b","Meet b · bag","lfb-meet-b-retrieve","sound","Directions, phase 1","Tap Listen.","script-926dc21c3e05","","","","recording_needed",""
"programme_audio","l1.lfb-meet-b.lfb-meet-b-retrieve.directions-1-heard","log-fan-bag","L, F, B · Find the bag","lfb-meet-b","Meet b · bag","lfb-meet-b-retrieve","sound","Response directions, phase 1","Tap the letter.","script-a00c410a35f6","","","","recording_needed","Replayable current-action cue. On first requested sound/spelling playback this precedes the target, keeping the target sound/word last. Replay plays the target alone."
"programme_audio","l1.lfb-meet-b.lfb-meet-b-retrieve.directions-2","log-fan-bag","L, F, B · Find the bag","lfb-meet-b","Meet b · bag","lfb-meet-b-retrieve","sound","Step success directions","You did it!","script-7f6dd03e6c9e","","","","recording_needed",""
"programme_audio","l1.lfb-meet-b.lfb-meet-b-retrieve.retry","log-fan-bag","L, F, B · Find the bag","lfb-meet-b","Meet b · bag","lfb-meet-b-retrieve","sound","First retry","Let’s have another try.","script-914076714817","","","","recording_needed",""
"programme_video_model","l1.lfb-meet-b.lfb-meet-b-retrieve.model","log-fan-bag","L, F, B · Find the bag","lfb-meet-b","Meet b · bag","lfb-meet-b-retrieve","sound","Optional teaching model","","","","","","optional_placeholder","Objective: Hear b, build bag, and connect its print with its meaning. A model is shown at phase 0 (if this step has one) and after the step is ready. There is no authored video script or uploaded file implied by this slot."
"programme_audio","l1.lfb-meet-b.lfb-meet-b-model.directions-0","log-fan-bag","L, F, B · Find the bag","lfb-meet-b","Meet b · bag","lfb-meet-b-model","sound","Directions, phase 0","Tap Listen.","script-926dc21c3e05","","","","recording_needed",""
"programme_audio","l1.lfb-meet-b.lfb-meet-b-model.directions-0-heard","log-fan-bag","L, F, B · Find the bag","lfb-meet-b","Meet b · bag","lfb-meet-b-model","sound","Response directions, phase 0","Say the sound.","script-be7daa24b299","","","","recording_needed","Replayable current-action cue. On first requested sound/spelling playback this precedes the target, keeping the target sound/word last. Replay plays the target alone."
"programme_audio","l1.lfb-meet-b.lfb-meet-b-model.directions-1","log-fan-bag","L, F, B · Find the bag","lfb-meet-b","Meet b · bag","lfb-meet-b-model","sound","Directions, phase 1","Tap Listen.","script-926dc21c3e05","","","","recording_needed",""
"programme_audio","l1.lfb-meet-b.lfb-meet-b-model.directions-1-heard","log-fan-bag","L, F, B · Find the bag","lfb-meet-b","Meet b · bag","lfb-meet-b-model","sound","Response directions, phase 1","Tap the letter.","script-a00c410a35f6","","","","recording_needed","Replayable current-action cue. On first requested sound/spelling playback this precedes the target, keeping the target sound/word last. Replay plays the target alone."
"programme_audio","l1.lfb-meet-b.lfb-meet-b-model.directions-2","log-fan-bag","L, F, B · Find the bag","lfb-meet-b","Meet b · bag","lfb-meet-b-model","sound","Step success directions","You did it!","script-7f6dd03e6c9e","","","","recording_needed",""
"programme_audio","l1.lfb-meet-b.lfb-meet-b-model.retry","log-fan-bag","L, F, B · Find the bag","lfb-meet-b","Meet b · bag","lfb-meet-b-model","sound","First retry","Let’s have another try.","script-914076714817","","","","recording_needed",""
"programme_video_model","l1.lfb-meet-b.lfb-meet-b-model.model","log-fan-bag","L, F, B · Find the bag","lfb-meet-b","Meet b · bag","lfb-meet-b-model","sound","Optional teaching model","","","","","","optional_placeholder","Objective: Hear b, build bag, and connect its print with its meaning. A model is shown at phase 0 (if this step has one) and after the step is ready. There is no authored video script or uploaded file implied by this slot."
"programme_audio","l1.lfb-meet-b.lfb-meet-b-build.directions-0","log-fan-bag","L, F, B · Find the bag","lfb-meet-b","Meet b · bag","lfb-meet-b-build","build","Directions, phase 0","Tap Listen.","script-926dc21c3e05","bag","","","recording_needed",""
"programme_audio","l1.lfb-meet-b.lfb-meet-b-build.directions-0-heard","log-fan-bag","L, F, B · Find the bag","lfb-meet-b","Meet b · bag","lfb-meet-b-build","build","Response directions, phase 0","Say the word.","script-e33bc428e31b","bag","","","recording_needed","Replayable current-action cue. On first requested sound/spelling playback this precedes the target, keeping the target sound/word last. Replay plays the target alone."
"programme_audio","l1.lfb-meet-b.lfb-meet-b-build.directions-1","log-fan-bag","L, F, B · Find the bag","lfb-meet-b","Meet b · bag","lfb-meet-b-build","build","Directions, phase 1","Tap Listen.","script-926dc21c3e05","bag","","","recording_needed",""
"programme_audio","l1.lfb-meet-b.lfb-meet-b-build.directions-1-heard","log-fan-bag","L, F, B · Find the bag","lfb-meet-b","Meet b · bag","lfb-meet-b-build","build","Response directions, phase 1","Make the word.","script-1069c4a52ede","bag","","","recording_needed","Replayable current-action cue. On first requested sound/spelling playback this precedes the target, keeping the target sound/word last. Replay plays the target alone."
"programme_audio","l1.lfb-meet-b.lfb-meet-b-build.directions-2","log-fan-bag","L, F, B · Find the bag","lfb-meet-b","Meet b · bag","lfb-meet-b-build","build","Step success directions","You did it!","script-7f6dd03e6c9e","bag","","","recording_needed",""
"programme_audio","l1.lfb-meet-b.lfb-meet-b-build.retry","log-fan-bag","L, F, B · Find the bag","lfb-meet-b","Meet b · bag","lfb-meet-b-build","build","First retry","Let’s have another try.","script-914076714817","bag","","","recording_needed",""
"programme_audio","l1.lfb-meet-b.lfb-meet-b-build.word","log-fan-bag","L, F, B · Find the bag","lfb-meet-b","Meet b · bag","lfb-meet-b-build","build","Whole word","bag","script-c018019b6a8b","bag","","","recording_needed","Say the whole word naturally. Individual phonemes use the existing sound-<letter> files."
"programme_audio","l1.lfb-meet-b.lfb-meet-b-build.meaning","log-fan-bag","L, F, B · Find the bag","lfb-meet-b","Meet b · bag","lfb-meet-b-build","build","Word and meaning","bag. A bag holds things so we can carry them.","script-7346d18b4353","bag","","","recording_needed","The same exact script is used wherever this step explains its meaning."
"programme_video_model","l1.lfb-meet-b.lfb-meet-b-build.model","log-fan-bag","L, F, B · Find the bag","lfb-meet-b","Meet b · bag","lfb-meet-b-build","build","Optional teaching model","","","bag","","","optional_placeholder","Objective: Hear b, build bag, and connect its print with its meaning. A model is shown at phase 0 (if this step has one) and after the step is ready. There is no authored video script or uploaded file implied by this slot."
"programme_audio","l1.lfb-meet-b.lfb-meet-b-read.directions-0","log-fan-bag","L, F, B · Find the bag","lfb-meet-b","Meet b · bag","lfb-meet-b-read","read","Directions, phase 0","Try reading this word.","script-c747b57459bc","","","","recording_needed",""
"programme_audio","l1.lfb-meet-b.lfb-meet-b-read.directions-1","log-fan-bag","L, F, B · Find the bag","lfb-meet-b","Meet b · bag","lfb-meet-b-read","read","Directions, phase 1","Tap its picture.","script-7cf1de8e870f","","","","recording_needed",""
"programme_audio","l1.lfb-meet-b.lfb-meet-b-read.directions-2","log-fan-bag","L, F, B · Find the bag","lfb-meet-b","Meet b · bag","lfb-meet-b-read","read","Step success directions","You did it!","script-7f6dd03e6c9e","","","","recording_needed",""
"programme_audio","l1.lfb-meet-b.lfb-meet-b-read.directions-complete","log-fan-bag","L, F, B · Find the bag","lfb-meet-b","Meet b · bag","lfb-meet-b-read","read","Activity completion directions","Well done!","script-462164a0645e","","","","recording_needed",""
"programme_audio","l1.lfb-meet-b.lfb-meet-b-read.retry","log-fan-bag","L, F, B · Find the bag","lfb-meet-b","Meet b · bag","lfb-meet-b-read","read","First retry","Let’s have another try.","script-914076714817","","","","recording_needed",""
"programme_audio","l1.lfb-meet-b.lfb-meet-b-read.word","log-fan-bag","L, F, B · Find the bag","lfb-meet-b","Meet b · bag","lfb-meet-b-read","read","Whole word","bag","script-c018019b6a8b","","","","recording_needed","Say the whole word naturally. Individual phonemes use the existing sound-<letter> files."
"programme_audio","l1.lfb-meet-b.lfb-meet-b-read.meaning","log-fan-bag","L, F, B · Find the bag","lfb-meet-b","Meet b · bag","lfb-meet-b-read","read","Word and meaning","bag. A bag holds things so we can carry them.","script-7346d18b4353","","","","recording_needed","The same exact script is used wherever this step explains its meaning."
"programme_audio","l1.lfb-meet-b.lfb-meet-b-read.question","log-fan-bag","L, F, B · Find the bag","lfb-meet-b","Meet b · bag","lfb-meet-b-read","read","Picture choice instruction","Tap its picture.","script-7cf1de8e870f","","","","recording_needed",""
"programme_audio","l1.lfb-meet-b.lfb-meet-b-read.choice-bag","log-fan-bag","L, F, B · Find the bag","lfb-meet-b","Meet b · bag","lfb-meet-b-read","read","Picture label on request","A bag holds things so we can carry them.","script-85f3a07aa326","bag","","","recording_needed","Heard only when the child asks for this picture label."
"programme_audio","l1.lfb-meet-b.lfb-meet-b-read.choice-fan","log-fan-bag","L, F, B · Find the bag","lfb-meet-b","Meet b · bag","lfb-meet-b-read","read","Picture label on request","A fan","script-9597b4505784","fan","","","recording_needed","Heard only when the child asks for this picture label."
"programme_video_model","l1.lfb-meet-b.lfb-meet-b-read.model","log-fan-bag","L, F, B · Find the bag","lfb-meet-b","Meet b · bag","lfb-meet-b-read","read","Optional teaching model","","","","","","optional_placeholder","Objective: Hear b, build bag, and connect its print with its meaning. A model is shown at phase 0 (if this step has one) and after the step is ready. There is no authored video script or uploaded file implied by this slot."
"programme_audio","l1.lfb-location-book.lfb-location-listen.directions-0","log-fan-bag","L, F, B · Find the bag","lfb-location-book","Where is the bag?","lfb-location-listen","listen","Directions, phase 0","Tap Listen.","script-926dc21c3e05","bag-in-bin","","","recording_needed",""
"programme_audio","l1.lfb-location-book.lfb-location-listen.directions-0-heard","log-fan-bag","L, F, B · Find the bag","lfb-location-book","Where is the bag?","lfb-location-listen","listen","Response directions, phase 0","Let’s see what happened.","script-91903b42e456","bag-in-bin","","","recording_needed","Replayable current-action cue. On first requested sound/spelling playback this precedes the target, keeping the target sound/word last. Replay plays the target alone."
"programme_audio","l1.lfb-location-book.lfb-location-listen.directions-1","log-fan-bag","L, F, B · Find the bag","lfb-location-book","Where is the bag?","lfb-location-listen","listen","Directions, phase 1","Which picture shows the bag inside something?","script-fd003a5e7ae3","bag-in-bin","","","recording_needed",""
"programme_audio","l1.lfb-location-book.lfb-location-listen.directions-1-heard","log-fan-bag","L, F, B · Find the bag","lfb-location-book","Where is the bag?","lfb-location-listen","listen","Response directions, phase 1","Which picture shows the bag inside something?","script-fd003a5e7ae3","bag-in-bin","","","recording_needed","Replayable current-action cue. On first requested sound/spelling playback this precedes the target, keeping the target sound/word last. Replay plays the target alone."
"programme_audio","l1.lfb-location-book.lfb-location-listen.directions-2","log-fan-bag","L, F, B · Find the bag","lfb-location-book","Where is the bag?","lfb-location-listen","listen","Step success directions","You did it!","script-7f6dd03e6c9e","bag-in-bin","","","recording_needed",""
"programme_audio","l1.lfb-location-book.lfb-location-listen.retry","log-fan-bag","L, F, B · Find the bag","lfb-location-book","Where is the bag?","lfb-location-listen","listen","First retry","Let’s have another try.","script-914076714817","bag-in-bin","","","recording_needed",""
"programme_audio","l1.lfb-location-book.lfb-location-listen.story","log-fan-bag","L, F, B · Find the bag","lfb-location-book","Where is the bag?","lfb-location-listen","listen","Narrated story","Look at the bag. First it is on the bed, resting on top. Then it is in a clean storage bin, inside the bin. Finally it is on a mat. In means inside. On means resting on top. Look at this picture. You can try saying, in the bin, or point to the bag.","script-0aa15c8e09c4","bag-in-bin","","","recording_needed",""
"programme_audio","l1.lfb-location-book.lfb-location-listen.question","log-fan-bag","L, F, B · Find the bag","lfb-location-book","Where is the bag?","lfb-location-listen","listen","Listening question","Which picture shows the bag inside something?","script-fd003a5e7ae3","bag-in-bin","","","recording_needed",""
"programme_audio","l1.lfb-location-book.lfb-location-listen.choice-in","log-fan-bag","L, F, B · Find the bag","lfb-location-book","Where is the bag?","lfb-location-listen","listen","Picture label on request","The bag in the bin.","script-e7fad5444896","bag-in-bin","","","recording_needed","Heard only when the child asks for this picture label."
"programme_audio","l1.lfb-location-book.lfb-location-listen.choice-on","log-fan-bag","L, F, B · Find the bag","lfb-location-book","Where is the bag?","lfb-location-listen","listen","Picture label on request","The bag on the bed.","script-b518e601e044","bag-on-bed","","","recording_needed","Heard only when the child asks for this picture label."
"programme_video_model","l1.lfb-location-book.lfb-location-listen.model","log-fan-bag","L, F, B · Find the bag","lfb-location-book","Where is the bag?","lfb-location-listen","listen","Optional teaching model","","","bag-in-bin","","","optional_placeholder","Objective: Read short information captions and distinguish in from on. A model is shown at phase 0 (if this step has one) and after the step is ready. There is no authored video script or uploaded file implied by this slot."
"programme_audio","l1.lfb-location-book.lfb-location-read.cover.directions-0","log-fan-bag","L, F, B · Find the bag","lfb-location-book","Where is the bag?","lfb-location-read.cover","book-cover","Directions, phase 0","Tap Listen.","script-926dc21c3e05","","","","recording_needed",""
"programme_audio","l1.lfb-location-book.lfb-location-read.cover.directions-0-heard","log-fan-bag","L, F, B · Find the bag","lfb-location-book","Where is the bag?","lfb-location-read.cover","book-cover","Response directions, phase 0","Ready for the next part?","script-77a9094a81f0","","","","recording_needed","Replayable current-action cue. On first requested sound/spelling playback this precedes the target, keeping the target sound/word last. Replay plays the target alone."
"programme_audio","l1.lfb-location-book.lfb-location-read.cover.directions-1","log-fan-bag","L, F, B · Find the bag","lfb-location-book","Where is the bag?","lfb-location-read.cover","book-cover","Step success directions","You did it!","script-7f6dd03e6c9e","","","","recording_needed",""
"programme_audio","l1.lfb-location-book.lfb-location-read.cover.prepare-0","log-fan-bag","L, F, B · Find the bag","lfb-location-book","Where is the bag?","lfb-location-read.cover","book-cover","Book vocabulary or character preparation","bed","script-c5052532c220","bag-on-bed","","","recording_needed","One tap-paced card at a time. Next advances only after this part is heard or read together. No joined convention monologue."
"programme_audio","l1.lfb-location-book.lfb-location-read.cover.prepare-1","log-fan-bag","L, F, B · Find the bag","lfb-location-book","Where is the bag?","lfb-location-read.cover","book-cover","Book vocabulary or character preparation","bin","script-51a1f05af85e","bag-in-bin","","","recording_needed","One tap-paced card at a time. Next advances only after this part is heard or read together. No joined convention monologue."
"programme_audio","l1.lfb-location-book.lfb-location-read.cover.convention-0","log-fan-bag","L, F, B · Find the bag","lfb-location-book","Where is the bag?","lfb-location-read.cover","book-cover","Book preparation model","These picture labels tell us where the bag is.","script-b6aac5f5919d","","","","recording_needed","One tap-paced card at a time. Next advances only after this part is heard or read together. No joined convention monologue."
"programme_audio","l1.lfb-location-book.lfb-location-read.cover.convention-1","log-fan-bag","L, F, B · Find the bag","lfb-location-book","Where is the bag?","lfb-location-read.cover","book-cover","Book preparation model","In means inside. On means resting on top.","script-5abd87583a76","","","","recording_needed","One tap-paced card at a time. Next advances only after this part is heard or read together. No joined convention monologue."
"programme_audio","l1.lfb-location-book.lfb-location-read.cover.convention-2","log-fan-bag","L, F, B · Find the bag","lfb-location-book","Where is the bag?","lfb-location-read.cover","book-cover","Book preparation model","Big B and small b go together.","script-b4a6aa04b8e3","","","","recording_needed","One tap-paced card at a time. Next advances only after this part is heard or read together. No joined convention monologue."
"programme_video_model","l1.lfb-location-book.lfb-location-read.cover.model","log-fan-bag","L, F, B · Find the bag","lfb-location-book","Where is the bag?","lfb-location-read.cover","book-cover","Optional teaching model","","","","","","optional_placeholder","Objective: Read short information captions and distinguish in from on. A model is shown at phase 0 (if this step has one) and after the step is ready. There is no authored video script or uploaded file implied by this slot."
"programme_audio","l1.lfb-location-book.lfb-location-read.bag-bed.directions-0","log-fan-bag","L, F, B · Find the bag","lfb-location-book","Where is the bag?","lfb-location-read.bag-bed","page","Directions, phase 0","Your turn to read.","script-628afdc4429d","bag-on-bed","","","recording_needed",""
"programme_audio","l1.lfb-location-book.lfb-location-read.bag-bed.directions-1","log-fan-bag","L, F, B · Find the bag","lfb-location-book","Where is the bag?","lfb-location-read.bag-bed","page","Directions, phase 1","See the story.","script-c0a5efc3c898","bag-on-bed","","","recording_needed",""
"programme_audio","l1.lfb-location-book.lfb-location-read.bag-bed.directions-2","log-fan-bag","L, F, B · Find the bag","lfb-location-book","Where is the bag?","lfb-location-read.bag-bed","page","Step success directions","You did it!","script-7f6dd03e6c9e","bag-on-bed","","","recording_needed",""
"programme_audio","l1.lfb-location-book.lfb-location-read.bag-bed.page","log-fan-bag","L, F, B · Find the bag","lfb-location-book","Where is the bag?","lfb-location-read.bag-bed","page","Read the complete page","Bag on bed.","script-c717c7e6470b","bag-on-bed","","","recording_needed","Preserve the sentence punctuation and phrasing."
"programme_audio","l1.lfb-location-book.lfb-location-read.bag-bed.word-0","log-fan-bag","L, F, B · Find the bag","lfb-location-book","Where is the bag?","lfb-location-read.bag-bed","page","Tapped page word","Bag","script-b053c961f2ac","bag-on-bed","","","recording_needed","Index and text exactly match the on-screen space-separated token, including its punctuation."
"programme_audio","l1.lfb-location-book.lfb-location-read.bag-bed.word-1","log-fan-bag","L, F, B · Find the bag","lfb-location-book","Where is the bag?","lfb-location-read.bag-bed","page","Tapped page word","on","script-b8d31e852725","bag-on-bed","","","recording_needed","Index and text exactly match the on-screen space-separated token, including its punctuation."
"programme_audio","l1.lfb-location-book.lfb-location-read.bag-bed.word-2","log-fan-bag","L, F, B · Find the bag","lfb-location-book","Where is the bag?","lfb-location-read.bag-bed","page","Tapped page word","bed.","script-9fa6d1921a03","bag-on-bed","","","recording_needed","Index and text exactly match the on-screen space-separated token, including its punctuation."
"programme_video_model","l1.lfb-location-book.lfb-location-read.bag-bed.model","log-fan-bag","L, F, B · Find the bag","lfb-location-book","Where is the bag?","lfb-location-read.bag-bed","page","Optional teaching model","","","bag-on-bed","","","optional_placeholder","Objective: Read short information captions and distinguish in from on. A model is shown at phase 0 (if this step has one) and after the step is ready. There is no authored video script or uploaded file implied by this slot."
"programme_audio","l1.lfb-location-book.lfb-location-read.bag-bin.directions-0","log-fan-bag","L, F, B · Find the bag","lfb-location-book","Where is the bag?","lfb-location-read.bag-bin","page","Directions, phase 0","Your turn to read.","script-628afdc4429d","bag-in-bin","","","recording_needed",""
"programme_audio","l1.lfb-location-book.lfb-location-read.bag-bin.directions-1","log-fan-bag","L, F, B · Find the bag","lfb-location-book","Where is the bag?","lfb-location-read.bag-bin","page","Directions, phase 1","See the story.","script-c0a5efc3c898","bag-in-bin","","","recording_needed",""
"programme_audio","l1.lfb-location-book.lfb-location-read.bag-bin.directions-2","log-fan-bag","L, F, B · Find the bag","lfb-location-book","Where is the bag?","lfb-location-read.bag-bin","page","Step success directions","You did it!","script-7f6dd03e6c9e","bag-in-bin","","","recording_needed",""
"programme_audio","l1.lfb-location-book.lfb-location-read.bag-bin.page","log-fan-bag","L, F, B · Find the bag","lfb-location-book","Where is the bag?","lfb-location-read.bag-bin","page","Read the complete page","Bag in bin.","script-b3920fb22a41","bag-in-bin","","","recording_needed","Preserve the sentence punctuation and phrasing."
"programme_audio","l1.lfb-location-book.lfb-location-read.bag-bin.word-0","log-fan-bag","L, F, B · Find the bag","lfb-location-book","Where is the bag?","lfb-location-read.bag-bin","page","Tapped page word","Bag","script-b053c961f2ac","bag-in-bin","","","recording_needed","Index and text exactly match the on-screen space-separated token, including its punctuation."
"programme_audio","l1.lfb-location-book.lfb-location-read.bag-bin.word-1","log-fan-bag","L, F, B · Find the bag","lfb-location-book","Where is the bag?","lfb-location-read.bag-bin","page","Tapped page word","in","script-582967534d0f","bag-in-bin","","","recording_needed","Index and text exactly match the on-screen space-separated token, including its punctuation."
"programme_audio","l1.lfb-location-book.lfb-location-read.bag-bin.word-2","log-fan-bag","L, F, B · Find the bag","lfb-location-book","Where is the bag?","lfb-location-read.bag-bin","page","Tapped page word","bin.","script-e57704e0150d","bag-in-bin","","","recording_needed","Index and text exactly match the on-screen space-separated token, including its punctuation."
"programme_video_model","l1.lfb-location-book.lfb-location-read.bag-bin.model","log-fan-bag","L, F, B · Find the bag","lfb-location-book","Where is the bag?","lfb-location-read.bag-bin","page","Optional teaching model","","","bag-in-bin","","","optional_placeholder","Objective: Read short information captions and distinguish in from on. A model is shown at phase 0 (if this step has one) and after the step is ready. There is no authored video script or uploaded file implied by this slot."
"programme_audio","l1.lfb-location-book.lfb-location-read.bag-mat.directions-0","log-fan-bag","L, F, B · Find the bag","lfb-location-book","Where is the bag?","lfb-location-read.bag-mat","page","Directions, phase 0","Your turn to read.","script-628afdc4429d","bag-on-mat","","","recording_needed",""
"programme_audio","l1.lfb-location-book.lfb-location-read.bag-mat.directions-1","log-fan-bag","L, F, B · Find the bag","lfb-location-book","Where is the bag?","lfb-location-read.bag-mat","page","Directions, phase 1","Which picture has the bag on a mat?","script-64f1e38e82e4","bag-on-mat","","","recording_needed",""
"programme_audio","l1.lfb-location-book.lfb-location-read.bag-mat.directions-2","log-fan-bag","L, F, B · Find the bag","lfb-location-book","Where is the bag?","lfb-location-read.bag-mat","page","Step success directions","You did it!","script-7f6dd03e6c9e","bag-on-mat","","","recording_needed",""
"programme_audio","l1.lfb-location-book.lfb-location-read.bag-mat.directions-complete","log-fan-bag","L, F, B · Find the bag","lfb-location-book","Where is the bag?","lfb-location-read.bag-mat","page","Activity completion directions","Well done!","script-462164a0645e","bag-on-mat","","","recording_needed",""
"programme_audio","l1.lfb-location-book.lfb-location-read.bag-mat.retry","log-fan-bag","L, F, B · Find the bag","lfb-location-book","Where is the bag?","lfb-location-read.bag-mat","page","First retry","Let’s have another try.","script-914076714817","bag-on-mat","","","recording_needed",""
"programme_audio","l1.lfb-location-book.lfb-location-read.bag-mat.page","log-fan-bag","L, F, B · Find the bag","lfb-location-book","Where is the bag?","lfb-location-read.bag-mat","page","Read the complete page","Bag on mat.","script-3bffba2d99fa","bag-on-mat","","","recording_needed","Preserve the sentence punctuation and phrasing."
"programme_audio","l1.lfb-location-book.lfb-location-read.bag-mat.word-0","log-fan-bag","L, F, B · Find the bag","lfb-location-book","Where is the bag?","lfb-location-read.bag-mat","page","Tapped page word","Bag","script-b053c961f2ac","bag-on-mat","","","recording_needed","Index and text exactly match the on-screen space-separated token, including its punctuation."
"programme_audio","l1.lfb-location-book.lfb-location-read.bag-mat.word-1","log-fan-bag","L, F, B · Find the bag","lfb-location-book","Where is the bag?","lfb-location-read.bag-mat","page","Tapped page word","on","script-b8d31e852725","bag-on-mat","","","recording_needed","Index and text exactly match the on-screen space-separated token, including its punctuation."
"programme_audio","l1.lfb-location-book.lfb-location-read.bag-mat.word-2","log-fan-bag","L, F, B · Find the bag","lfb-location-book","Where is the bag?","lfb-location-read.bag-mat","page","Tapped page word","mat.","script-d8e0fbd2ee83","bag-on-mat","","","recording_needed","Index and text exactly match the on-screen space-separated token, including its punctuation."
"programme_audio","l1.lfb-location-book.lfb-location-read.bag-mat.question","log-fan-bag","L, F, B · Find the bag","lfb-location-book","Where is the bag?","lfb-location-read.bag-mat","page","Page meaning question","Which picture has the bag on a mat?","script-64f1e38e82e4","bag-on-mat","","","recording_needed",""
"programme_audio","l1.lfb-location-book.lfb-location-read.bag-mat.choice-mat","log-fan-bag","L, F, B · Find the bag","lfb-location-book","Where is the bag?","lfb-location-read.bag-mat","page","Picture label on request","Bag on mat.","script-3bffba2d99fa","bag-on-mat","","","recording_needed","Heard only when the child asks for this picture label."
"programme_audio","l1.lfb-location-book.lfb-location-read.bag-mat.choice-bin","log-fan-bag","L, F, B · Find the bag","lfb-location-book","Where is the bag?","lfb-location-read.bag-mat","page","Picture label on request","Bag in bin.","script-b3920fb22a41","bag-in-bin","","","recording_needed","Heard only when the child asks for this picture label."
"programme_video_model","l1.lfb-location-book.lfb-location-read.bag-mat.model","log-fan-bag","L, F, B · Find the bag","lfb-location-book","Where is the bag?","lfb-location-read.bag-mat","page","Optional teaching model","","","bag-on-mat","","","optional_placeholder","Objective: Read short information captions and distinguish in from on. A model is shown at phase 0 (if this step has one) and after the step is ready. There is no authored video script or uploaded file implied by this slot."
"programme_audio","l1.lfb-return.lfb-check-b.directions-1","log-fan-bag","L, F, B · Find the bag","lfb-return","Look back, try again","lfb-check-b","sound","Directions, phase 1","Tap Listen.","script-926dc21c3e05","","","","recording_needed",""
"programme_audio","l1.lfb-return.lfb-check-b.directions-1-heard","log-fan-bag","L, F, B · Find the bag","lfb-return","Look back, try again","lfb-check-b","sound","Response directions, phase 1","Tap the letter.","script-a00c410a35f6","","","","recording_needed","Replayable current-action cue. On first requested sound/spelling playback this precedes the target, keeping the target sound/word last. Replay plays the target alone."
"programme_audio","l1.lfb-return.lfb-check-b.directions-2","log-fan-bag","L, F, B · Find the bag","lfb-return","Look back, try again","lfb-check-b","sound","Step success directions","You did it!","script-7f6dd03e6c9e","","","","recording_needed",""
"programme_audio","l1.lfb-return.lfb-check-b.retry","log-fan-bag","L, F, B · Find the bag","lfb-return","Look back, try again","lfb-check-b","sound","First retry","Let’s have another try.","script-914076714817","","","","recording_needed",""
"programme_video_model","l1.lfb-return.lfb-check-b.model","log-fan-bag","L, F, B · Find the bag","lfb-return","Look back, try again","lfb-check-b","sound","Optional teaching model","","","","","","optional_placeholder","Objective: Mix objects from different lessons and retrieve a final consonant. A model is shown at phase 0 (if this step has one) and after the step is ready. There is no authored video script or uploaded file implied by this slot."
"programme_audio","l1.lfb-return.lfb-check-fan.directions-0","log-fan-bag","L, F, B · Find the bag","lfb-return","Look back, try again","lfb-check-fan","read","Directions, phase 0","Try reading this word.","script-c747b57459bc","","","","recording_needed",""
"programme_audio","l1.lfb-return.lfb-check-fan.directions-1","log-fan-bag","L, F, B · Find the bag","lfb-return","Look back, try again","lfb-check-fan","read","Directions, phase 1","Tap its picture.","script-7cf1de8e870f","","","","recording_needed",""
"programme_audio","l1.lfb-return.lfb-check-fan.directions-2","log-fan-bag","L, F, B · Find the bag","lfb-return","Look back, try again","lfb-check-fan","read","Step success directions","You did it!","script-7f6dd03e6c9e","","","","recording_needed",""
"programme_audio","l1.lfb-return.lfb-check-fan.retry","log-fan-bag","L, F, B · Find the bag","lfb-return","Look back, try again","lfb-check-fan","read","First retry","Let’s have another try.","script-914076714817","","","","recording_needed",""
"programme_audio","l1.lfb-return.lfb-check-fan.word","log-fan-bag","L, F, B · Find the bag","lfb-return","Look back, try again","lfb-check-fan","read","Whole word","fan","script-e29a7f31cac0","","","","recording_needed","Say the whole word naturally. Individual phonemes use the existing sound-<letter> files."
"programme_audio","l1.lfb-return.lfb-check-fan.meaning","log-fan-bag","L, F, B · Find the bag","lfb-return","Look back, try again","lfb-check-fan","read","Word and meaning","fan. A fan","script-74281a28936c","","","","recording_needed","The same exact script is used wherever this step explains its meaning."
"programme_audio","l1.lfb-return.lfb-check-fan.question","log-fan-bag","L, F, B · Find the bag","lfb-return","Look back, try again","lfb-check-fan","read","Picture choice instruction","Tap its picture.","script-7cf1de8e870f","","","","recording_needed",""
"programme_audio","l1.lfb-return.lfb-check-fan.choice-fan","log-fan-bag","L, F, B · Find the bag","lfb-return","Look back, try again","lfb-check-fan","read","Picture label on request","A fan","script-9597b4505784","fan","","","recording_needed","Heard only when the child asks for this picture label."
"programme_audio","l1.lfb-return.lfb-check-fan.choice-pan","log-fan-bag","L, F, B · Find the bag","lfb-return","Look back, try again","lfb-check-fan","read","Picture label on request","A pan","script-b4c1183570cd","pan","","","recording_needed","Heard only when the child asks for this picture label."
"programme_video_model","l1.lfb-return.lfb-check-fan.model","log-fan-bag","L, F, B · Find the bag","lfb-return","Look back, try again","lfb-check-fan","read","Optional teaching model","","","","","","optional_placeholder","Objective: Mix objects from different lessons and retrieve a final consonant. A model is shown at phase 0 (if this step has one) and after the step is ready. There is no authored video script or uploaded file implied by this slot."
"programme_audio","l1.lfb-return.lfb-check-pen.directions-0","log-fan-bag","L, F, B · Find the bag","lfb-return","Look back, try again","lfb-check-pen","read","Directions, phase 0","Try reading this word.","script-c747b57459bc","","","","recording_needed",""
"programme_audio","l1.lfb-return.lfb-check-pen.directions-1","log-fan-bag","L, F, B · Find the bag","lfb-return","Look back, try again","lfb-check-pen","read","Directions, phase 1","Tap its picture.","script-7cf1de8e870f","","","","recording_needed",""
"programme_audio","l1.lfb-return.lfb-check-pen.directions-2","log-fan-bag","L, F, B · Find the bag","lfb-return","Look back, try again","lfb-check-pen","read","Step success directions","You did it!","script-7f6dd03e6c9e","","","","recording_needed",""
"programme_audio","l1.lfb-return.lfb-check-pen.retry","log-fan-bag","L, F, B · Find the bag","lfb-return","Look back, try again","lfb-check-pen","read","First retry","Let’s have another try.","script-914076714817","","","","recording_needed",""
"programme_audio","l1.lfb-return.lfb-check-pen.word","log-fan-bag","L, F, B · Find the bag","lfb-return","Look back, try again","lfb-check-pen","read","Whole word","pen","script-e21a6b0cb193","","","","recording_needed","Say the whole word naturally. Individual phonemes use the existing sound-<letter> files."
"programme_audio","l1.lfb-return.lfb-check-pen.meaning","log-fan-bag","L, F, B · Find the bag","lfb-return","Look back, try again","lfb-check-pen","read","Word and meaning","pen. A pen","script-d5c61d08faac","","","","recording_needed","The same exact script is used wherever this step explains its meaning."
"programme_audio","l1.lfb-return.lfb-check-pen.question","log-fan-bag","L, F, B · Find the bag","lfb-return","Look back, try again","lfb-check-pen","read","Picture choice instruction","Tap its picture.","script-7cf1de8e870f","","","","recording_needed",""
"programme_audio","l1.lfb-return.lfb-check-pen.choice-pen","log-fan-bag","L, F, B · Find the bag","lfb-return","Look back, try again","lfb-check-pen","read","Picture label on request","A pen","script-ccbb2c748451","pen","","","recording_needed","Heard only when the child asks for this picture label."
"programme_audio","l1.lfb-return.lfb-check-pen.choice-log","log-fan-bag","L, F, B · Find the bag","lfb-return","Look back, try again","lfb-check-pen","read","Picture label on request","A log","script-146d23dc3159","log","","","recording_needed","Heard only when the child asks for this picture label."
"programme_video_model","l1.lfb-return.lfb-check-pen.model","log-fan-bag","L, F, B · Find the bag","lfb-return","Look back, try again","lfb-check-pen","read","Optional teaching model","","","","","","optional_placeholder","Objective: Mix objects from different lessons and retrieve a final consonant. A model is shown at phase 0 (if this step has one) and after the step is ready. There is no authored video script or uploaded file implied by this slot."
"programme_audio","l1.lfb-return.lfb-check-bag.directions-1","log-fan-bag","L, F, B · Find the bag","lfb-return","Look back, try again","lfb-check-bag","build","Directions, phase 1","Tap Listen.","script-926dc21c3e05","bag","","","recording_needed",""
"programme_audio","l1.lfb-return.lfb-check-bag.directions-1-heard","log-fan-bag","L, F, B · Find the bag","lfb-return","Look back, try again","lfb-check-bag","build","Response directions, phase 1","Make the word.","script-1069c4a52ede","bag","","","recording_needed","Replayable current-action cue. On first requested sound/spelling playback this precedes the target, keeping the target sound/word last. Replay plays the target alone."
"programme_audio","l1.lfb-return.lfb-check-bag.directions-2","log-fan-bag","L, F, B · Find the bag","lfb-return","Look back, try again","lfb-check-bag","build","Step success directions","You did it!","script-7f6dd03e6c9e","bag","","","recording_needed",""
"programme_audio","l1.lfb-return.lfb-check-bag.directions-complete","log-fan-bag","L, F, B · Find the bag","lfb-return","Look back, try again","lfb-check-bag","build","Activity completion directions","Well done!","script-462164a0645e","bag","","","recording_needed",""
"programme_audio","l1.lfb-return.lfb-check-bag.retry","log-fan-bag","L, F, B · Find the bag","lfb-return","Look back, try again","lfb-check-bag","build","First retry","Let’s have another try.","script-914076714817","bag","","","recording_needed",""
"programme_audio","l1.lfb-return.lfb-check-bag.word","log-fan-bag","L, F, B · Find the bag","lfb-return","Look back, try again","lfb-check-bag","build","Whole word","bag","script-c018019b6a8b","bag","","","recording_needed","Say the whole word naturally. Individual phonemes use the existing sound-<letter> files."
"programme_audio","l1.lfb-return.lfb-check-bag.meaning","log-fan-bag","L, F, B · Find the bag","lfb-return","Look back, try again","lfb-check-bag","build","Word and meaning","bag. A bag holds things so we can carry them.","script-7346d18b4353","bag","","","recording_needed","The same exact script is used wherever this step explains its meaning."
"programme_video_model","l1.lfb-return.lfb-check-bag.model","log-fan-bag","L, F, B · Find the bag","lfb-return","Look back, try again","lfb-check-bag","build","Optional teaching model","","","bag","","","optional_placeholder","Objective: Mix objects from different lessons and retrieve a final consonant. A model is shown at phase 0 (if this step has one) and after the step is ready. There is no authored video script or uploaded file implied by this slot."
"programme_audio","l1.ujw-meet-u.ujw-meet-u-retrieve.directions-1","sun-jug-wet","U, J, W · A wet day","ujw-meet-u","Meet u · sun","ujw-meet-u-retrieve","sound","Directions, phase 1","Tap Listen.","script-926dc21c3e05","","","","recording_needed",""
"programme_audio","l1.ujw-meet-u.ujw-meet-u-retrieve.directions-1-heard","sun-jug-wet","U, J, W · A wet day","ujw-meet-u","Meet u · sun","ujw-meet-u-retrieve","sound","Response directions, phase 1","Tap the letter.","script-a00c410a35f6","","","","recording_needed","Replayable current-action cue. On first requested sound/spelling playback this precedes the target, keeping the target sound/word last. Replay plays the target alone."
"programme_audio","l1.ujw-meet-u.ujw-meet-u-retrieve.directions-2","sun-jug-wet","U, J, W · A wet day","ujw-meet-u","Meet u · sun","ujw-meet-u-retrieve","sound","Step success directions","You did it!","script-7f6dd03e6c9e","","","","recording_needed",""
"programme_audio","l1.ujw-meet-u.ujw-meet-u-retrieve.retry","sun-jug-wet","U, J, W · A wet day","ujw-meet-u","Meet u · sun","ujw-meet-u-retrieve","sound","First retry","Let’s have another try.","script-914076714817","","","","recording_needed",""
"programme_video_model","l1.ujw-meet-u.ujw-meet-u-retrieve.model","sun-jug-wet","U, J, W · A wet day","ujw-meet-u","Meet u · sun","ujw-meet-u-retrieve","sound","Optional teaching model","","","","","","optional_placeholder","Objective: Hear u, build sun, and connect its print with its meaning. A model is shown at phase 0 (if this step has one) and after the step is ready. There is no authored video script or uploaded file implied by this slot."
"programme_audio","l1.ujw-meet-u.ujw-meet-u-model.directions-0","sun-jug-wet","U, J, W · A wet day","ujw-meet-u","Meet u · sun","ujw-meet-u-model","sound","Directions, phase 0","Tap Listen.","script-926dc21c3e05","","","","recording_needed",""
"programme_audio","l1.ujw-meet-u.ujw-meet-u-model.directions-0-heard","sun-jug-wet","U, J, W · A wet day","ujw-meet-u","Meet u · sun","ujw-meet-u-model","sound","Response directions, phase 0","Say the sound.","script-be7daa24b299","","","","recording_needed","Replayable current-action cue. On first requested sound/spelling playback this precedes the target, keeping the target sound/word last. Replay plays the target alone."
"programme_audio","l1.ujw-meet-u.ujw-meet-u-model.directions-1","sun-jug-wet","U, J, W · A wet day","ujw-meet-u","Meet u · sun","ujw-meet-u-model","sound","Directions, phase 1","Tap Listen.","script-926dc21c3e05","","","","recording_needed",""
"programme_audio","l1.ujw-meet-u.ujw-meet-u-model.directions-1-heard","sun-jug-wet","U, J, W · A wet day","ujw-meet-u","Meet u · sun","ujw-meet-u-model","sound","Response directions, phase 1","Tap the letter.","script-a00c410a35f6","","","","recording_needed","Replayable current-action cue. On first requested sound/spelling playback this precedes the target, keeping the target sound/word last. Replay plays the target alone."
"programme_audio","l1.ujw-meet-u.ujw-meet-u-model.directions-2","sun-jug-wet","U, J, W · A wet day","ujw-meet-u","Meet u · sun","ujw-meet-u-model","sound","Step success directions","You did it!","script-7f6dd03e6c9e","","","","recording_needed",""
"programme_audio","l1.ujw-meet-u.ujw-meet-u-model.retry","sun-jug-wet","U, J, W · A wet day","ujw-meet-u","Meet u · sun","ujw-meet-u-model","sound","First retry","Let’s have another try.","script-914076714817","","","","recording_needed",""
"programme_video_model","l1.ujw-meet-u.ujw-meet-u-model.model","sun-jug-wet","U, J, W · A wet day","ujw-meet-u","Meet u · sun","ujw-meet-u-model","sound","Optional teaching model","","","","","","optional_placeholder","Objective: Hear u, build sun, and connect its print with its meaning. A model is shown at phase 0 (if this step has one) and after the step is ready. There is no authored video script or uploaded file implied by this slot."
"programme_audio","l1.ujw-meet-u.ujw-meet-u-build.directions-0","sun-jug-wet","U, J, W · A wet day","ujw-meet-u","Meet u · sun","ujw-meet-u-build","build","Directions, phase 0","Tap Listen.","script-926dc21c3e05","sun","","","recording_needed",""
"programme_audio","l1.ujw-meet-u.ujw-meet-u-build.directions-0-heard","sun-jug-wet","U, J, W · A wet day","ujw-meet-u","Meet u · sun","ujw-meet-u-build","build","Response directions, phase 0","Say the word.","script-e33bc428e31b","sun","","","recording_needed","Replayable current-action cue. On first requested sound/spelling playback this precedes the target, keeping the target sound/word last. Replay plays the target alone."
"programme_audio","l1.ujw-meet-u.ujw-meet-u-build.directions-1","sun-jug-wet","U, J, W · A wet day","ujw-meet-u","Meet u · sun","ujw-meet-u-build","build","Directions, phase 1","Tap Listen.","script-926dc21c3e05","sun","","","recording_needed",""
"programme_audio","l1.ujw-meet-u.ujw-meet-u-build.directions-1-heard","sun-jug-wet","U, J, W · A wet day","ujw-meet-u","Meet u · sun","ujw-meet-u-build","build","Response directions, phase 1","Make the word.","script-1069c4a52ede","sun","","","recording_needed","Replayable current-action cue. On first requested sound/spelling playback this precedes the target, keeping the target sound/word last. Replay plays the target alone."
"programme_audio","l1.ujw-meet-u.ujw-meet-u-build.directions-2","sun-jug-wet","U, J, W · A wet day","ujw-meet-u","Meet u · sun","ujw-meet-u-build","build","Step success directions","You did it!","script-7f6dd03e6c9e","sun","","","recording_needed",""
"programme_audio","l1.ujw-meet-u.ujw-meet-u-build.retry","sun-jug-wet","U, J, W · A wet day","ujw-meet-u","Meet u · sun","ujw-meet-u-build","build","First retry","Let’s have another try.","script-914076714817","sun","","","recording_needed",""
"programme_audio","l1.ujw-meet-u.ujw-meet-u-build.word","sun-jug-wet","U, J, W · A wet day","ujw-meet-u","Meet u · sun","ujw-meet-u-build","build","Whole word","sun","script-27756f050e14","sun","","","recording_needed","Say the whole word naturally. Individual phonemes use the existing sound-<letter> files."
"programme_audio","l1.ujw-meet-u.ujw-meet-u-build.meaning","sun-jug-wet","U, J, W · A wet day","ujw-meet-u","Meet u · sun","ujw-meet-u-build","build","Word and meaning","sun. The sun gives our world light and warmth.","script-1f748952ad69","sun","","","recording_needed","The same exact script is used wherever this step explains its meaning."
"programme_video_model","l1.ujw-meet-u.ujw-meet-u-build.model","sun-jug-wet","U, J, W · A wet day","ujw-meet-u","Meet u · sun","ujw-meet-u-build","build","Optional teaching model","","","sun","","","optional_placeholder","Objective: Hear u, build sun, and connect its print with its meaning. A model is shown at phase 0 (if this step has one) and after the step is ready. There is no authored video script or uploaded file implied by this slot."
"programme_audio","l1.ujw-meet-u.ujw-meet-u-read.directions-0","sun-jug-wet","U, J, W · A wet day","ujw-meet-u","Meet u · sun","ujw-meet-u-read","read","Directions, phase 0","Try reading this word.","script-c747b57459bc","","","","recording_needed",""
"programme_audio","l1.ujw-meet-u.ujw-meet-u-read.directions-1","sun-jug-wet","U, J, W · A wet day","ujw-meet-u","Meet u · sun","ujw-meet-u-read","read","Directions, phase 1","Tap its picture.","script-7cf1de8e870f","","","","recording_needed",""
"programme_audio","l1.ujw-meet-u.ujw-meet-u-read.directions-2","sun-jug-wet","U, J, W · A wet day","ujw-meet-u","Meet u · sun","ujw-meet-u-read","read","Step success directions","You did it!","script-7f6dd03e6c9e","","","","recording_needed",""
"programme_audio","l1.ujw-meet-u.ujw-meet-u-read.directions-complete","sun-jug-wet","U, J, W · A wet day","ujw-meet-u","Meet u · sun","ujw-meet-u-read","read","Activity completion directions","Well done!","script-462164a0645e","","","","recording_needed",""
"programme_audio","l1.ujw-meet-u.ujw-meet-u-read.retry","sun-jug-wet","U, J, W · A wet day","ujw-meet-u","Meet u · sun","ujw-meet-u-read","read","First retry","Let’s have another try.","script-914076714817","","","","recording_needed",""
"programme_audio","l1.ujw-meet-u.ujw-meet-u-read.word","sun-jug-wet","U, J, W · A wet day","ujw-meet-u","Meet u · sun","ujw-meet-u-read","read","Whole word","sun","script-27756f050e14","","","","recording_needed","Say the whole word naturally. Individual phonemes use the existing sound-<letter> files."
"programme_audio","l1.ujw-meet-u.ujw-meet-u-read.meaning","sun-jug-wet","U, J, W · A wet day","ujw-meet-u","Meet u · sun","ujw-meet-u-read","read","Word and meaning","sun. The sun gives our world light and warmth.","script-1f748952ad69","","","","recording_needed","The same exact script is used wherever this step explains its meaning."
"programme_audio","l1.ujw-meet-u.ujw-meet-u-read.question","sun-jug-wet","U, J, W · A wet day","ujw-meet-u","Meet u · sun","ujw-meet-u-read","read","Picture choice instruction","Tap its picture.","script-7cf1de8e870f","","","","recording_needed",""
"programme_audio","l1.ujw-meet-u.ujw-meet-u-read.choice-sun","sun-jug-wet","U, J, W · A wet day","ujw-meet-u","Meet u · sun","ujw-meet-u-read","read","Picture label on request","The sun gives our world light and warmth.","script-2706b84ff899","sun","","","recording_needed","Heard only when the child asks for this picture label."
"programme_audio","l1.ujw-meet-u.ujw-meet-u-read.choice-fan","sun-jug-wet","U, J, W · A wet day","ujw-meet-u","Meet u · sun","ujw-meet-u-read","read","Picture label on request","A fan","script-9597b4505784","fan","","","recording_needed","Heard only when the child asks for this picture label."
"programme_video_model","l1.ujw-meet-u.ujw-meet-u-read.model","sun-jug-wet","U, J, W · A wet day","ujw-meet-u","Meet u · sun","ujw-meet-u-read","read","Optional teaching model","","","","","","optional_placeholder","Objective: Hear u, build sun, and connect its print with its meaning. A model is shown at phase 0 (if this step has one) and after the step is ready. There is no authored video script or uploaded file implied by this slot."
"programme_audio","l1.ujw-meet-j.ujw-meet-j-retrieve.directions-1","sun-jug-wet","U, J, W · A wet day","ujw-meet-j","Meet j · jug","ujw-meet-j-retrieve","sound","Directions, phase 1","Tap Listen.","script-926dc21c3e05","","","","recording_needed",""
"programme_audio","l1.ujw-meet-j.ujw-meet-j-retrieve.directions-1-heard","sun-jug-wet","U, J, W · A wet day","ujw-meet-j","Meet j · jug","ujw-meet-j-retrieve","sound","Response directions, phase 1","Tap the letter.","script-a00c410a35f6","","","","recording_needed","Replayable current-action cue. On first requested sound/spelling playback this precedes the target, keeping the target sound/word last. Replay plays the target alone."
"programme_audio","l1.ujw-meet-j.ujw-meet-j-retrieve.directions-2","sun-jug-wet","U, J, W · A wet day","ujw-meet-j","Meet j · jug","ujw-meet-j-retrieve","sound","Step success directions","You did it!","script-7f6dd03e6c9e","","","","recording_needed",""
"programme_audio","l1.ujw-meet-j.ujw-meet-j-retrieve.retry","sun-jug-wet","U, J, W · A wet day","ujw-meet-j","Meet j · jug","ujw-meet-j-retrieve","sound","First retry","Let’s have another try.","script-914076714817","","","","recording_needed",""
"programme_video_model","l1.ujw-meet-j.ujw-meet-j-retrieve.model","sun-jug-wet","U, J, W · A wet day","ujw-meet-j","Meet j · jug","ujw-meet-j-retrieve","sound","Optional teaching model","","","","","","optional_placeholder","Objective: Hear j, build jug, and connect its print with its meaning. A model is shown at phase 0 (if this step has one) and after the step is ready. There is no authored video script or uploaded file implied by this slot."
"programme_audio","l1.ujw-meet-j.ujw-meet-j-model.directions-0","sun-jug-wet","U, J, W · A wet day","ujw-meet-j","Meet j · jug","ujw-meet-j-model","sound","Directions, phase 0","Tap Listen.","script-926dc21c3e05","","","","recording_needed",""
"programme_audio","l1.ujw-meet-j.ujw-meet-j-model.directions-0-heard","sun-jug-wet","U, J, W · A wet day","ujw-meet-j","Meet j · jug","ujw-meet-j-model","sound","Response directions, phase 0","Say the sound.","script-be7daa24b299","","","","recording_needed","Replayable current-action cue. On first requested sound/spelling playback this precedes the target, keeping the target sound/word last. Replay plays the target alone."
"programme_audio","l1.ujw-meet-j.ujw-meet-j-model.directions-1","sun-jug-wet","U, J, W · A wet day","ujw-meet-j","Meet j · jug","ujw-meet-j-model","sound","Directions, phase 1","Tap Listen.","script-926dc21c3e05","","","","recording_needed",""
"programme_audio","l1.ujw-meet-j.ujw-meet-j-model.directions-1-heard","sun-jug-wet","U, J, W · A wet day","ujw-meet-j","Meet j · jug","ujw-meet-j-model","sound","Response directions, phase 1","Tap the letter.","script-a00c410a35f6","","","","recording_needed","Replayable current-action cue. On first requested sound/spelling playback this precedes the target, keeping the target sound/word last. Replay plays the target alone."
"programme_audio","l1.ujw-meet-j.ujw-meet-j-model.directions-2","sun-jug-wet","U, J, W · A wet day","ujw-meet-j","Meet j · jug","ujw-meet-j-model","sound","Step success directions","You did it!","script-7f6dd03e6c9e","","","","recording_needed",""
"programme_audio","l1.ujw-meet-j.ujw-meet-j-model.retry","sun-jug-wet","U, J, W · A wet day","ujw-meet-j","Meet j · jug","ujw-meet-j-model","sound","First retry","Let’s have another try.","script-914076714817","","","","recording_needed",""
"programme_video_model","l1.ujw-meet-j.ujw-meet-j-model.model","sun-jug-wet","U, J, W · A wet day","ujw-meet-j","Meet j · jug","ujw-meet-j-model","sound","Optional teaching model","","","","","","optional_placeholder","Objective: Hear j, build jug, and connect its print with its meaning. A model is shown at phase 0 (if this step has one) and after the step is ready. There is no authored video script or uploaded file implied by this slot."
"programme_audio","l1.ujw-meet-j.ujw-meet-j-build.directions-0","sun-jug-wet","U, J, W · A wet day","ujw-meet-j","Meet j · jug","ujw-meet-j-build","build","Directions, phase 0","Tap Listen.","script-926dc21c3e05","jug","","","recording_needed",""
"programme_audio","l1.ujw-meet-j.ujw-meet-j-build.directions-0-heard","sun-jug-wet","U, J, W · A wet day","ujw-meet-j","Meet j · jug","ujw-meet-j-build","build","Response directions, phase 0","Say the word.","script-e33bc428e31b","jug","","","recording_needed","Replayable current-action cue. On first requested sound/spelling playback this precedes the target, keeping the target sound/word last. Replay plays the target alone."
"programme_audio","l1.ujw-meet-j.ujw-meet-j-build.directions-1","sun-jug-wet","U, J, W · A wet day","ujw-meet-j","Meet j · jug","ujw-meet-j-build","build","Directions, phase 1","Tap Listen.","script-926dc21c3e05","jug","","","recording_needed",""
"programme_audio","l1.ujw-meet-j.ujw-meet-j-build.directions-1-heard","sun-jug-wet","U, J, W · A wet day","ujw-meet-j","Meet j · jug","ujw-meet-j-build","build","Response directions, phase 1","Make the word.","script-1069c4a52ede","jug","","","recording_needed","Replayable current-action cue. On first requested sound/spelling playback this precedes the target, keeping the target sound/word last. Replay plays the target alone."
"programme_audio","l1.ujw-meet-j.ujw-meet-j-build.directions-2","sun-jug-wet","U, J, W · A wet day","ujw-meet-j","Meet j · jug","ujw-meet-j-build","build","Step success directions","You did it!","script-7f6dd03e6c9e","jug","","","recording_needed",""
"programme_audio","l1.ujw-meet-j.ujw-meet-j-build.retry","sun-jug-wet","U, J, W · A wet day","ujw-meet-j","Meet j · jug","ujw-meet-j-build","build","First retry","Let’s have another try.","script-914076714817","jug","","","recording_needed",""
"programme_audio","l1.ujw-meet-j.ujw-meet-j-build.word","sun-jug-wet","U, J, W · A wet day","ujw-meet-j","Meet j · jug","ujw-meet-j-build","build","Whole word","jug","script-44b2255326ec","jug","","","recording_needed","Say the whole word naturally. Individual phonemes use the existing sound-<letter> files."
"programme_audio","l1.ujw-meet-j.ujw-meet-j-build.meaning","sun-jug-wet","U, J, W · A wet day","ujw-meet-j","Meet j · jug","ujw-meet-j-build","build","Word and meaning","jug. A jug holds water or another drink for pouring.","script-5da2d7f1bac2","jug","","","recording_needed","The same exact script is used wherever this step explains its meaning."
"programme_video_model","l1.ujw-meet-j.ujw-meet-j-build.model","sun-jug-wet","U, J, W · A wet day","ujw-meet-j","Meet j · jug","ujw-meet-j-build","build","Optional teaching model","","","jug","","","optional_placeholder","Objective: Hear j, build jug, and connect its print with its meaning. A model is shown at phase 0 (if this step has one) and after the step is ready. There is no authored video script or uploaded file implied by this slot."
"programme_audio","l1.ujw-meet-j.ujw-meet-j-read.directions-0","sun-jug-wet","U, J, W · A wet day","ujw-meet-j","Meet j · jug","ujw-meet-j-read","read","Directions, phase 0","Try reading this word.","script-c747b57459bc","","","","recording_needed",""
"programme_audio","l1.ujw-meet-j.ujw-meet-j-read.directions-1","sun-jug-wet","U, J, W · A wet day","ujw-meet-j","Meet j · jug","ujw-meet-j-read","read","Directions, phase 1","Tap its picture.","script-7cf1de8e870f","","","","recording_needed",""
"programme_audio","l1.ujw-meet-j.ujw-meet-j-read.directions-2","sun-jug-wet","U, J, W · A wet day","ujw-meet-j","Meet j · jug","ujw-meet-j-read","read","Step success directions","You did it!","script-7f6dd03e6c9e","","","","recording_needed",""
"programme_audio","l1.ujw-meet-j.ujw-meet-j-read.directions-complete","sun-jug-wet","U, J, W · A wet day","ujw-meet-j","Meet j · jug","ujw-meet-j-read","read","Activity completion directions","Well done!","script-462164a0645e","","","","recording_needed",""
"programme_audio","l1.ujw-meet-j.ujw-meet-j-read.retry","sun-jug-wet","U, J, W · A wet day","ujw-meet-j","Meet j · jug","ujw-meet-j-read","read","First retry","Let’s have another try.","script-914076714817","","","","recording_needed",""
"programme_audio","l1.ujw-meet-j.ujw-meet-j-read.word","sun-jug-wet","U, J, W · A wet day","ujw-meet-j","Meet j · jug","ujw-meet-j-read","read","Whole word","jug","script-44b2255326ec","","","","recording_needed","Say the whole word naturally. Individual phonemes use the existing sound-<letter> files."
"programme_audio","l1.ujw-meet-j.ujw-meet-j-read.meaning","sun-jug-wet","U, J, W · A wet day","ujw-meet-j","Meet j · jug","ujw-meet-j-read","read","Word and meaning","jug. A jug holds water or another drink for pouring.","script-5da2d7f1bac2","","","","recording_needed","The same exact script is used wherever this step explains its meaning."
"programme_audio","l1.ujw-meet-j.ujw-meet-j-read.question","sun-jug-wet","U, J, W · A wet day","ujw-meet-j","Meet j · jug","ujw-meet-j-read","read","Picture choice instruction","Tap its picture.","script-7cf1de8e870f","","","","recording_needed",""
"programme_audio","l1.ujw-meet-j.ujw-meet-j-read.choice-jug","sun-jug-wet","U, J, W · A wet day","ujw-meet-j","Meet j · jug","ujw-meet-j-read","read","Picture label on request","A jug holds water or another drink for pouring.","script-c3376387f9d8","jug","","","recording_needed","Heard only when the child asks for this picture label."
"programme_audio","l1.ujw-meet-j.ujw-meet-j-read.choice-bag","sun-jug-wet","U, J, W · A wet day","ujw-meet-j","Meet j · jug","ujw-meet-j-read","read","Picture label on request","A bag","script-6f083793aa47","bag","","","recording_needed","Heard only when the child asks for this picture label."
"programme_video_model","l1.ujw-meet-j.ujw-meet-j-read.model","sun-jug-wet","U, J, W · A wet day","ujw-meet-j","Meet j · jug","ujw-meet-j-read","read","Optional teaching model","","","","","","optional_placeholder","Objective: Hear j, build jug, and connect its print with its meaning. A model is shown at phase 0 (if this step has one) and after the step is ready. There is no authored video script or uploaded file implied by this slot."
"programme_audio","l1.ujw-meet-w.ujw-meet-w-retrieve.directions-1","sun-jug-wet","U, J, W · A wet day","ujw-meet-w","Meet w · wet","ujw-meet-w-retrieve","sound","Directions, phase 1","Tap Listen.","script-926dc21c3e05","","","","recording_needed",""
"programme_audio","l1.ujw-meet-w.ujw-meet-w-retrieve.directions-1-heard","sun-jug-wet","U, J, W · A wet day","ujw-meet-w","Meet w · wet","ujw-meet-w-retrieve","sound","Response directions, phase 1","Tap the letter.","script-a00c410a35f6","","","","recording_needed","Replayable current-action cue. On first requested sound/spelling playback this precedes the target, keeping the target sound/word last. Replay plays the target alone."
"programme_audio","l1.ujw-meet-w.ujw-meet-w-retrieve.directions-2","sun-jug-wet","U, J, W · A wet day","ujw-meet-w","Meet w · wet","ujw-meet-w-retrieve","sound","Step success directions","You did it!","script-7f6dd03e6c9e","","","","recording_needed",""
"programme_audio","l1.ujw-meet-w.ujw-meet-w-retrieve.retry","sun-jug-wet","U, J, W · A wet day","ujw-meet-w","Meet w · wet","ujw-meet-w-retrieve","sound","First retry","Let’s have another try.","script-914076714817","","","","recording_needed",""
"programme_video_model","l1.ujw-meet-w.ujw-meet-w-retrieve.model","sun-jug-wet","U, J, W · A wet day","ujw-meet-w","Meet w · wet","ujw-meet-w-retrieve","sound","Optional teaching model","","","","","","optional_placeholder","Objective: Hear w, build wet, and connect its print with its meaning. A model is shown at phase 0 (if this step has one) and after the step is ready. There is no authored video script or uploaded file implied by this slot."
"programme_audio","l1.ujw-meet-w.ujw-meet-w-model.directions-0","sun-jug-wet","U, J, W · A wet day","ujw-meet-w","Meet w · wet","ujw-meet-w-model","sound","Directions, phase 0","Tap Listen.","script-926dc21c3e05","","","","recording_needed",""
"programme_audio","l1.ujw-meet-w.ujw-meet-w-model.directions-0-heard","sun-jug-wet","U, J, W · A wet day","ujw-meet-w","Meet w · wet","ujw-meet-w-model","sound","Response directions, phase 0","Say the sound.","script-be7daa24b299","","","","recording_needed","Replayable current-action cue. On first requested sound/spelling playback this precedes the target, keeping the target sound/word last. Replay plays the target alone."
"programme_audio","l1.ujw-meet-w.ujw-meet-w-model.directions-1","sun-jug-wet","U, J, W · A wet day","ujw-meet-w","Meet w · wet","ujw-meet-w-model","sound","Directions, phase 1","Tap Listen.","script-926dc21c3e05","","","","recording_needed",""
"programme_audio","l1.ujw-meet-w.ujw-meet-w-model.directions-1-heard","sun-jug-wet","U, J, W · A wet day","ujw-meet-w","Meet w · wet","ujw-meet-w-model","sound","Response directions, phase 1","Tap the letter.","script-a00c410a35f6","","","","recording_needed","Replayable current-action cue. On first requested sound/spelling playback this precedes the target, keeping the target sound/word last. Replay plays the target alone."
"programme_audio","l1.ujw-meet-w.ujw-meet-w-model.directions-2","sun-jug-wet","U, J, W · A wet day","ujw-meet-w","Meet w · wet","ujw-meet-w-model","sound","Step success directions","You did it!","script-7f6dd03e6c9e","","","","recording_needed",""
"programme_audio","l1.ujw-meet-w.ujw-meet-w-model.retry","sun-jug-wet","U, J, W · A wet day","ujw-meet-w","Meet w · wet","ujw-meet-w-model","sound","First retry","Let’s have another try.","script-914076714817","","","","recording_needed",""
"programme_video_model","l1.ujw-meet-w.ujw-meet-w-model.model","sun-jug-wet","U, J, W · A wet day","ujw-meet-w","Meet w · wet","ujw-meet-w-model","sound","Optional teaching model","","","","","","optional_placeholder","Objective: Hear w, build wet, and connect its print with its meaning. A model is shown at phase 0 (if this step has one) and after the step is ready. There is no authored video script or uploaded file implied by this slot."
"programme_audio","l1.ujw-meet-w.ujw-meet-w-build.directions-0","sun-jug-wet","U, J, W · A wet day","ujw-meet-w","Meet w · wet","ujw-meet-w-build","build","Directions, phase 0","Tap Listen.","script-926dc21c3e05","wet","","","recording_needed",""
"programme_audio","l1.ujw-meet-w.ujw-meet-w-build.directions-0-heard","sun-jug-wet","U, J, W · A wet day","ujw-meet-w","Meet w · wet","ujw-meet-w-build","build","Response directions, phase 0","Say the word.","script-e33bc428e31b","wet","","","recording_needed","Replayable current-action cue. On first requested sound/spelling playback this precedes the target, keeping the target sound/word last. Replay plays the target alone."
"programme_audio","l1.ujw-meet-w.ujw-meet-w-build.directions-1","sun-jug-wet","U, J, W · A wet day","ujw-meet-w","Meet w · wet","ujw-meet-w-build","build","Directions, phase 1","Tap Listen.","script-926dc21c3e05","wet","","","recording_needed",""
"programme_audio","l1.ujw-meet-w.ujw-meet-w-build.directions-1-heard","sun-jug-wet","U, J, W · A wet day","ujw-meet-w","Meet w · wet","ujw-meet-w-build","build","Response directions, phase 1","Make the word.","script-1069c4a52ede","wet","","","recording_needed","Replayable current-action cue. On first requested sound/spelling playback this precedes the target, keeping the target sound/word last. Replay plays the target alone."
"programme_audio","l1.ujw-meet-w.ujw-meet-w-build.directions-2","sun-jug-wet","U, J, W · A wet day","ujw-meet-w","Meet w · wet","ujw-meet-w-build","build","Step success directions","You did it!","script-7f6dd03e6c9e","wet","","","recording_needed",""
"programme_audio","l1.ujw-meet-w.ujw-meet-w-build.retry","sun-jug-wet","U, J, W · A wet day","ujw-meet-w","Meet w · wet","ujw-meet-w-build","build","First retry","Let’s have another try.","script-914076714817","wet","","","recording_needed",""
"programme_audio","l1.ujw-meet-w.ujw-meet-w-build.word","sun-jug-wet","U, J, W · A wet day","ujw-meet-w","Meet w · wet","ujw-meet-w-build","build","Whole word","wet","script-534c51e17770","wet","","","recording_needed","Say the whole word naturally. Individual phonemes use the existing sound-<letter> files."
"programme_audio","l1.ujw-meet-w.ujw-meet-w-build.meaning","sun-jug-wet","U, J, W · A wet day","ujw-meet-w","Meet w · wet","ujw-meet-w-build","build","Word and meaning","wet. Wet means covered with some water.","script-2ba111b3f8d9","wet","","","recording_needed","The same exact script is used wherever this step explains its meaning."
"programme_video_model","l1.ujw-meet-w.ujw-meet-w-build.model","sun-jug-wet","U, J, W · A wet day","ujw-meet-w","Meet w · wet","ujw-meet-w-build","build","Optional teaching model","","","wet","","","optional_placeholder","Objective: Hear w, build wet, and connect its print with its meaning. A model is shown at phase 0 (if this step has one) and after the step is ready. There is no authored video script or uploaded file implied by this slot."
"programme_audio","l1.ujw-meet-w.ujw-meet-w-read.directions-0","sun-jug-wet","U, J, W · A wet day","ujw-meet-w","Meet w · wet","ujw-meet-w-read","read","Directions, phase 0","Try reading this word.","script-c747b57459bc","","","","recording_needed",""
"programme_audio","l1.ujw-meet-w.ujw-meet-w-read.directions-1","sun-jug-wet","U, J, W · A wet day","ujw-meet-w","Meet w · wet","ujw-meet-w-read","read","Directions, phase 1","Tap its picture.","script-7cf1de8e870f","","","","recording_needed",""
"programme_audio","l1.ujw-meet-w.ujw-meet-w-read.directions-2","sun-jug-wet","U, J, W · A wet day","ujw-meet-w","Meet w · wet","ujw-meet-w-read","read","Step success directions","You did it!","script-7f6dd03e6c9e","","","","recording_needed",""
"programme_audio","l1.ujw-meet-w.ujw-meet-w-read.directions-complete","sun-jug-wet","U, J, W · A wet day","ujw-meet-w","Meet w · wet","ujw-meet-w-read","read","Activity completion directions","Well done!","script-462164a0645e","","","","recording_needed",""
"programme_audio","l1.ujw-meet-w.ujw-meet-w-read.retry","sun-jug-wet","U, J, W · A wet day","ujw-meet-w","Meet w · wet","ujw-meet-w-read","read","First retry","Let’s have another try.","script-914076714817","","","","recording_needed",""
"programme_audio","l1.ujw-meet-w.ujw-meet-w-read.word","sun-jug-wet","U, J, W · A wet day","ujw-meet-w","Meet w · wet","ujw-meet-w-read","read","Whole word","wet","script-534c51e17770","","","","recording_needed","Say the whole word naturally. Individual phonemes use the existing sound-<letter> files."
"programme_audio","l1.ujw-meet-w.ujw-meet-w-read.meaning","sun-jug-wet","U, J, W · A wet day","ujw-meet-w","Meet w · wet","ujw-meet-w-read","read","Word and meaning","wet. Wet means covered with some water.","script-2ba111b3f8d9","","","","recording_needed","The same exact script is used wherever this step explains its meaning."
"programme_audio","l1.ujw-meet-w.ujw-meet-w-read.question","sun-jug-wet","U, J, W · A wet day","ujw-meet-w","Meet w · wet","ujw-meet-w-read","read","Picture choice instruction","Tap its picture.","script-7cf1de8e870f","","","","recording_needed",""
"programme_audio","l1.ujw-meet-w.ujw-meet-w-read.choice-wet","sun-jug-wet","U, J, W · A wet day","ujw-meet-w","Meet w · wet","ujw-meet-w-read","read","Picture label on request","Wet means covered with some water.","script-3ca4c2cac8ed","wet","","","recording_needed","Heard only when the child asks for this picture label."
"programme_audio","l1.ujw-meet-w.ujw-meet-w-read.choice-dry","sun-jug-wet","U, J, W · A wet day","ujw-meet-w","Meet w · wet","ujw-meet-w-read","read","Picture label on request","A dry object","script-cd33f9f7fa2a","dry-cup","","","recording_needed","Heard only when the child asks for this picture label."
"programme_video_model","l1.ujw-meet-w.ujw-meet-w-read.model","sun-jug-wet","U, J, W · A wet day","ujw-meet-w","Meet w · wet","ujw-meet-w-read","read","Optional teaching model","","","","","","optional_placeholder","Objective: Hear w, build wet, and connect its print with its meaning. A model is shown at phase 0 (if this step has one) and after the step is ready. There is no authored video script or uploaded file implied by this slot."
"programme_audio","l1.ujw-wet-book.ujw-wet-listen.directions-0","sun-jug-wet","U, J, W · A wet day","ujw-wet-book","A rainy surprise","ujw-wet-listen","listen","Directions, phase 0","Tap Listen.","script-926dc21c3e05","jim-wet","","","recording_needed",""
"programme_audio","l1.ujw-wet-book.ujw-wet-listen.directions-0-heard","sun-jug-wet","U, J, W · A wet day","ujw-wet-book","A rainy surprise","ujw-wet-listen","listen","Response directions, phase 0","Let’s see what happened.","script-91903b42e456","jim-wet","","","recording_needed","Replayable current-action cue. On first requested sound/spelling playback this precedes the target, keeping the target sound/word last. Replay plays the target alone."
"programme_audio","l1.ujw-wet-book.ujw-wet-listen.directions-1","sun-jug-wet","U, J, W · A wet day","ujw-wet-book","A rainy surprise","ujw-wet-listen","listen","Directions, phase 1","Where did Jim go to get out of the rain?","script-f1b38d940936","jim-wet","","","recording_needed",""
"programme_audio","l1.ujw-wet-book.ujw-wet-listen.directions-1-heard","sun-jug-wet","U, J, W · A wet day","ujw-wet-book","A rainy surprise","ujw-wet-listen","listen","Response directions, phase 1","Where did Jim go to get out of the rain?","script-f1b38d940936","jim-wet","","","recording_needed","Replayable current-action cue. On first requested sound/spelling playback this precedes the target, keeping the target sound/word last. Replay plays the target alone."
"programme_audio","l1.ujw-wet-book.ujw-wet-listen.directions-2","sun-jug-wet","U, J, W · A wet day","ujw-wet-book","A rainy surprise","ujw-wet-listen","listen","Step success directions","You did it!","script-7f6dd03e6c9e","jim-wet","","","recording_needed",""
"programme_audio","l1.ujw-wet-book.ujw-wet-listen.retry","sun-jug-wet","U, J, W · A wet day","ujw-wet-book","A rainy surprise","ujw-wet-listen","listen","First retry","Let’s have another try.","script-914076714817","jim-wet","","","recording_needed",""
"programme_audio","l1.ujw-wet-book.ujw-wet-listen.story","sun-jug-wet","U, J, W · A wet day","ujw-wet-book","A rainy surprise","ujw-wet-listen","listen","Narrated story","Meet Jim. Jim is playing outside when a little rain begins. Jim gets wet and runs to a covered seat. Jim sits down and laughs about the surprise. Getting a little wet during the game was fun for Jim. You can say how Jim felt, or show his happy face.","script-4a8929ecc6c3","jim-wet","","","recording_needed",""
"programme_audio","l1.ujw-wet-book.ujw-wet-listen.question","sun-jug-wet","U, J, W · A wet day","ujw-wet-book","A rainy surprise","ujw-wet-listen","listen","Listening question","Where did Jim go to get out of the rain?","script-f1b38d940936","jim-wet","","","recording_needed",""
"programme_audio","l1.ujw-wet-book.ujw-wet-listen.choice-seat","sun-jug-wet","U, J, W · A wet day","ujw-wet-book","A rainy surprise","ujw-wet-listen","listen","Picture label on request","To a covered seat.","script-628102039aad","jim-sat","","","recording_needed","Heard only when the child asks for this picture label."
"programme_audio","l1.ujw-wet-book.ujw-wet-listen.choice-sun","sun-jug-wet","U, J, W · A wet day","ujw-wet-book","A rainy surprise","ujw-wet-listen","listen","Picture label on request","Into the sunshine.","script-6c618cb73921","sun","","","recording_needed","Heard only when the child asks for this picture label."
"programme_video_model","l1.ujw-wet-book.ujw-wet-listen.model","sun-jug-wet","U, J, W · A wet day","ujw-wet-book","A rainy surprise","ujw-wet-listen","listen","Optional teaching model","","","jim-wet","","","optional_placeholder","Objective: Connect events, feelings and a simple narrative across four pages. A model is shown at phase 0 (if this step has one) and after the step is ready. There is no authored video script or uploaded file implied by this slot."
"programme_audio","l1.ujw-wet-book.ujw-wet-read.cover.directions-0","sun-jug-wet","U, J, W · A wet day","ujw-wet-book","A rainy surprise","ujw-wet-read.cover","book-cover","Directions, phase 0","Tap Listen.","script-926dc21c3e05","","","","recording_needed",""
"programme_audio","l1.ujw-wet-book.ujw-wet-read.cover.directions-0-heard","sun-jug-wet","U, J, W · A wet day","ujw-wet-book","A rainy surprise","ujw-wet-read.cover","book-cover","Response directions, phase 0","Ready for the next part?","script-77a9094a81f0","","","","recording_needed","Replayable current-action cue. On first requested sound/spelling playback this precedes the target, keeping the target sound/word last. Replay plays the target alone."
"programme_audio","l1.ujw-wet-book.ujw-wet-read.cover.directions-1","sun-jug-wet","U, J, W · A wet day","ujw-wet-book","A rainy surprise","ujw-wet-read.cover","book-cover","Step success directions","You did it!","script-7f6dd03e6c9e","","","","recording_needed",""
"programme_audio","l1.ujw-wet-book.ujw-wet-read.cover.prepare-0","sun-jug-wet","U, J, W · A wet day","ujw-wet-book","A rainy surprise","ujw-wet-read.cover","book-cover","Book vocabulary or character preparation","Jim","script-96bd923157c7","jim-sat","","","recording_needed","One tap-paced card at a time. Next advances only after this part is heard or read together. No joined convention monologue."
"programme_audio","l1.ujw-wet-book.ujw-wet-read.cover.prepare-1","sun-jug-wet","U, J, W · A wet day","ujw-wet-book","A rainy surprise","ujw-wet-read.cover","book-cover","Book vocabulary or character preparation","wet","script-534c51e17770","jim-wet","","","recording_needed","One tap-paced card at a time. Next advances only after this part is heard or read together. No joined convention monologue."
"programme_audio","l1.ujw-wet-book.ujw-wet-read.cover.prepare-2","sun-jug-wet","U, J, W · A wet day","ujw-wet-book","A rainy surprise","ujw-wet-read.cover","book-cover","Book vocabulary or character preparation","fun","script-00c4285274fc","jim-fun","","","recording_needed","One tap-paced card at a time. Next advances only after this part is heard or read together. No joined convention monologue."
"programme_audio","l1.ujw-wet-book.ujw-wet-read.cover.convention-0","sun-jug-wet","U, J, W · A wet day","ujw-wet-book","A rainy surprise","ujw-wet-read.cover","book-cover","Book preparation model","Jim starts with big J. Big J and small j go together.","script-0487078fdda8","","","","recording_needed","One tap-paced card at a time. Next advances only after this part is heard or read together. No joined convention monologue."
"programme_audio","l1.ujw-wet-book.ujw-wet-read.cover.convention-1","sun-jug-wet","U, J, W · A wet day","ujw-wet-book","A rainy surprise","ujw-wet-read.cover","book-cover","Book preparation model","Wet means covered with some water.","script-3ca4c2cac8ed","","","","recording_needed","One tap-paced card at a time. Next advances only after this part is heard or read together. No joined convention monologue."
"programme_audio","l1.ujw-wet-book.ujw-wet-read.cover.convention-2","sun-jug-wet","U, J, W · A wet day","ujw-wet-book","A rainy surprise","ujw-wet-read.cover","book-cover","Book preparation model","Jim had fun means he enjoyed what happened.","script-98b1303be8f3","","","","recording_needed","One tap-paced card at a time. Next advances only after this part is heard or read together. No joined convention monologue."
"programme_video_model","l1.ujw-wet-book.ujw-wet-read.cover.model","sun-jug-wet","U, J, W · A wet day","ujw-wet-book","A rainy surprise","ujw-wet-read.cover","book-cover","Optional teaching model","","","","","","optional_placeholder","Objective: Connect events, feelings and a simple narrative across four pages. A model is shown at phase 0 (if this step has one) and after the step is ready. There is no authored video script or uploaded file implied by this slot."
"programme_audio","l1.ujw-wet-book.ujw-wet-read.jim-wet.directions-0","sun-jug-wet","U, J, W · A wet day","ujw-wet-book","A rainy surprise","ujw-wet-read.jim-wet","page","Directions, phase 0","Your turn to read.","script-628afdc4429d","jim-wet","","","recording_needed",""
"programme_audio","l1.ujw-wet-book.ujw-wet-read.jim-wet.directions-1","sun-jug-wet","U, J, W · A wet day","ujw-wet-book","A rainy surprise","ujw-wet-read.jim-wet","page","Directions, phase 1","See the story.","script-c0a5efc3c898","jim-wet","","","recording_needed",""
"programme_audio","l1.ujw-wet-book.ujw-wet-read.jim-wet.directions-2","sun-jug-wet","U, J, W · A wet day","ujw-wet-book","A rainy surprise","ujw-wet-read.jim-wet","page","Step success directions","You did it!","script-7f6dd03e6c9e","jim-wet","","","recording_needed",""
"programme_audio","l1.ujw-wet-book.ujw-wet-read.jim-wet.page","sun-jug-wet","U, J, W · A wet day","ujw-wet-book","A rainy surprise","ujw-wet-read.jim-wet","page","Read the complete page","Jim got wet.","script-9a4a8ca6357d","jim-wet","","","recording_needed","Preserve the sentence punctuation and phrasing."
"programme_audio","l1.ujw-wet-book.ujw-wet-read.jim-wet.word-0","sun-jug-wet","U, J, W · A wet day","ujw-wet-book","A rainy surprise","ujw-wet-read.jim-wet","page","Tapped page word","Jim","script-96bd923157c7","jim-wet","","","recording_needed","Index and text exactly match the on-screen space-separated token, including its punctuation."
"programme_audio","l1.ujw-wet-book.ujw-wet-read.jim-wet.word-1","sun-jug-wet","U, J, W · A wet day","ujw-wet-book","A rainy surprise","ujw-wet-read.jim-wet","page","Tapped page word","got","script-0497db517ef0","jim-wet","","","recording_needed","Index and text exactly match the on-screen space-separated token, including its punctuation."
"programme_audio","l1.ujw-wet-book.ujw-wet-read.jim-wet.word-2","sun-jug-wet","U, J, W · A wet day","ujw-wet-book","A rainy surprise","ujw-wet-read.jim-wet","page","Tapped page word","wet.","script-ef72276c2383","jim-wet","","","recording_needed","Index and text exactly match the on-screen space-separated token, including its punctuation."
"programme_video_model","l1.ujw-wet-book.ujw-wet-read.jim-wet.model","sun-jug-wet","U, J, W · A wet day","ujw-wet-book","A rainy surprise","ujw-wet-read.jim-wet","page","Optional teaching model","","","jim-wet","","","optional_placeholder","Objective: Connect events, feelings and a simple narrative across four pages. A model is shown at phase 0 (if this step has one) and after the step is ready. There is no authored video script or uploaded file implied by this slot."
"programme_audio","l1.ujw-wet-book.ujw-wet-read.jim-ran.directions-0","sun-jug-wet","U, J, W · A wet day","ujw-wet-book","A rainy surprise","ujw-wet-read.jim-ran","page","Directions, phase 0","Your turn to read.","script-628afdc4429d","jim-ran","","","recording_needed",""
"programme_audio","l1.ujw-wet-book.ujw-wet-read.jim-ran.directions-1","sun-jug-wet","U, J, W · A wet day","ujw-wet-book","A rainy surprise","ujw-wet-read.jim-ran","page","Directions, phase 1","See the story.","script-c0a5efc3c898","jim-ran","","","recording_needed",""
"programme_audio","l1.ujw-wet-book.ujw-wet-read.jim-ran.directions-2","sun-jug-wet","U, J, W · A wet day","ujw-wet-book","A rainy surprise","ujw-wet-read.jim-ran","page","Step success directions","You did it!","script-7f6dd03e6c9e","jim-ran","","","recording_needed",""
"programme_audio","l1.ujw-wet-book.ujw-wet-read.jim-ran.page","sun-jug-wet","U, J, W · A wet day","ujw-wet-book","A rainy surprise","ujw-wet-read.jim-ran","page","Read the complete page","Jim ran.","script-12773786e186","jim-ran","","","recording_needed","Preserve the sentence punctuation and phrasing."
"programme_audio","l1.ujw-wet-book.ujw-wet-read.jim-ran.word-0","sun-jug-wet","U, J, W · A wet day","ujw-wet-book","A rainy surprise","ujw-wet-read.jim-ran","page","Tapped page word","Jim","script-96bd923157c7","jim-ran","","","recording_needed","Index and text exactly match the on-screen space-separated token, including its punctuation."
"programme_audio","l1.ujw-wet-book.ujw-wet-read.jim-ran.word-1","sun-jug-wet","U, J, W · A wet day","ujw-wet-book","A rainy surprise","ujw-wet-read.jim-ran","page","Tapped page word","ran.","script-3d3d5a91b906","jim-ran","","","recording_needed","Index and text exactly match the on-screen space-separated token, including its punctuation."
"programme_video_model","l1.ujw-wet-book.ujw-wet-read.jim-ran.model","sun-jug-wet","U, J, W · A wet day","ujw-wet-book","A rainy surprise","ujw-wet-read.jim-ran","page","Optional teaching model","","","jim-ran","","","optional_placeholder","Objective: Connect events, feelings and a simple narrative across four pages. A model is shown at phase 0 (if this step has one) and after the step is ready. There is no authored video script or uploaded file implied by this slot."
"programme_audio","l1.ujw-wet-book.ujw-wet-read.jim-sat.directions-0","sun-jug-wet","U, J, W · A wet day","ujw-wet-book","A rainy surprise","ujw-wet-read.jim-sat","page","Directions, phase 0","Your turn to read.","script-628afdc4429d","jim-sat","","","recording_needed",""
"programme_audio","l1.ujw-wet-book.ujw-wet-read.jim-sat.directions-1","sun-jug-wet","U, J, W · A wet day","ujw-wet-book","A rainy surprise","ujw-wet-read.jim-sat","page","Directions, phase 1","See the story.","script-c0a5efc3c898","jim-sat","","","recording_needed",""
"programme_audio","l1.ujw-wet-book.ujw-wet-read.jim-sat.directions-2","sun-jug-wet","U, J, W · A wet day","ujw-wet-book","A rainy surprise","ujw-wet-read.jim-sat","page","Step success directions","You did it!","script-7f6dd03e6c9e","jim-sat","","","recording_needed",""
"programme_audio","l1.ujw-wet-book.ujw-wet-read.jim-sat.page","sun-jug-wet","U, J, W · A wet day","ujw-wet-book","A rainy surprise","ujw-wet-read.jim-sat","page","Read the complete page","Jim sat.","script-149e7e96ffb4","jim-sat","","","recording_needed","Preserve the sentence punctuation and phrasing."
"programme_audio","l1.ujw-wet-book.ujw-wet-read.jim-sat.word-0","sun-jug-wet","U, J, W · A wet day","ujw-wet-book","A rainy surprise","ujw-wet-read.jim-sat","page","Tapped page word","Jim","script-96bd923157c7","jim-sat","","","recording_needed","Index and text exactly match the on-screen space-separated token, including its punctuation."
"programme_audio","l1.ujw-wet-book.ujw-wet-read.jim-sat.word-1","sun-jug-wet","U, J, W · A wet day","ujw-wet-book","A rainy surprise","ujw-wet-read.jim-sat","page","Tapped page word","sat.","script-770669ec5aa4","jim-sat","","","recording_needed","Index and text exactly match the on-screen space-separated token, including its punctuation."
"programme_video_model","l1.ujw-wet-book.ujw-wet-read.jim-sat.model","sun-jug-wet","U, J, W · A wet day","ujw-wet-book","A rainy surprise","ujw-wet-read.jim-sat","page","Optional teaching model","","","jim-sat","","","optional_placeholder","Objective: Connect events, feelings and a simple narrative across four pages. A model is shown at phase 0 (if this step has one) and after the step is ready. There is no authored video script or uploaded file implied by this slot."
"programme_audio","l1.ujw-wet-book.ujw-wet-read.jim-fun.directions-0","sun-jug-wet","U, J, W · A wet day","ujw-wet-book","A rainy surprise","ujw-wet-read.jim-fun","page","Directions, phase 0","Your turn to read.","script-628afdc4429d","jim-fun","","","recording_needed",""
"programme_audio","l1.ujw-wet-book.ujw-wet-read.jim-fun.directions-1","sun-jug-wet","U, J, W · A wet day","ujw-wet-book","A rainy surprise","ujw-wet-read.jim-fun","page","Directions, phase 1","How did Jim feel about the little surprise?","script-b6fc008d7361","jim-fun","","","recording_needed",""
"programme_audio","l1.ujw-wet-book.ujw-wet-read.jim-fun.directions-2","sun-jug-wet","U, J, W · A wet day","ujw-wet-book","A rainy surprise","ujw-wet-read.jim-fun","page","Step success directions","You did it!","script-7f6dd03e6c9e","jim-fun","","","recording_needed",""
"programme_audio","l1.ujw-wet-book.ujw-wet-read.jim-fun.directions-complete","sun-jug-wet","U, J, W · A wet day","ujw-wet-book","A rainy surprise","ujw-wet-read.jim-fun","page","Activity completion directions","Well done!","script-462164a0645e","jim-fun","","","recording_needed",""
"programme_audio","l1.ujw-wet-book.ujw-wet-read.jim-fun.retry","sun-jug-wet","U, J, W · A wet day","ujw-wet-book","A rainy surprise","ujw-wet-read.jim-fun","page","First retry","Let’s have another try.","script-914076714817","jim-fun","","","recording_needed",""
"programme_audio","l1.ujw-wet-book.ujw-wet-read.jim-fun.page","sun-jug-wet","U, J, W · A wet day","ujw-wet-book","A rainy surprise","ujw-wet-read.jim-fun","page","Read the complete page","Jim had fun.","script-500728a90fdb","jim-fun","","","recording_needed","Preserve the sentence punctuation and phrasing."
"programme_audio","l1.ujw-wet-book.ujw-wet-read.jim-fun.word-0","sun-jug-wet","U, J, W · A wet day","ujw-wet-book","A rainy surprise","ujw-wet-read.jim-fun","page","Tapped page word","Jim","script-96bd923157c7","jim-fun","","","recording_needed","Index and text exactly match the on-screen space-separated token, including its punctuation."
"programme_audio","l1.ujw-wet-book.ujw-wet-read.jim-fun.word-1","sun-jug-wet","U, J, W · A wet day","ujw-wet-book","A rainy surprise","ujw-wet-read.jim-fun","page","Tapped page word","had","script-e02a753f0c06","jim-fun","","","recording_needed","Index and text exactly match the on-screen space-separated token, including its punctuation."
"programme_audio","l1.ujw-wet-book.ujw-wet-read.jim-fun.word-2","sun-jug-wet","U, J, W · A wet day","ujw-wet-book","A rainy surprise","ujw-wet-read.jim-fun","page","Tapped page word","fun.","script-d2044eafb887","jim-fun","","","recording_needed","Index and text exactly match the on-screen space-separated token, including its punctuation."
"programme_audio","l1.ujw-wet-book.ujw-wet-read.jim-fun.question","sun-jug-wet","U, J, W · A wet day","ujw-wet-book","A rainy surprise","ujw-wet-read.jim-fun","page","Page meaning question","How did Jim feel about the little surprise?","script-b6fc008d7361","jim-fun","","","recording_needed",""
"programme_audio","l1.ujw-wet-book.ujw-wet-read.jim-fun.choice-fun","sun-jug-wet","U, J, W · A wet day","ujw-wet-book","A rainy surprise","ujw-wet-read.jim-fun","page","Picture label on request","Jim had fun.","script-500728a90fdb","jim-fun","","","recording_needed","Heard only when the child asks for this picture label."
"programme_audio","l1.ujw-wet-book.ujw-wet-read.jim-fun.choice-sad","sun-jug-wet","U, J, W · A wet day","ujw-wet-book","A rainy surprise","ujw-wet-read.jim-fun","page","Picture label on request","Jim felt sad.","script-8197c0f49e61","sad","","","recording_needed","Heard only when the child asks for this picture label."
"programme_video_model","l1.ujw-wet-book.ujw-wet-read.jim-fun.model","sun-jug-wet","U, J, W · A wet day","ujw-wet-book","A rainy surprise","ujw-wet-read.jim-fun","page","Optional teaching model","","","jim-fun","","","optional_placeholder","Objective: Connect events, feelings and a simple narrative across four pages. A model is shown at phase 0 (if this step has one) and after the step is ready. There is no authored video script or uploaded file implied by this slot."
"programme_audio","l1.ujw-return.ujw-check-u.directions-1","sun-jug-wet","U, J, W · A wet day","ujw-return","Five vowel sounds","ujw-check-u","sound","Directions, phase 1","Tap Listen.","script-926dc21c3e05","","","","recording_needed",""
"programme_audio","l1.ujw-return.ujw-check-u.directions-1-heard","sun-jug-wet","U, J, W · A wet day","ujw-return","Five vowel sounds","ujw-check-u","sound","Response directions, phase 1","Tap the letter.","script-a00c410a35f6","","","","recording_needed","Replayable current-action cue. On first requested sound/spelling playback this precedes the target, keeping the target sound/word last. Replay plays the target alone."
"programme_audio","l1.ujw-return.ujw-check-u.directions-2","sun-jug-wet","U, J, W · A wet day","ujw-return","Five vowel sounds","ujw-check-u","sound","Step success directions","You did it!","script-7f6dd03e6c9e","","","","recording_needed",""
"programme_audio","l1.ujw-return.ujw-check-u.retry","sun-jug-wet","U, J, W · A wet day","ujw-return","Five vowel sounds","ujw-check-u","sound","First retry","Let’s have another try.","script-914076714817","","","","recording_needed",""
"programme_video_model","l1.ujw-return.ujw-check-u.model","sun-jug-wet","U, J, W · A wet day","ujw-return","Five vowel sounds","ujw-check-u","sound","Optional teaching model","","","","","","optional_placeholder","Objective: Retrieve short u and short a, then practise earlier print and encoding. A model is shown at phase 0 (if this step has one) and after the step is ready. There is no authored video script or uploaded file implied by this slot."
"programme_audio","l1.ujw-return.ujw-check-a.directions-1","sun-jug-wet","U, J, W · A wet day","ujw-return","Five vowel sounds","ujw-check-a","sound","Directions, phase 1","Tap Listen.","script-926dc21c3e05","","","","recording_needed",""
"programme_audio","l1.ujw-return.ujw-check-a.directions-1-heard","sun-jug-wet","U, J, W · A wet day","ujw-return","Five vowel sounds","ujw-check-a","sound","Response directions, phase 1","Tap the letter.","script-a00c410a35f6","","","","recording_needed","Replayable current-action cue. On first requested sound/spelling playback this precedes the target, keeping the target sound/word last. Replay plays the target alone."
"programme_audio","l1.ujw-return.ujw-check-a.directions-2","sun-jug-wet","U, J, W · A wet day","ujw-return","Five vowel sounds","ujw-check-a","sound","Step success directions","You did it!","script-7f6dd03e6c9e","","","","recording_needed",""
"programme_audio","l1.ujw-return.ujw-check-a.retry","sun-jug-wet","U, J, W · A wet day","ujw-return","Five vowel sounds","ujw-check-a","sound","First retry","Let’s have another try.","script-914076714817","","","","recording_needed",""
"programme_video_model","l1.ujw-return.ujw-check-a.model","sun-jug-wet","U, J, W · A wet day","ujw-return","Five vowel sounds","ujw-check-a","sound","Optional teaching model","","","","","","optional_placeholder","Objective: Retrieve short u and short a, then practise earlier print and encoding. A model is shown at phase 0 (if this step has one) and after the step is ready. There is no authored video script or uploaded file implied by this slot."
"programme_audio","l1.ujw-return.ujw-check-jug.directions-0","sun-jug-wet","U, J, W · A wet day","ujw-return","Five vowel sounds","ujw-check-jug","read","Directions, phase 0","Try reading this word.","script-c747b57459bc","","","","recording_needed",""
"programme_audio","l1.ujw-return.ujw-check-jug.directions-1","sun-jug-wet","U, J, W · A wet day","ujw-return","Five vowel sounds","ujw-check-jug","read","Directions, phase 1","Tap its picture.","script-7cf1de8e870f","","","","recording_needed",""
"programme_audio","l1.ujw-return.ujw-check-jug.directions-2","sun-jug-wet","U, J, W · A wet day","ujw-return","Five vowel sounds","ujw-check-jug","read","Step success directions","You did it!","script-7f6dd03e6c9e","","","","recording_needed",""
"programme_audio","l1.ujw-return.ujw-check-jug.retry","sun-jug-wet","U, J, W · A wet day","ujw-return","Five vowel sounds","ujw-check-jug","read","First retry","Let’s have another try.","script-914076714817","","","","recording_needed",""
"programme_audio","l1.ujw-return.ujw-check-jug.word","sun-jug-wet","U, J, W · A wet day","ujw-return","Five vowel sounds","ujw-check-jug","read","Whole word","jug","script-44b2255326ec","","","","recording_needed","Say the whole word naturally. Individual phonemes use the existing sound-<letter> files."
"programme_audio","l1.ujw-return.ujw-check-jug.meaning","sun-jug-wet","U, J, W · A wet day","ujw-return","Five vowel sounds","ujw-check-jug","read","Word and meaning","jug. A jug","script-9fb43495cedc","","","","recording_needed","The same exact script is used wherever this step explains its meaning."
"programme_audio","l1.ujw-return.ujw-check-jug.question","sun-jug-wet","U, J, W · A wet day","ujw-return","Five vowel sounds","ujw-check-jug","read","Picture choice instruction","Tap its picture.","script-7cf1de8e870f","","","","recording_needed",""
"programme_audio","l1.ujw-return.ujw-check-jug.choice-jug","sun-jug-wet","U, J, W · A wet day","ujw-return","Five vowel sounds","ujw-check-jug","read","Picture label on request","A jug","script-d742ca04e88e","jug","","","recording_needed","Heard only when the child asks for this picture label."
"programme_audio","l1.ujw-return.ujw-check-jug.choice-dog","sun-jug-wet","U, J, W · A wet day","ujw-return","Five vowel sounds","ujw-check-jug","read","Picture label on request","A dog","script-d2894c61cfd4","dog","","","recording_needed","Heard only when the child asks for this picture label."
"programme_video_model","l1.ujw-return.ujw-check-jug.model","sun-jug-wet","U, J, W · A wet day","ujw-return","Five vowel sounds","ujw-check-jug","read","Optional teaching model","","","","","","optional_placeholder","Objective: Retrieve short u and short a, then practise earlier print and encoding. A model is shown at phase 0 (if this step has one) and after the step is ready. There is no authored video script or uploaded file implied by this slot."
"programme_audio","l1.ujw-return.ujw-check-sun.directions-1","sun-jug-wet","U, J, W · A wet day","ujw-return","Five vowel sounds","ujw-check-sun","build","Directions, phase 1","Tap Listen.","script-926dc21c3e05","sun","","","recording_needed",""
"programme_audio","l1.ujw-return.ujw-check-sun.directions-1-heard","sun-jug-wet","U, J, W · A wet day","ujw-return","Five vowel sounds","ujw-check-sun","build","Response directions, phase 1","Make the word.","script-1069c4a52ede","sun","","","recording_needed","Replayable current-action cue. On first requested sound/spelling playback this precedes the target, keeping the target sound/word last. Replay plays the target alone."
"programme_audio","l1.ujw-return.ujw-check-sun.directions-2","sun-jug-wet","U, J, W · A wet day","ujw-return","Five vowel sounds","ujw-check-sun","build","Step success directions","You did it!","script-7f6dd03e6c9e","sun","","","recording_needed",""
"programme_audio","l1.ujw-return.ujw-check-sun.directions-complete","sun-jug-wet","U, J, W · A wet day","ujw-return","Five vowel sounds","ujw-check-sun","build","Activity completion directions","Well done!","script-462164a0645e","sun","","","recording_needed",""
"programme_audio","l1.ujw-return.ujw-check-sun.retry","sun-jug-wet","U, J, W · A wet day","ujw-return","Five vowel sounds","ujw-check-sun","build","First retry","Let’s have another try.","script-914076714817","sun","","","recording_needed",""
"programme_audio","l1.ujw-return.ujw-check-sun.word","sun-jug-wet","U, J, W · A wet day","ujw-return","Five vowel sounds","ujw-check-sun","build","Whole word","sun","script-27756f050e14","sun","","","recording_needed","Say the whole word naturally. Individual phonemes use the existing sound-<letter> files."
"programme_audio","l1.ujw-return.ujw-check-sun.meaning","sun-jug-wet","U, J, W · A wet day","ujw-return","Five vowel sounds","ujw-check-sun","build","Word and meaning","sun. The sun gives light and warmth.","script-7b579004fa2f","sun","","","recording_needed","The same exact script is used wherever this step explains its meaning."
"programme_video_model","l1.ujw-return.ujw-check-sun.model","sun-jug-wet","U, J, W · A wet day","ujw-return","Five vowel sounds","ujw-check-sun","build","Optional teaching model","","","sun","","","optional_placeholder","Objective: Retrieve short u and short a, then practise earlier print and encoding. A model is shown at phase 0 (if this step has one) and after the step is ready. There is no authored video script or uploaded file implied by this slot."
"programme_audio","l1.vyz-meet-v.vyz-meet-v-retrieve.directions-1","van-yam-zip","V, Y, Z · Meet Zed","vyz-meet-v","Meet v · van","vyz-meet-v-retrieve","sound","Directions, phase 1","Tap Listen.","script-926dc21c3e05","","","","recording_needed",""
"programme_audio","l1.vyz-meet-v.vyz-meet-v-retrieve.directions-1-heard","van-yam-zip","V, Y, Z · Meet Zed","vyz-meet-v","Meet v · van","vyz-meet-v-retrieve","sound","Response directions, phase 1","Tap the letter.","script-a00c410a35f6","","","","recording_needed","Replayable current-action cue. On first requested sound/spelling playback this precedes the target, keeping the target sound/word last. Replay plays the target alone."
"programme_audio","l1.vyz-meet-v.vyz-meet-v-retrieve.directions-2","van-yam-zip","V, Y, Z · Meet Zed","vyz-meet-v","Meet v · van","vyz-meet-v-retrieve","sound","Step success directions","You did it!","script-7f6dd03e6c9e","","","","recording_needed",""
"programme_audio","l1.vyz-meet-v.vyz-meet-v-retrieve.retry","van-yam-zip","V, Y, Z · Meet Zed","vyz-meet-v","Meet v · van","vyz-meet-v-retrieve","sound","First retry","Let’s have another try.","script-914076714817","","","","recording_needed",""
"programme_video_model","l1.vyz-meet-v.vyz-meet-v-retrieve.model","van-yam-zip","V, Y, Z · Meet Zed","vyz-meet-v","Meet v · van","vyz-meet-v-retrieve","sound","Optional teaching model","","","","","","optional_placeholder","Objective: Hear v, build van, and connect its print with its meaning. A model is shown at phase 0 (if this step has one) and after the step is ready. There is no authored video script or uploaded file implied by this slot."
"programme_audio","l1.vyz-meet-v.vyz-meet-v-model.directions-0","van-yam-zip","V, Y, Z · Meet Zed","vyz-meet-v","Meet v · van","vyz-meet-v-model","sound","Directions, phase 0","Tap Listen.","script-926dc21c3e05","","","","recording_needed",""
"programme_audio","l1.vyz-meet-v.vyz-meet-v-model.directions-0-heard","van-yam-zip","V, Y, Z · Meet Zed","vyz-meet-v","Meet v · van","vyz-meet-v-model","sound","Response directions, phase 0","Say the sound.","script-be7daa24b299","","","","recording_needed","Replayable current-action cue. On first requested sound/spelling playback this precedes the target, keeping the target sound/word last. Replay plays the target alone."
"programme_audio","l1.vyz-meet-v.vyz-meet-v-model.directions-1","van-yam-zip","V, Y, Z · Meet Zed","vyz-meet-v","Meet v · van","vyz-meet-v-model","sound","Directions, phase 1","Tap Listen.","script-926dc21c3e05","","","","recording_needed",""
"programme_audio","l1.vyz-meet-v.vyz-meet-v-model.directions-1-heard","van-yam-zip","V, Y, Z · Meet Zed","vyz-meet-v","Meet v · van","vyz-meet-v-model","sound","Response directions, phase 1","Tap the letter.","script-a00c410a35f6","","","","recording_needed","Replayable current-action cue. On first requested sound/spelling playback this precedes the target, keeping the target sound/word last. Replay plays the target alone."
"programme_audio","l1.vyz-meet-v.vyz-meet-v-model.directions-2","van-yam-zip","V, Y, Z · Meet Zed","vyz-meet-v","Meet v · van","vyz-meet-v-model","sound","Step success directions","You did it!","script-7f6dd03e6c9e","","","","recording_needed",""
"programme_audio","l1.vyz-meet-v.vyz-meet-v-model.retry","van-yam-zip","V, Y, Z · Meet Zed","vyz-meet-v","Meet v · van","vyz-meet-v-model","sound","First retry","Let’s have another try.","script-914076714817","","","","recording_needed",""
"programme_video_model","l1.vyz-meet-v.vyz-meet-v-model.model","van-yam-zip","V, Y, Z · Meet Zed","vyz-meet-v","Meet v · van","vyz-meet-v-model","sound","Optional teaching model","","","","","","optional_placeholder","Objective: Hear v, build van, and connect its print with its meaning. A model is shown at phase 0 (if this step has one) and after the step is ready. There is no authored video script or uploaded file implied by this slot."
"programme_audio","l1.vyz-meet-v.vyz-meet-v-build.directions-0","van-yam-zip","V, Y, Z · Meet Zed","vyz-meet-v","Meet v · van","vyz-meet-v-build","build","Directions, phase 0","Tap Listen.","script-926dc21c3e05","van","","","recording_needed",""
"programme_audio","l1.vyz-meet-v.vyz-meet-v-build.directions-0-heard","van-yam-zip","V, Y, Z · Meet Zed","vyz-meet-v","Meet v · van","vyz-meet-v-build","build","Response directions, phase 0","Say the word.","script-e33bc428e31b","van","","","recording_needed","Replayable current-action cue. On first requested sound/spelling playback this precedes the target, keeping the target sound/word last. Replay plays the target alone."
"programme_audio","l1.vyz-meet-v.vyz-meet-v-build.directions-1","van-yam-zip","V, Y, Z · Meet Zed","vyz-meet-v","Meet v · van","vyz-meet-v-build","build","Directions, phase 1","Tap Listen.","script-926dc21c3e05","van","","","recording_needed",""
"programme_audio","l1.vyz-meet-v.vyz-meet-v-build.directions-1-heard","van-yam-zip","V, Y, Z · Meet Zed","vyz-meet-v","Meet v · van","vyz-meet-v-build","build","Response directions, phase 1","Make the word.","script-1069c4a52ede","van","","","recording_needed","Replayable current-action cue. On first requested sound/spelling playback this precedes the target, keeping the target sound/word last. Replay plays the target alone."
"programme_audio","l1.vyz-meet-v.vyz-meet-v-build.directions-2","van-yam-zip","V, Y, Z · Meet Zed","vyz-meet-v","Meet v · van","vyz-meet-v-build","build","Step success directions","You did it!","script-7f6dd03e6c9e","van","","","recording_needed",""
"programme_audio","l1.vyz-meet-v.vyz-meet-v-build.retry","van-yam-zip","V, Y, Z · Meet Zed","vyz-meet-v","Meet v · van","vyz-meet-v-build","build","First retry","Let’s have another try.","script-914076714817","van","","","recording_needed",""
"programme_audio","l1.vyz-meet-v.vyz-meet-v-build.word","van-yam-zip","V, Y, Z · Meet Zed","vyz-meet-v","Meet v · van","vyz-meet-v-build","build","Whole word","van","script-970b1897af0a","van","","","recording_needed","Say the whole word naturally. Individual phonemes use the existing sound-<letter> files."
"programme_audio","l1.vyz-meet-v.vyz-meet-v-build.meaning","van-yam-zip","V, Y, Z · Meet Zed","vyz-meet-v","Meet v · van","vyz-meet-v-build","build","Word and meaning","van. A van is a vehicle that carries people or things.","script-62cb33d216ff","van","","","recording_needed","The same exact script is used wherever this step explains its meaning."
"programme_video_model","l1.vyz-meet-v.vyz-meet-v-build.model","van-yam-zip","V, Y, Z · Meet Zed","vyz-meet-v","Meet v · van","vyz-meet-v-build","build","Optional teaching model","","","van","","","optional_placeholder","Objective: Hear v, build van, and connect its print with its meaning. A model is shown at phase 0 (if this step has one) and after the step is ready. There is no authored video script or uploaded file implied by this slot."
"programme_audio","l1.vyz-meet-v.vyz-meet-v-read.directions-0","van-yam-zip","V, Y, Z · Meet Zed","vyz-meet-v","Meet v · van","vyz-meet-v-read","read","Directions, phase 0","Try reading this word.","script-c747b57459bc","","","","recording_needed",""
"programme_audio","l1.vyz-meet-v.vyz-meet-v-read.directions-1","van-yam-zip","V, Y, Z · Meet Zed","vyz-meet-v","Meet v · van","vyz-meet-v-read","read","Directions, phase 1","Tap its picture.","script-7cf1de8e870f","","","","recording_needed",""
"programme_audio","l1.vyz-meet-v.vyz-meet-v-read.directions-2","van-yam-zip","V, Y, Z · Meet Zed","vyz-meet-v","Meet v · van","vyz-meet-v-read","read","Step success directions","You did it!","script-7f6dd03e6c9e","","","","recording_needed",""
"programme_audio","l1.vyz-meet-v.vyz-meet-v-read.directions-complete","van-yam-zip","V, Y, Z · Meet Zed","vyz-meet-v","Meet v · van","vyz-meet-v-read","read","Activity completion directions","Well done!","script-462164a0645e","","","","recording_needed",""
"programme_audio","l1.vyz-meet-v.vyz-meet-v-read.retry","van-yam-zip","V, Y, Z · Meet Zed","vyz-meet-v","Meet v · van","vyz-meet-v-read","read","First retry","Let’s have another try.","script-914076714817","","","","recording_needed",""
"programme_audio","l1.vyz-meet-v.vyz-meet-v-read.word","van-yam-zip","V, Y, Z · Meet Zed","vyz-meet-v","Meet v · van","vyz-meet-v-read","read","Whole word","van","script-970b1897af0a","","","","recording_needed","Say the whole word naturally. Individual phonemes use the existing sound-<letter> files."
"programme_audio","l1.vyz-meet-v.vyz-meet-v-read.meaning","van-yam-zip","V, Y, Z · Meet Zed","vyz-meet-v","Meet v · van","vyz-meet-v-read","read","Word and meaning","van. A van is a vehicle that carries people or things.","script-62cb33d216ff","","","","recording_needed","The same exact script is used wherever this step explains its meaning."
"programme_audio","l1.vyz-meet-v.vyz-meet-v-read.question","van-yam-zip","V, Y, Z · Meet Zed","vyz-meet-v","Meet v · van","vyz-meet-v-read","read","Picture choice instruction","Tap its picture.","script-7cf1de8e870f","","","","recording_needed",""
"programme_audio","l1.vyz-meet-v.vyz-meet-v-read.choice-van","van-yam-zip","V, Y, Z · Meet Zed","vyz-meet-v","Meet v · van","vyz-meet-v-read","read","Picture label on request","A van is a vehicle that carries people or things.","script-3eb0030c9e0e","van","","","recording_needed","Heard only when the child asks for this picture label."
"programme_audio","l1.vyz-meet-v.vyz-meet-v-read.choice-fan","van-yam-zip","V, Y, Z · Meet Zed","vyz-meet-v","Meet v · van","vyz-meet-v-read","read","Picture label on request","A fan","script-9597b4505784","fan","","","recording_needed","Heard only when the child asks for this picture label."
"programme_video_model","l1.vyz-meet-v.vyz-meet-v-read.model","van-yam-zip","V, Y, Z · Meet Zed","vyz-meet-v","Meet v · van","vyz-meet-v-read","read","Optional teaching model","","","","","","optional_placeholder","Objective: Hear v, build van, and connect its print with its meaning. A model is shown at phase 0 (if this step has one) and after the step is ready. There is no authored video script or uploaded file implied by this slot."
"programme_audio","l1.vyz-meet-y.vyz-meet-y-retrieve.directions-1","van-yam-zip","V, Y, Z · Meet Zed","vyz-meet-y","Meet y · yam","vyz-meet-y-retrieve","sound","Directions, phase 1","Tap Listen.","script-926dc21c3e05","","","","recording_needed",""
"programme_audio","l1.vyz-meet-y.vyz-meet-y-retrieve.directions-1-heard","van-yam-zip","V, Y, Z · Meet Zed","vyz-meet-y","Meet y · yam","vyz-meet-y-retrieve","sound","Response directions, phase 1","Tap the letter.","script-a00c410a35f6","","","","recording_needed","Replayable current-action cue. On first requested sound/spelling playback this precedes the target, keeping the target sound/word last. Replay plays the target alone."
"programme_audio","l1.vyz-meet-y.vyz-meet-y-retrieve.directions-2","van-yam-zip","V, Y, Z · Meet Zed","vyz-meet-y","Meet y · yam","vyz-meet-y-retrieve","sound","Step success directions","You did it!","script-7f6dd03e6c9e","","","","recording_needed",""
"programme_audio","l1.vyz-meet-y.vyz-meet-y-retrieve.retry","van-yam-zip","V, Y, Z · Meet Zed","vyz-meet-y","Meet y · yam","vyz-meet-y-retrieve","sound","First retry","Let’s have another try.","script-914076714817","","","","recording_needed",""
"programme_video_model","l1.vyz-meet-y.vyz-meet-y-retrieve.model","van-yam-zip","V, Y, Z · Meet Zed","vyz-meet-y","Meet y · yam","vyz-meet-y-retrieve","sound","Optional teaching model","","","","","","optional_placeholder","Objective: Hear y, build yam, and connect its print with its meaning. A model is shown at phase 0 (if this step has one) and after the step is ready. There is no authored video script or uploaded file implied by this slot."
"programme_audio","l1.vyz-meet-y.vyz-meet-y-model.directions-0","van-yam-zip","V, Y, Z · Meet Zed","vyz-meet-y","Meet y · yam","vyz-meet-y-model","sound","Directions, phase 0","Tap Listen.","script-926dc21c3e05","","","","recording_needed",""
"programme_audio","l1.vyz-meet-y.vyz-meet-y-model.directions-0-heard","van-yam-zip","V, Y, Z · Meet Zed","vyz-meet-y","Meet y · yam","vyz-meet-y-model","sound","Response directions, phase 0","Say the sound.","script-be7daa24b299","","","","recording_needed","Replayable current-action cue. On first requested sound/spelling playback this precedes the target, keeping the target sound/word last. Replay plays the target alone."
"programme_audio","l1.vyz-meet-y.vyz-meet-y-model.directions-1","van-yam-zip","V, Y, Z · Meet Zed","vyz-meet-y","Meet y · yam","vyz-meet-y-model","sound","Directions, phase 1","Tap Listen.","script-926dc21c3e05","","","","recording_needed",""
"programme_audio","l1.vyz-meet-y.vyz-meet-y-model.directions-1-heard","van-yam-zip","V, Y, Z · Meet Zed","vyz-meet-y","Meet y · yam","vyz-meet-y-model","sound","Response directions, phase 1","Tap the letter.","script-a00c410a35f6","","","","recording_needed","Replayable current-action cue. On first requested sound/spelling playback this precedes the target, keeping the target sound/word last. Replay plays the target alone."
"programme_audio","l1.vyz-meet-y.vyz-meet-y-model.directions-2","van-yam-zip","V, Y, Z · Meet Zed","vyz-meet-y","Meet y · yam","vyz-meet-y-model","sound","Step success directions","You did it!","script-7f6dd03e6c9e","","","","recording_needed",""
"programme_audio","l1.vyz-meet-y.vyz-meet-y-model.retry","van-yam-zip","V, Y, Z · Meet Zed","vyz-meet-y","Meet y · yam","vyz-meet-y-model","sound","First retry","Let’s have another try.","script-914076714817","","","","recording_needed",""
"programme_video_model","l1.vyz-meet-y.vyz-meet-y-model.model","van-yam-zip","V, Y, Z · Meet Zed","vyz-meet-y","Meet y · yam","vyz-meet-y-model","sound","Optional teaching model","","","","","","optional_placeholder","Objective: Hear y, build yam, and connect its print with its meaning. A model is shown at phase 0 (if this step has one) and after the step is ready. There is no authored video script or uploaded file implied by this slot."
"programme_audio","l1.vyz-meet-y.vyz-meet-y-build.directions-0","van-yam-zip","V, Y, Z · Meet Zed","vyz-meet-y","Meet y · yam","vyz-meet-y-build","build","Directions, phase 0","Tap Listen.","script-926dc21c3e05","yam","","","recording_needed",""
"programme_audio","l1.vyz-meet-y.vyz-meet-y-build.directions-0-heard","van-yam-zip","V, Y, Z · Meet Zed","vyz-meet-y","Meet y · yam","vyz-meet-y-build","build","Response directions, phase 0","Say the word.","script-e33bc428e31b","yam","","","recording_needed","Replayable current-action cue. On first requested sound/spelling playback this precedes the target, keeping the target sound/word last. Replay plays the target alone."
"programme_audio","l1.vyz-meet-y.vyz-meet-y-build.directions-1","van-yam-zip","V, Y, Z · Meet Zed","vyz-meet-y","Meet y · yam","vyz-meet-y-build","build","Directions, phase 1","Tap Listen.","script-926dc21c3e05","yam","","","recording_needed",""
"programme_audio","l1.vyz-meet-y.vyz-meet-y-build.directions-1-heard","van-yam-zip","V, Y, Z · Meet Zed","vyz-meet-y","Meet y · yam","vyz-meet-y-build","build","Response directions, phase 1","Make the word.","script-1069c4a52ede","yam","","","recording_needed","Replayable current-action cue. On first requested sound/spelling playback this precedes the target, keeping the target sound/word last. Replay plays the target alone."
"programme_audio","l1.vyz-meet-y.vyz-meet-y-build.directions-2","van-yam-zip","V, Y, Z · Meet Zed","vyz-meet-y","Meet y · yam","vyz-meet-y-build","build","Step success directions","You did it!","script-7f6dd03e6c9e","yam","","","recording_needed",""
"programme_audio","l1.vyz-meet-y.vyz-meet-y-build.retry","van-yam-zip","V, Y, Z · Meet Zed","vyz-meet-y","Meet y · yam","vyz-meet-y-build","build","First retry","Let’s have another try.","script-914076714817","yam","","","recording_needed",""
"programme_audio","l1.vyz-meet-y.vyz-meet-y-build.word","van-yam-zip","V, Y, Z · Meet Zed","vyz-meet-y","Meet y · yam","vyz-meet-y-build","build","Whole word","yam","script-d353fb7a5f5b","yam","","","recording_needed","Say the whole word naturally. Individual phonemes use the existing sound-<letter> files."
"programme_audio","l1.vyz-meet-y.vyz-meet-y-build.meaning","van-yam-zip","V, Y, Z · Meet Zed","vyz-meet-y","Meet y · yam","vyz-meet-y-build","build","Word and meaning","yam. A yam is a root vegetable that people cook and eat.","script-fd07673c3489","yam","","","recording_needed","The same exact script is used wherever this step explains its meaning."
"programme_video_model","l1.vyz-meet-y.vyz-meet-y-build.model","van-yam-zip","V, Y, Z · Meet Zed","vyz-meet-y","Meet y · yam","vyz-meet-y-build","build","Optional teaching model","","","yam","","","optional_placeholder","Objective: Hear y, build yam, and connect its print with its meaning. A model is shown at phase 0 (if this step has one) and after the step is ready. There is no authored video script or uploaded file implied by this slot."
"programme_audio","l1.vyz-meet-y.vyz-meet-y-read.directions-0","van-yam-zip","V, Y, Z · Meet Zed","vyz-meet-y","Meet y · yam","vyz-meet-y-read","read","Directions, phase 0","Try reading this word.","script-c747b57459bc","","","","recording_needed",""
"programme_audio","l1.vyz-meet-y.vyz-meet-y-read.directions-1","van-yam-zip","V, Y, Z · Meet Zed","vyz-meet-y","Meet y · yam","vyz-meet-y-read","read","Directions, phase 1","Tap its picture.","script-7cf1de8e870f","","","","recording_needed",""
"programme_audio","l1.vyz-meet-y.vyz-meet-y-read.directions-2","van-yam-zip","V, Y, Z · Meet Zed","vyz-meet-y","Meet y · yam","vyz-meet-y-read","read","Step success directions","You did it!","script-7f6dd03e6c9e","","","","recording_needed",""
"programme_audio","l1.vyz-meet-y.vyz-meet-y-read.directions-complete","van-yam-zip","V, Y, Z · Meet Zed","vyz-meet-y","Meet y · yam","vyz-meet-y-read","read","Activity completion directions","Well done!","script-462164a0645e","","","","recording_needed",""
"programme_audio","l1.vyz-meet-y.vyz-meet-y-read.retry","van-yam-zip","V, Y, Z · Meet Zed","vyz-meet-y","Meet y · yam","vyz-meet-y-read","read","First retry","Let’s have another try.","script-914076714817","","","","recording_needed",""
"programme_audio","l1.vyz-meet-y.vyz-meet-y-read.word","van-yam-zip","V, Y, Z · Meet Zed","vyz-meet-y","Meet y · yam","vyz-meet-y-read","read","Whole word","yam","script-d353fb7a5f5b","","","","recording_needed","Say the whole word naturally. Individual phonemes use the existing sound-<letter> files."
"programme_audio","l1.vyz-meet-y.vyz-meet-y-read.meaning","van-yam-zip","V, Y, Z · Meet Zed","vyz-meet-y","Meet y · yam","vyz-meet-y-read","read","Word and meaning","yam. A yam is a root vegetable that people cook and eat.","script-fd07673c3489","","","","recording_needed","The same exact script is used wherever this step explains its meaning."
"programme_audio","l1.vyz-meet-y.vyz-meet-y-read.question","van-yam-zip","V, Y, Z · Meet Zed","vyz-meet-y","Meet y · yam","vyz-meet-y-read","read","Picture choice instruction","Tap its picture.","script-7cf1de8e870f","","","","recording_needed",""
"programme_audio","l1.vyz-meet-y.vyz-meet-y-read.choice-yam","van-yam-zip","V, Y, Z · Meet Zed","vyz-meet-y","Meet y · yam","vyz-meet-y-read","read","Picture label on request","A yam is a root vegetable that people cook and eat.","script-ea74d0953687","yam","","","recording_needed","Heard only when the child asks for this picture label."
"programme_audio","l1.vyz-meet-y.vyz-meet-y-read.choice-jug","van-yam-zip","V, Y, Z · Meet Zed","vyz-meet-y","Meet y · yam","vyz-meet-y-read","read","Picture label on request","A jug","script-d742ca04e88e","jug","","","recording_needed","Heard only when the child asks for this picture label."
"programme_video_model","l1.vyz-meet-y.vyz-meet-y-read.model","van-yam-zip","V, Y, Z · Meet Zed","vyz-meet-y","Meet y · yam","vyz-meet-y-read","read","Optional teaching model","","","","","","optional_placeholder","Objective: Hear y, build yam, and connect its print with its meaning. A model is shown at phase 0 (if this step has one) and after the step is ready. There is no authored video script or uploaded file implied by this slot."
"programme_audio","l1.vyz-meet-z.vyz-meet-z-retrieve.directions-1","van-yam-zip","V, Y, Z · Meet Zed","vyz-meet-z","Meet z · zip","vyz-meet-z-retrieve","sound","Directions, phase 1","Tap Listen.","script-926dc21c3e05","","","","recording_needed",""
"programme_audio","l1.vyz-meet-z.vyz-meet-z-retrieve.directions-1-heard","van-yam-zip","V, Y, Z · Meet Zed","vyz-meet-z","Meet z · zip","vyz-meet-z-retrieve","sound","Response directions, phase 1","Tap the letter.","script-a00c410a35f6","","","","recording_needed","Replayable current-action cue. On first requested sound/spelling playback this precedes the target, keeping the target sound/word last. Replay plays the target alone."
"programme_audio","l1.vyz-meet-z.vyz-meet-z-retrieve.directions-2","van-yam-zip","V, Y, Z · Meet Zed","vyz-meet-z","Meet z · zip","vyz-meet-z-retrieve","sound","Step success directions","You did it!","script-7f6dd03e6c9e","","","","recording_needed",""
"programme_audio","l1.vyz-meet-z.vyz-meet-z-retrieve.retry","van-yam-zip","V, Y, Z · Meet Zed","vyz-meet-z","Meet z · zip","vyz-meet-z-retrieve","sound","First retry","Let’s have another try.","script-914076714817","","","","recording_needed",""
"programme_video_model","l1.vyz-meet-z.vyz-meet-z-retrieve.model","van-yam-zip","V, Y, Z · Meet Zed","vyz-meet-z","Meet z · zip","vyz-meet-z-retrieve","sound","Optional teaching model","","","","","","optional_placeholder","Objective: Hear z, build zip, and connect its print with its meaning. A model is shown at phase 0 (if this step has one) and after the step is ready. There is no authored video script or uploaded file implied by this slot."
"programme_audio","l1.vyz-meet-z.vyz-meet-z-model.directions-0","van-yam-zip","V, Y, Z · Meet Zed","vyz-meet-z","Meet z · zip","vyz-meet-z-model","sound","Directions, phase 0","Tap Listen.","script-926dc21c3e05","","","","recording_needed",""
"programme_audio","l1.vyz-meet-z.vyz-meet-z-model.directions-0-heard","van-yam-zip","V, Y, Z · Meet Zed","vyz-meet-z","Meet z · zip","vyz-meet-z-model","sound","Response directions, phase 0","Say the sound.","script-be7daa24b299","","","","recording_needed","Replayable current-action cue. On first requested sound/spelling playback this precedes the target, keeping the target sound/word last. Replay plays the target alone."
"programme_audio","l1.vyz-meet-z.vyz-meet-z-model.directions-1","van-yam-zip","V, Y, Z · Meet Zed","vyz-meet-z","Meet z · zip","vyz-meet-z-model","sound","Directions, phase 1","Tap Listen.","script-926dc21c3e05","","","","recording_needed",""
"programme_audio","l1.vyz-meet-z.vyz-meet-z-model.directions-1-heard","van-yam-zip","V, Y, Z · Meet Zed","vyz-meet-z","Meet z · zip","vyz-meet-z-model","sound","Response directions, phase 1","Tap the letter.","script-a00c410a35f6","","","","recording_needed","Replayable current-action cue. On first requested sound/spelling playback this precedes the target, keeping the target sound/word last. Replay plays the target alone."
"programme_audio","l1.vyz-meet-z.vyz-meet-z-model.directions-2","van-yam-zip","V, Y, Z · Meet Zed","vyz-meet-z","Meet z · zip","vyz-meet-z-model","sound","Step success directions","You did it!","script-7f6dd03e6c9e","","","","recording_needed",""
"programme_audio","l1.vyz-meet-z.vyz-meet-z-model.retry","van-yam-zip","V, Y, Z · Meet Zed","vyz-meet-z","Meet z · zip","vyz-meet-z-model","sound","First retry","Let’s have another try.","script-914076714817","","","","recording_needed",""
"programme_video_model","l1.vyz-meet-z.vyz-meet-z-model.model","van-yam-zip","V, Y, Z · Meet Zed","vyz-meet-z","Meet z · zip","vyz-meet-z-model","sound","Optional teaching model","","","","","","optional_placeholder","Objective: Hear z, build zip, and connect its print with its meaning. A model is shown at phase 0 (if this step has one) and after the step is ready. There is no authored video script or uploaded file implied by this slot."
"programme_audio","l1.vyz-meet-z.vyz-meet-z-build.directions-0","van-yam-zip","V, Y, Z · Meet Zed","vyz-meet-z","Meet z · zip","vyz-meet-z-build","build","Directions, phase 0","Tap Listen.","script-926dc21c3e05","zip","","","recording_needed",""
"programme_audio","l1.vyz-meet-z.vyz-meet-z-build.directions-0-heard","van-yam-zip","V, Y, Z · Meet Zed","vyz-meet-z","Meet z · zip","vyz-meet-z-build","build","Response directions, phase 0","Say the word.","script-e33bc428e31b","zip","","","recording_needed","Replayable current-action cue. On first requested sound/spelling playback this precedes the target, keeping the target sound/word last. Replay plays the target alone."
"programme_audio","l1.vyz-meet-z.vyz-meet-z-build.directions-1","van-yam-zip","V, Y, Z · Meet Zed","vyz-meet-z","Meet z · zip","vyz-meet-z-build","build","Directions, phase 1","Tap Listen.","script-926dc21c3e05","zip","","","recording_needed",""
"programme_audio","l1.vyz-meet-z.vyz-meet-z-build.directions-1-heard","van-yam-zip","V, Y, Z · Meet Zed","vyz-meet-z","Meet z · zip","vyz-meet-z-build","build","Response directions, phase 1","Make the word.","script-1069c4a52ede","zip","","","recording_needed","Replayable current-action cue. On first requested sound/spelling playback this precedes the target, keeping the target sound/word last. Replay plays the target alone."
"programme_audio","l1.vyz-meet-z.vyz-meet-z-build.directions-2","van-yam-zip","V, Y, Z · Meet Zed","vyz-meet-z","Meet z · zip","vyz-meet-z-build","build","Step success directions","You did it!","script-7f6dd03e6c9e","zip","","","recording_needed",""
"programme_audio","l1.vyz-meet-z.vyz-meet-z-build.retry","van-yam-zip","V, Y, Z · Meet Zed","vyz-meet-z","Meet z · zip","vyz-meet-z-build","build","First retry","Let’s have another try.","script-914076714817","zip","","","recording_needed",""
"programme_audio","l1.vyz-meet-z.vyz-meet-z-build.word","van-yam-zip","V, Y, Z · Meet Zed","vyz-meet-z","Meet z · zip","vyz-meet-z-build","build","Whole word","zip","script-4a70fe9aa643","zip","","","recording_needed","Say the whole word naturally. Individual phonemes use the existing sound-<letter> files."
"programme_audio","l1.vyz-meet-z.vyz-meet-z-build.meaning","van-yam-zip","V, Y, Z · Meet Zed","vyz-meet-z","Meet z · zip","vyz-meet-z-build","build","Word and meaning","zip. A zip joins the two sides of a bag or some clothes.","script-670251244c54","zip","","","recording_needed","The same exact script is used wherever this step explains its meaning."
"programme_video_model","l1.vyz-meet-z.vyz-meet-z-build.model","van-yam-zip","V, Y, Z · Meet Zed","vyz-meet-z","Meet z · zip","vyz-meet-z-build","build","Optional teaching model","","","zip","","","optional_placeholder","Objective: Hear z, build zip, and connect its print with its meaning. A model is shown at phase 0 (if this step has one) and after the step is ready. There is no authored video script or uploaded file implied by this slot."
"programme_audio","l1.vyz-meet-z.vyz-meet-z-read.directions-0","van-yam-zip","V, Y, Z · Meet Zed","vyz-meet-z","Meet z · zip","vyz-meet-z-read","read","Directions, phase 0","Try reading this word.","script-c747b57459bc","","","","recording_needed",""
"programme_audio","l1.vyz-meet-z.vyz-meet-z-read.directions-1","van-yam-zip","V, Y, Z · Meet Zed","vyz-meet-z","Meet z · zip","vyz-meet-z-read","read","Directions, phase 1","Tap its picture.","script-7cf1de8e870f","","","","recording_needed",""
"programme_audio","l1.vyz-meet-z.vyz-meet-z-read.directions-2","van-yam-zip","V, Y, Z · Meet Zed","vyz-meet-z","Meet z · zip","vyz-meet-z-read","read","Step success directions","You did it!","script-7f6dd03e6c9e","","","","recording_needed",""
"programme_audio","l1.vyz-meet-z.vyz-meet-z-read.directions-complete","van-yam-zip","V, Y, Z · Meet Zed","vyz-meet-z","Meet z · zip","vyz-meet-z-read","read","Activity completion directions","Well done!","script-462164a0645e","","","","recording_needed",""
"programme_audio","l1.vyz-meet-z.vyz-meet-z-read.retry","van-yam-zip","V, Y, Z · Meet Zed","vyz-meet-z","Meet z · zip","vyz-meet-z-read","read","First retry","Let’s have another try.","script-914076714817","","","","recording_needed",""
"programme_audio","l1.vyz-meet-z.vyz-meet-z-read.word","van-yam-zip","V, Y, Z · Meet Zed","vyz-meet-z","Meet z · zip","vyz-meet-z-read","read","Whole word","zip","script-4a70fe9aa643","","","","recording_needed","Say the whole word naturally. Individual phonemes use the existing sound-<letter> files."
"programme_audio","l1.vyz-meet-z.vyz-meet-z-read.meaning","van-yam-zip","V, Y, Z · Meet Zed","vyz-meet-z","Meet z · zip","vyz-meet-z-read","read","Word and meaning","zip. A zip joins the two sides of a bag or some clothes.","script-670251244c54","","","","recording_needed","The same exact script is used wherever this step explains its meaning."
"programme_audio","l1.vyz-meet-z.vyz-meet-z-read.question","van-yam-zip","V, Y, Z · Meet Zed","vyz-meet-z","Meet z · zip","vyz-meet-z-read","read","Picture choice instruction","Tap its picture.","script-7cf1de8e870f","","","","recording_needed",""
"programme_audio","l1.vyz-meet-z.vyz-meet-z-read.choice-zip","van-yam-zip","V, Y, Z · Meet Zed","vyz-meet-z","Meet z · zip","vyz-meet-z-read","read","Picture label on request","A zip joins the two sides of a bag or some clothes.","script-4f0e76f77f79","zip","","","recording_needed","Heard only when the child asks for this picture label."
"programme_audio","l1.vyz-meet-z.vyz-meet-z-read.choice-pin","van-yam-zip","V, Y, Z · Meet Zed","vyz-meet-z","Meet z · zip","vyz-meet-z-read","read","Picture label on request","A closed safety pin","script-8c65a736dbe7","pin","","","recording_needed","Heard only when the child asks for this picture label."
"programme_video_model","l1.vyz-meet-z.vyz-meet-z-read.model","van-yam-zip","V, Y, Z · Meet Zed","vyz-meet-z","Meet z · zip","vyz-meet-z-read","read","Optional teaching model","","","","","","optional_placeholder","Objective: Hear z, build zip, and connect its print with its meaning. A model is shown at phase 0 (if this step has one) and after the step is ready. There is no authored video script or uploaded file implied by this slot."
"programme_audio","l1.vyz-zed-book.vyz-zed-listen.directions-0","van-yam-zip","V, Y, Z · Meet Zed","vyz-zed-book","Zed plays outside","vyz-zed-listen","listen","Directions, phase 0","Tap Listen.","script-926dc21c3e05","zed-yap","","","recording_needed",""
"programme_audio","l1.vyz-zed-book.vyz-zed-listen.directions-0-heard","van-yam-zip","V, Y, Z · Meet Zed","vyz-zed-book","Zed plays outside","vyz-zed-listen","listen","Response directions, phase 0","Let’s see what happened.","script-91903b42e456","zed-yap","","","recording_needed","Replayable current-action cue. On first requested sound/spelling playback this precedes the target, keeping the target sound/word last. Replay plays the target alone."
"programme_audio","l1.vyz-zed-book.vyz-zed-listen.directions-1","van-yam-zip","V, Y, Z · Meet Zed","vyz-zed-book","Zed plays outside","vyz-zed-listen","listen","Directions, phase 1","What made Zed wet?","script-7549e1c919bc","zed-yap","","","recording_needed",""
"programme_audio","l1.vyz-zed-book.vyz-zed-listen.directions-1-heard","van-yam-zip","V, Y, Z · Meet Zed","vyz-zed-book","Zed plays outside","vyz-zed-listen","listen","Response directions, phase 1","What made Zed wet?","script-7549e1c919bc","zed-yap","","","recording_needed","Replayable current-action cue. On first requested sound/spelling playback this precedes the target, keeping the target sound/word last. Replay plays the target alone."
"programme_audio","l1.vyz-zed-book.vyz-zed-listen.directions-2","van-yam-zip","V, Y, Z · Meet Zed","vyz-zed-book","Zed plays outside","vyz-zed-listen","listen","Step success directions","You did it!","script-7f6dd03e6c9e","zed-yap","","","recording_needed",""
"programme_audio","l1.vyz-zed-book.vyz-zed-listen.retry","van-yam-zip","V, Y, Z · Meet Zed","vyz-zed-book","Zed plays outside","vyz-zed-listen","listen","First retry","Let’s have another try.","script-914076714817","zed-yap","","","recording_needed",""
"programme_audio","l1.vyz-zed-book.vyz-zed-listen.story","van-yam-zip","V, Y, Z · Meet Zed","vyz-zed-book","Zed plays outside","vyz-zed-listen","listen","Narrated story","This little dog is called Zed. Zed makes a small bark: yap, yap! Then Zed runs through a little puddle and gets wet. Zed sits beside a friend to be dried with a towel. You can make Zed’s little bark, or tell what he did next.","script-dd441f3cc0c9","zed-yap","","","recording_needed",""
"programme_audio","l1.vyz-zed-book.vyz-zed-listen.question","van-yam-zip","V, Y, Z · Meet Zed","vyz-zed-book","Zed plays outside","vyz-zed-listen","listen","Listening question","What made Zed wet?","script-7549e1c919bc","zed-yap","","","recording_needed",""
"programme_audio","l1.vyz-zed-book.vyz-zed-listen.choice-puddle","van-yam-zip","V, Y, Z · Meet Zed","vyz-zed-book","Zed plays outside","vyz-zed-listen","listen","Picture label on request","Running through a puddle.","script-20396930fff5","zed-wet","","","recording_needed","Heard only when the child asks for this picture label."
"programme_audio","l1.vyz-zed-book.vyz-zed-listen.choice-bark","van-yam-zip","V, Y, Z · Meet Zed","vyz-zed-book","Zed plays outside","vyz-zed-listen","listen","Picture label on request","Making a little bark.","script-faa7cf272327","zed-yap","","","recording_needed","Heard only when the child asks for this picture label."
"programme_video_model","l1.vyz-zed-book.vyz-zed-listen.model","van-yam-zip","V, Y, Z · Meet Zed","vyz-zed-book","Zed plays outside","vyz-zed-listen","listen","Optional teaching model","","","zed-yap","","","optional_placeholder","Objective: Read a connected sequence about a named dog and understand yap as a small bark. A model is shown at phase 0 (if this step has one) and after the step is ready. There is no authored video script or uploaded file implied by this slot."
"programme_audio","l1.vyz-zed-book.vyz-zed-read.cover.directions-0","van-yam-zip","V, Y, Z · Meet Zed","vyz-zed-book","Zed plays outside","vyz-zed-read.cover","book-cover","Directions, phase 0","Tap Listen.","script-926dc21c3e05","","","","recording_needed",""
"programme_audio","l1.vyz-zed-book.vyz-zed-read.cover.directions-0-heard","van-yam-zip","V, Y, Z · Meet Zed","vyz-zed-book","Zed plays outside","vyz-zed-read.cover","book-cover","Response directions, phase 0","Ready for the next part?","script-77a9094a81f0","","","","recording_needed","Replayable current-action cue. On first requested sound/spelling playback this precedes the target, keeping the target sound/word last. Replay plays the target alone."
"programme_audio","l1.vyz-zed-book.vyz-zed-read.cover.directions-1","van-yam-zip","V, Y, Z · Meet Zed","vyz-zed-book","Zed plays outside","vyz-zed-read.cover","book-cover","Step success directions","You did it!","script-7f6dd03e6c9e","","","","recording_needed",""
"programme_audio","l1.vyz-zed-book.vyz-zed-read.cover.prepare-0","van-yam-zip","V, Y, Z · Meet Zed","vyz-zed-book","Zed plays outside","vyz-zed-read.cover","book-cover","Book vocabulary or character preparation","Zed","script-a90e4dc68558","zed-sat","","","recording_needed","One tap-paced card at a time. Next advances only after this part is heard or read together. No joined convention monologue."
"programme_audio","l1.vyz-zed-book.vyz-zed-read.cover.prepare-1","van-yam-zip","V, Y, Z · Meet Zed","vyz-zed-book","Zed plays outside","vyz-zed-read.cover","book-cover","Book vocabulary or character preparation","yap","script-1f8f4b311ca7","zed-yap","","","recording_needed","One tap-paced card at a time. Next advances only after this part is heard or read together. No joined convention monologue."
"programme_audio","l1.vyz-zed-book.vyz-zed-read.cover.convention-0","van-yam-zip","V, Y, Z · Meet Zed","vyz-zed-book","Zed plays outside","vyz-zed-read.cover","book-cover","Book preparation model","Zed starts with big Z. Big Z and small z go together.","script-1bef02a49a55","","","","recording_needed","One tap-paced card at a time. Next advances only after this part is heard or read together. No joined convention monologue."
"programme_audio","l1.vyz-zed-book.vyz-zed-read.cover.convention-1","van-yam-zip","V, Y, Z · Meet Zed","vyz-zed-book","Zed plays outside","vyz-zed-read.cover","book-cover","Book preparation model","Yap means a small bark.","script-247d7ceb199c","","","","recording_needed","One tap-paced card at a time. Next advances only after this part is heard or read together. No joined convention monologue."
"programme_video_model","l1.vyz-zed-book.vyz-zed-read.cover.model","van-yam-zip","V, Y, Z · Meet Zed","vyz-zed-book","Zed plays outside","vyz-zed-read.cover","book-cover","Optional teaching model","","","","","","optional_placeholder","Objective: Read a connected sequence about a named dog and understand yap as a small bark. A model is shown at phase 0 (if this step has one) and after the step is ready. There is no authored video script or uploaded file implied by this slot."
"programme_audio","l1.vyz-zed-book.vyz-zed-read.zed-yap.directions-0","van-yam-zip","V, Y, Z · Meet Zed","vyz-zed-book","Zed plays outside","vyz-zed-read.zed-yap","page","Directions, phase 0","Your turn to read.","script-628afdc4429d","zed-yap","","","recording_needed",""
"programme_audio","l1.vyz-zed-book.vyz-zed-read.zed-yap.directions-1","van-yam-zip","V, Y, Z · Meet Zed","vyz-zed-book","Zed plays outside","vyz-zed-read.zed-yap","page","Directions, phase 1","See the story.","script-c0a5efc3c898","zed-yap","","","recording_needed",""
"programme_audio","l1.vyz-zed-book.vyz-zed-read.zed-yap.directions-2","van-yam-zip","V, Y, Z · Meet Zed","vyz-zed-book","Zed plays outside","vyz-zed-read.zed-yap","page","Step success directions","You did it!","script-7f6dd03e6c9e","zed-yap","","","recording_needed",""
"programme_audio","l1.vyz-zed-book.vyz-zed-read.zed-yap.page","van-yam-zip","V, Y, Z · Meet Zed","vyz-zed-book","Zed plays outside","vyz-zed-read.zed-yap","page","Read the complete page","Zed can yap.","script-e9086e362176","zed-yap","","","recording_needed","Preserve the sentence punctuation and phrasing."
"programme_audio","l1.vyz-zed-book.vyz-zed-read.zed-yap.word-0","van-yam-zip","V, Y, Z · Meet Zed","vyz-zed-book","Zed plays outside","vyz-zed-read.zed-yap","page","Tapped page word","Zed","script-a90e4dc68558","zed-yap","","","recording_needed","Index and text exactly match the on-screen space-separated token, including its punctuation."
"programme_audio","l1.vyz-zed-book.vyz-zed-read.zed-yap.word-1","van-yam-zip","V, Y, Z · Meet Zed","vyz-zed-book","Zed plays outside","vyz-zed-read.zed-yap","page","Tapped page word","can","script-9f584196e7fe","zed-yap","","","recording_needed","Index and text exactly match the on-screen space-separated token, including its punctuation."
"programme_audio","l1.vyz-zed-book.vyz-zed-read.zed-yap.word-2","van-yam-zip","V, Y, Z · Meet Zed","vyz-zed-book","Zed plays outside","vyz-zed-read.zed-yap","page","Tapped page word","yap.","script-5d28c8040d74","zed-yap","","","recording_needed","Index and text exactly match the on-screen space-separated token, including its punctuation."
"programme_video_model","l1.vyz-zed-book.vyz-zed-read.zed-yap.model","van-yam-zip","V, Y, Z · Meet Zed","vyz-zed-book","Zed plays outside","vyz-zed-read.zed-yap","page","Optional teaching model","","","zed-yap","","","optional_placeholder","Objective: Read a connected sequence about a named dog and understand yap as a small bark. A model is shown at phase 0 (if this step has one) and after the step is ready. There is no authored video script or uploaded file implied by this slot."
"programme_audio","l1.vyz-zed-book.vyz-zed-read.zed-ran.directions-0","van-yam-zip","V, Y, Z · Meet Zed","vyz-zed-book","Zed plays outside","vyz-zed-read.zed-ran","page","Directions, phase 0","Your turn to read.","script-628afdc4429d","zed-ran","","","recording_needed",""
"programme_audio","l1.vyz-zed-book.vyz-zed-read.zed-ran.directions-1","van-yam-zip","V, Y, Z · Meet Zed","vyz-zed-book","Zed plays outside","vyz-zed-read.zed-ran","page","Directions, phase 1","See the story.","script-c0a5efc3c898","zed-ran","","","recording_needed",""
"programme_audio","l1.vyz-zed-book.vyz-zed-read.zed-ran.directions-2","van-yam-zip","V, Y, Z · Meet Zed","vyz-zed-book","Zed plays outside","vyz-zed-read.zed-ran","page","Step success directions","You did it!","script-7f6dd03e6c9e","zed-ran","","","recording_needed",""
"programme_audio","l1.vyz-zed-book.vyz-zed-read.zed-ran.page","van-yam-zip","V, Y, Z · Meet Zed","vyz-zed-book","Zed plays outside","vyz-zed-read.zed-ran","page","Read the complete page","Zed ran.","script-dd470aa197f8","zed-ran","","","recording_needed","Preserve the sentence punctuation and phrasing."
"programme_audio","l1.vyz-zed-book.vyz-zed-read.zed-ran.word-0","van-yam-zip","V, Y, Z · Meet Zed","vyz-zed-book","Zed plays outside","vyz-zed-read.zed-ran","page","Tapped page word","Zed","script-a90e4dc68558","zed-ran","","","recording_needed","Index and text exactly match the on-screen space-separated token, including its punctuation."
"programme_audio","l1.vyz-zed-book.vyz-zed-read.zed-ran.word-1","van-yam-zip","V, Y, Z · Meet Zed","vyz-zed-book","Zed plays outside","vyz-zed-read.zed-ran","page","Tapped page word","ran.","script-3d3d5a91b906","zed-ran","","","recording_needed","Index and text exactly match the on-screen space-separated token, including its punctuation."
"programme_video_model","l1.vyz-zed-book.vyz-zed-read.zed-ran.model","van-yam-zip","V, Y, Z · Meet Zed","vyz-zed-book","Zed plays outside","vyz-zed-read.zed-ran","page","Optional teaching model","","","zed-ran","","","optional_placeholder","Objective: Read a connected sequence about a named dog and understand yap as a small bark. A model is shown at phase 0 (if this step has one) and after the step is ready. There is no authored video script or uploaded file implied by this slot."
"programme_audio","l1.vyz-zed-book.vyz-zed-read.zed-wet.directions-0","van-yam-zip","V, Y, Z · Meet Zed","vyz-zed-book","Zed plays outside","vyz-zed-read.zed-wet","page","Directions, phase 0","Your turn to read.","script-628afdc4429d","zed-wet","","","recording_needed",""
"programme_audio","l1.vyz-zed-book.vyz-zed-read.zed-wet.directions-1","van-yam-zip","V, Y, Z · Meet Zed","vyz-zed-book","Zed plays outside","vyz-zed-read.zed-wet","page","Directions, phase 1","See the story.","script-c0a5efc3c898","zed-wet","","","recording_needed",""
"programme_audio","l1.vyz-zed-book.vyz-zed-read.zed-wet.directions-2","van-yam-zip","V, Y, Z · Meet Zed","vyz-zed-book","Zed plays outside","vyz-zed-read.zed-wet","page","Step success directions","You did it!","script-7f6dd03e6c9e","zed-wet","","","recording_needed",""
"programme_audio","l1.vyz-zed-book.vyz-zed-read.zed-wet.page","van-yam-zip","V, Y, Z · Meet Zed","vyz-zed-book","Zed plays outside","vyz-zed-read.zed-wet","page","Read the complete page","Zed got wet.","script-22f5a57a5a65","zed-wet","","","recording_needed","Preserve the sentence punctuation and phrasing."
"programme_audio","l1.vyz-zed-book.vyz-zed-read.zed-wet.word-0","van-yam-zip","V, Y, Z · Meet Zed","vyz-zed-book","Zed plays outside","vyz-zed-read.zed-wet","page","Tapped page word","Zed","script-a90e4dc68558","zed-wet","","","recording_needed","Index and text exactly match the on-screen space-separated token, including its punctuation."
"programme_audio","l1.vyz-zed-book.vyz-zed-read.zed-wet.word-1","van-yam-zip","V, Y, Z · Meet Zed","vyz-zed-book","Zed plays outside","vyz-zed-read.zed-wet","page","Tapped page word","got","script-0497db517ef0","zed-wet","","","recording_needed","Index and text exactly match the on-screen space-separated token, including its punctuation."
"programme_audio","l1.vyz-zed-book.vyz-zed-read.zed-wet.word-2","van-yam-zip","V, Y, Z · Meet Zed","vyz-zed-book","Zed plays outside","vyz-zed-read.zed-wet","page","Tapped page word","wet.","script-ef72276c2383","zed-wet","","","recording_needed","Index and text exactly match the on-screen space-separated token, including its punctuation."
"programme_video_model","l1.vyz-zed-book.vyz-zed-read.zed-wet.model","van-yam-zip","V, Y, Z · Meet Zed","vyz-zed-book","Zed plays outside","vyz-zed-read.zed-wet","page","Optional teaching model","","","zed-wet","","","optional_placeholder","Objective: Read a connected sequence about a named dog and understand yap as a small bark. A model is shown at phase 0 (if this step has one) and after the step is ready. There is no authored video script or uploaded file implied by this slot."
"programme_audio","l1.vyz-zed-book.vyz-zed-read.zed-sat.directions-0","van-yam-zip","V, Y, Z · Meet Zed","vyz-zed-book","Zed plays outside","vyz-zed-read.zed-sat","page","Directions, phase 0","Your turn to read.","script-628afdc4429d","zed-sat","","","recording_needed",""
"programme_audio","l1.vyz-zed-book.vyz-zed-read.zed-sat.directions-1","van-yam-zip","V, Y, Z · Meet Zed","vyz-zed-book","Zed plays outside","vyz-zed-read.zed-sat","page","Directions, phase 1","What did Zed do after getting wet?","script-49f1f09a9238","zed-sat","","","recording_needed",""
"programme_audio","l1.vyz-zed-book.vyz-zed-read.zed-sat.directions-2","van-yam-zip","V, Y, Z · Meet Zed","vyz-zed-book","Zed plays outside","vyz-zed-read.zed-sat","page","Step success directions","You did it!","script-7f6dd03e6c9e","zed-sat","","","recording_needed",""
"programme_audio","l1.vyz-zed-book.vyz-zed-read.zed-sat.directions-complete","van-yam-zip","V, Y, Z · Meet Zed","vyz-zed-book","Zed plays outside","vyz-zed-read.zed-sat","page","Activity completion directions","Well done!","script-462164a0645e","zed-sat","","","recording_needed",""
"programme_audio","l1.vyz-zed-book.vyz-zed-read.zed-sat.retry","van-yam-zip","V, Y, Z · Meet Zed","vyz-zed-book","Zed plays outside","vyz-zed-read.zed-sat","page","First retry","Let’s have another try.","script-914076714817","zed-sat","","","recording_needed",""
"programme_audio","l1.vyz-zed-book.vyz-zed-read.zed-sat.page","van-yam-zip","V, Y, Z · Meet Zed","vyz-zed-book","Zed plays outside","vyz-zed-read.zed-sat","page","Read the complete page","Zed sat.","script-b2a524b7c09b","zed-sat","","","recording_needed","Preserve the sentence punctuation and phrasing."
"programme_audio","l1.vyz-zed-book.vyz-zed-read.zed-sat.word-0","van-yam-zip","V, Y, Z · Meet Zed","vyz-zed-book","Zed plays outside","vyz-zed-read.zed-sat","page","Tapped page word","Zed","script-a90e4dc68558","zed-sat","","","recording_needed","Index and text exactly match the on-screen space-separated token, including its punctuation."
"programme_audio","l1.vyz-zed-book.vyz-zed-read.zed-sat.word-1","van-yam-zip","V, Y, Z · Meet Zed","vyz-zed-book","Zed plays outside","vyz-zed-read.zed-sat","page","Tapped page word","sat.","script-770669ec5aa4","zed-sat","","","recording_needed","Index and text exactly match the on-screen space-separated token, including its punctuation."
"programme_audio","l1.vyz-zed-book.vyz-zed-read.zed-sat.question","van-yam-zip","V, Y, Z · Meet Zed","vyz-zed-book","Zed plays outside","vyz-zed-read.zed-sat","page","Page meaning question","What did Zed do after getting wet?","script-49f1f09a9238","zed-sat","","","recording_needed",""
"programme_audio","l1.vyz-zed-book.vyz-zed-read.zed-sat.choice-sat","van-yam-zip","V, Y, Z · Meet Zed","vyz-zed-book","Zed plays outside","vyz-zed-read.zed-sat","page","Picture label on request","Zed sat.","script-b2a524b7c09b","zed-sat","","","recording_needed","Heard only when the child asks for this picture label."
"programme_audio","l1.vyz-zed-book.vyz-zed-read.zed-sat.choice-ran","van-yam-zip","V, Y, Z · Meet Zed","vyz-zed-book","Zed plays outside","vyz-zed-read.zed-sat","page","Picture label on request","Zed started to run.","script-e05095dba0da","zed-ran","","","recording_needed","Heard only when the child asks for this picture label."
"programme_video_model","l1.vyz-zed-book.vyz-zed-read.zed-sat.model","van-yam-zip","V, Y, Z · Meet Zed","vyz-zed-book","Zed plays outside","vyz-zed-read.zed-sat","page","Optional teaching model","","","zed-sat","","","optional_placeholder","Objective: Read a connected sequence about a named dog and understand yap as a small bark. A model is shown at phase 0 (if this step has one) and after the step is ready. There is no authored video script or uploaded file implied by this slot."
"programme_audio","l1.vyz-return.vyz-check-y.directions-1","van-yam-zip","V, Y, Z · Meet Zed","vyz-return","Our sounds together","vyz-check-y","sound","Directions, phase 1","Tap Listen.","script-926dc21c3e05","","","","recording_needed",""
"programme_audio","l1.vyz-return.vyz-check-y.directions-1-heard","van-yam-zip","V, Y, Z · Meet Zed","vyz-return","Our sounds together","vyz-check-y","sound","Response directions, phase 1","Tap the letter.","script-a00c410a35f6","","","","recording_needed","Replayable current-action cue. On first requested sound/spelling playback this precedes the target, keeping the target sound/word last. Replay plays the target alone."
"programme_audio","l1.vyz-return.vyz-check-y.directions-2","van-yam-zip","V, Y, Z · Meet Zed","vyz-return","Our sounds together","vyz-check-y","sound","Step success directions","You did it!","script-7f6dd03e6c9e","","","","recording_needed",""
"programme_audio","l1.vyz-return.vyz-check-y.retry","van-yam-zip","V, Y, Z · Meet Zed","vyz-return","Our sounds together","vyz-check-y","sound","First retry","Let’s have another try.","script-914076714817","","","","recording_needed",""
"programme_video_model","l1.vyz-return.vyz-check-y.model","van-yam-zip","V, Y, Z · Meet Zed","vyz-return","Our sounds together","vyz-check-y","sound","Optional teaching model","","","","","","optional_placeholder","Objective: Use the last new consonants and retrieve short vowels from earlier lessons. A model is shown at phase 0 (if this step has one) and after the step is ready. There is no authored video script or uploaded file implied by this slot."
"programme_audio","l1.vyz-return.vyz-check-o.directions-1","van-yam-zip","V, Y, Z · Meet Zed","vyz-return","Our sounds together","vyz-check-o","sound","Directions, phase 1","Tap Listen.","script-926dc21c3e05","","","","recording_needed",""
"programme_audio","l1.vyz-return.vyz-check-o.directions-1-heard","van-yam-zip","V, Y, Z · Meet Zed","vyz-return","Our sounds together","vyz-check-o","sound","Response directions, phase 1","Tap the letter.","script-a00c410a35f6","","","","recording_needed","Replayable current-action cue. On first requested sound/spelling playback this precedes the target, keeping the target sound/word last. Replay plays the target alone."
"programme_audio","l1.vyz-return.vyz-check-o.directions-2","van-yam-zip","V, Y, Z · Meet Zed","vyz-return","Our sounds together","vyz-check-o","sound","Step success directions","You did it!","script-7f6dd03e6c9e","","","","recording_needed",""
"programme_audio","l1.vyz-return.vyz-check-o.retry","van-yam-zip","V, Y, Z · Meet Zed","vyz-return","Our sounds together","vyz-check-o","sound","First retry","Let’s have another try.","script-914076714817","","","","recording_needed",""
"programme_video_model","l1.vyz-return.vyz-check-o.model","van-yam-zip","V, Y, Z · Meet Zed","vyz-return","Our sounds together","vyz-check-o","sound","Optional teaching model","","","","","","optional_placeholder","Objective: Use the last new consonants and retrieve short vowels from earlier lessons. A model is shown at phase 0 (if this step has one) and after the step is ready. There is no authored video script or uploaded file implied by this slot."
"programme_audio","l1.vyz-return.vyz-check-van.directions-0","van-yam-zip","V, Y, Z · Meet Zed","vyz-return","Our sounds together","vyz-check-van","read","Directions, phase 0","Try reading this word.","script-c747b57459bc","","","","recording_needed",""
"programme_audio","l1.vyz-return.vyz-check-van.directions-1","van-yam-zip","V, Y, Z · Meet Zed","vyz-return","Our sounds together","vyz-check-van","read","Directions, phase 1","Tap its picture.","script-7cf1de8e870f","","","","recording_needed",""
"programme_audio","l1.vyz-return.vyz-check-van.directions-2","van-yam-zip","V, Y, Z · Meet Zed","vyz-return","Our sounds together","vyz-check-van","read","Step success directions","You did it!","script-7f6dd03e6c9e","","","","recording_needed",""
"programme_audio","l1.vyz-return.vyz-check-van.retry","van-yam-zip","V, Y, Z · Meet Zed","vyz-return","Our sounds together","vyz-check-van","read","First retry","Let’s have another try.","script-914076714817","","","","recording_needed",""
"programme_audio","l1.vyz-return.vyz-check-van.word","van-yam-zip","V, Y, Z · Meet Zed","vyz-return","Our sounds together","vyz-check-van","read","Whole word","van","script-970b1897af0a","","","","recording_needed","Say the whole word naturally. Individual phonemes use the existing sound-<letter> files."
"programme_audio","l1.vyz-return.vyz-check-van.meaning","van-yam-zip","V, Y, Z · Meet Zed","vyz-return","Our sounds together","vyz-check-van","read","Word and meaning","van. A van","script-1c3905cbf3e4","","","","recording_needed","The same exact script is used wherever this step explains its meaning."
"programme_audio","l1.vyz-return.vyz-check-van.question","van-yam-zip","V, Y, Z · Meet Zed","vyz-return","Our sounds together","vyz-check-van","read","Picture choice instruction","Tap its picture.","script-7cf1de8e870f","","","","recording_needed",""
"programme_audio","l1.vyz-return.vyz-check-van.choice-van","van-yam-zip","V, Y, Z · Meet Zed","vyz-return","Our sounds together","vyz-check-van","read","Picture label on request","A van","script-2288144bff7d","van","","","recording_needed","Heard only when the child asks for this picture label."
"programme_audio","l1.vyz-return.vyz-check-van.choice-fan","van-yam-zip","V, Y, Z · Meet Zed","vyz-return","Our sounds together","vyz-check-van","read","Picture label on request","A fan","script-9597b4505784","fan","","","recording_needed","Heard only when the child asks for this picture label."
"programme_video_model","l1.vyz-return.vyz-check-van.model","van-yam-zip","V, Y, Z · Meet Zed","vyz-return","Our sounds together","vyz-check-van","read","Optional teaching model","","","","","","optional_placeholder","Objective: Use the last new consonants and retrieve short vowels from earlier lessons. A model is shown at phase 0 (if this step has one) and after the step is ready. There is no authored video script or uploaded file implied by this slot."
"programme_audio","l1.vyz-return.vyz-check-zip.directions-1","van-yam-zip","V, Y, Z · Meet Zed","vyz-return","Our sounds together","vyz-check-zip","build","Directions, phase 1","Tap Listen.","script-926dc21c3e05","zip","","","recording_needed",""
"programme_audio","l1.vyz-return.vyz-check-zip.directions-1-heard","van-yam-zip","V, Y, Z · Meet Zed","vyz-return","Our sounds together","vyz-check-zip","build","Response directions, phase 1","Make the word.","script-1069c4a52ede","zip","","","recording_needed","Replayable current-action cue. On first requested sound/spelling playback this precedes the target, keeping the target sound/word last. Replay plays the target alone."
"programme_audio","l1.vyz-return.vyz-check-zip.directions-2","van-yam-zip","V, Y, Z · Meet Zed","vyz-return","Our sounds together","vyz-check-zip","build","Step success directions","You did it!","script-7f6dd03e6c9e","zip","","","recording_needed",""
"programme_audio","l1.vyz-return.vyz-check-zip.directions-complete","van-yam-zip","V, Y, Z · Meet Zed","vyz-return","Our sounds together","vyz-check-zip","build","Activity completion directions","Well done!","script-462164a0645e","zip","","","recording_needed",""
"programme_audio","l1.vyz-return.vyz-check-zip.retry","van-yam-zip","V, Y, Z · Meet Zed","vyz-return","Our sounds together","vyz-check-zip","build","First retry","Let’s have another try.","script-914076714817","zip","","","recording_needed",""
"programme_audio","l1.vyz-return.vyz-check-zip.word","van-yam-zip","V, Y, Z · Meet Zed","vyz-return","Our sounds together","vyz-check-zip","build","Whole word","zip","script-4a70fe9aa643","zip","","","recording_needed","Say the whole word naturally. Individual phonemes use the existing sound-<letter> files."
"programme_audio","l1.vyz-return.vyz-check-zip.meaning","van-yam-zip","V, Y, Z · Meet Zed","vyz-return","Our sounds together","vyz-check-zip","build","Word and meaning","zip. A zip joins the sides of a bag or some clothes.","script-871ddb858975","zip","","","recording_needed","The same exact script is used wherever this step explains its meaning."
"programme_video_model","l1.vyz-return.vyz-check-zip.model","van-yam-zip","V, Y, Z · Meet Zed","vyz-return","Our sounds together","vyz-check-zip","build","Optional teaching model","","","zip","","","optional_placeholder","Objective: Use the last new consonants and retrieve short vowels from earlier lessons. A model is shown at phase 0 (if this step has one) and after the step is ready. There is no authored video script or uploaded file implied by this slot."
"programme_audio","l1.l1-bridge-words.l1-bridge-cat.directions-0","level-one-bridge","Look how far we have come","l1-bridge-words","Words from our journey","l1-bridge-cat","read","Directions, phase 0","Try reading this word.","script-c747b57459bc","","","","recording_needed",""
"programme_audio","l1.l1-bridge-words.l1-bridge-cat.directions-1","level-one-bridge","Look how far we have come","l1-bridge-words","Words from our journey","l1-bridge-cat","read","Directions, phase 1","Tap its picture.","script-7cf1de8e870f","","","","recording_needed",""
"programme_audio","l1.l1-bridge-words.l1-bridge-cat.directions-2","level-one-bridge","Look how far we have come","l1-bridge-words","Words from our journey","l1-bridge-cat","read","Step success directions","You did it!","script-7f6dd03e6c9e","","","","recording_needed",""
"programme_audio","l1.l1-bridge-words.l1-bridge-cat.retry","level-one-bridge","Look how far we have come","l1-bridge-words","Words from our journey","l1-bridge-cat","read","First retry","Let’s have another try.","script-914076714817","","","","recording_needed",""
"programme_audio","l1.l1-bridge-words.l1-bridge-cat.word","level-one-bridge","Look how far we have come","l1-bridge-words","Words from our journey","l1-bridge-cat","read","Whole word","cat","script-77af778b51ab","","","","recording_needed","Say the whole word naturally. Individual phonemes use the existing sound-<letter> files."
"programme_audio","l1.l1-bridge-words.l1-bridge-cat.meaning","level-one-bridge","Look how far we have come","l1-bridge-words","Words from our journey","l1-bridge-cat","read","Word and meaning","cat. A cat","script-730e539804bd","","","","recording_needed","The same exact script is used wherever this step explains its meaning."
"programme_audio","l1.l1-bridge-words.l1-bridge-cat.question","level-one-bridge","Look how far we have come","l1-bridge-words","Words from our journey","l1-bridge-cat","read","Picture choice instruction","Tap its picture.","script-7cf1de8e870f","","","","recording_needed",""
"programme_audio","l1.l1-bridge-words.l1-bridge-cat.choice-cat","level-one-bridge","Look how far we have come","l1-bridge-words","Words from our journey","l1-bridge-cat","read","Picture label on request","A cat","script-a7a8377f6368","cat","","","recording_needed","Heard only when the child asks for this picture label."
"programme_audio","l1.l1-bridge-words.l1-bridge-cat.choice-dog","level-one-bridge","Look how far we have come","l1-bridge-words","Words from our journey","l1-bridge-cat","read","Picture label on request","A dog","script-d2894c61cfd4","dog","","","recording_needed","Heard only when the child asks for this picture label."
"programme_video_model","l1.l1-bridge-words.l1-bridge-cat.model","level-one-bridge","Look how far we have come","l1-bridge-words","Words from our journey","l1-bridge-cat","read","Optional teaching model","","","","","","optional_placeholder","Objective: Sample practised words across vowels with help available; identify useful practice, not a pass or fail. A model is shown at phase 0 (if this step has one) and after the step is ready. There is no authored video script or uploaded file implied by this slot."
"programme_audio","l1.l1-bridge-words.l1-bridge-pig.directions-0","level-one-bridge","Look how far we have come","l1-bridge-words","Words from our journey","l1-bridge-pig","read","Directions, phase 0","Try reading this word.","script-c747b57459bc","","","","recording_needed",""
"programme_audio","l1.l1-bridge-words.l1-bridge-pig.directions-1","level-one-bridge","Look how far we have come","l1-bridge-words","Words from our journey","l1-bridge-pig","read","Directions, phase 1","Tap its picture.","script-7cf1de8e870f","","","","recording_needed",""
"programme_audio","l1.l1-bridge-words.l1-bridge-pig.directions-2","level-one-bridge","Look how far we have come","l1-bridge-words","Words from our journey","l1-bridge-pig","read","Step success directions","You did it!","script-7f6dd03e6c9e","","","","recording_needed",""
"programme_audio","l1.l1-bridge-words.l1-bridge-pig.retry","level-one-bridge","Look how far we have come","l1-bridge-words","Words from our journey","l1-bridge-pig","read","First retry","Let’s have another try.","script-914076714817","","","","recording_needed",""
"programme_audio","l1.l1-bridge-words.l1-bridge-pig.word","level-one-bridge","Look how far we have come","l1-bridge-words","Words from our journey","l1-bridge-pig","read","Whole word","pig","script-f0b8c9d84dd2","","","","recording_needed","Say the whole word naturally. Individual phonemes use the existing sound-<letter> files."
"programme_audio","l1.l1-bridge-words.l1-bridge-pig.meaning","level-one-bridge","Look how far we have come","l1-bridge-words","Words from our journey","l1-bridge-pig","read","Word and meaning","pig. A pig","script-d0a0d94af775","","","","recording_needed","The same exact script is used wherever this step explains its meaning."
"programme_audio","l1.l1-bridge-words.l1-bridge-pig.question","level-one-bridge","Look how far we have come","l1-bridge-words","Words from our journey","l1-bridge-pig","read","Picture choice instruction","Tap its picture.","script-7cf1de8e870f","","","","recording_needed",""
"programme_audio","l1.l1-bridge-words.l1-bridge-pig.choice-pig","level-one-bridge","Look how far we have come","l1-bridge-words","Words from our journey","l1-bridge-pig","read","Picture label on request","A pig","script-494b3a5325eb","pig","","","recording_needed","Heard only when the child asks for this picture label."
"programme_audio","l1.l1-bridge-words.l1-bridge-pig.choice-pen","level-one-bridge","Look how far we have come","l1-bridge-words","Words from our journey","l1-bridge-pig","read","Picture label on request","A pen","script-ccbb2c748451","pen","","","recording_needed","Heard only when the child asks for this picture label."
"programme_video_model","l1.l1-bridge-words.l1-bridge-pig.model","level-one-bridge","Look how far we have come","l1-bridge-words","Words from our journey","l1-bridge-pig","read","Optional teaching model","","","","","","optional_placeholder","Objective: Sample practised words across vowels with help available; identify useful practice, not a pass or fail. A model is shown at phase 0 (if this step has one) and after the step is ready. There is no authored video script or uploaded file implied by this slot."
"programme_audio","l1.l1-bridge-words.l1-bridge-dog.directions-0","level-one-bridge","Look how far we have come","l1-bridge-words","Words from our journey","l1-bridge-dog","read","Directions, phase 0","Try reading this word.","script-c747b57459bc","","","","recording_needed",""
"programme_audio","l1.l1-bridge-words.l1-bridge-dog.directions-1","level-one-bridge","Look how far we have come","l1-bridge-words","Words from our journey","l1-bridge-dog","read","Directions, phase 1","Tap its picture.","script-7cf1de8e870f","","","","recording_needed",""
"programme_audio","l1.l1-bridge-words.l1-bridge-dog.directions-2","level-one-bridge","Look how far we have come","l1-bridge-words","Words from our journey","l1-bridge-dog","read","Step success directions","You did it!","script-7f6dd03e6c9e","","","","recording_needed",""
"programme_audio","l1.l1-bridge-words.l1-bridge-dog.retry","level-one-bridge","Look how far we have come","l1-bridge-words","Words from our journey","l1-bridge-dog","read","First retry","Let’s have another try.","script-914076714817","","","","recording_needed",""
"programme_audio","l1.l1-bridge-words.l1-bridge-dog.word","level-one-bridge","Look how far we have come","l1-bridge-words","Words from our journey","l1-bridge-dog","read","Whole word","dog","script-cd6357efdd96","","","","recording_needed","Say the whole word naturally. Individual phonemes use the existing sound-<letter> files."
"programme_audio","l1.l1-bridge-words.l1-bridge-dog.meaning","level-one-bridge","Look how far we have come","l1-bridge-words","Words from our journey","l1-bridge-dog","read","Word and meaning","dog. A dog","script-089a7da638a9","","","","recording_needed","The same exact script is used wherever this step explains its meaning."
"programme_audio","l1.l1-bridge-words.l1-bridge-dog.question","level-one-bridge","Look how far we have come","l1-bridge-words","Words from our journey","l1-bridge-dog","read","Picture choice instruction","Tap its picture.","script-7cf1de8e870f","","","","recording_needed",""
"programme_audio","l1.l1-bridge-words.l1-bridge-dog.choice-dog","level-one-bridge","Look how far we have come","l1-bridge-words","Words from our journey","l1-bridge-dog","read","Picture label on request","A dog","script-d2894c61cfd4","dog","","","recording_needed","Heard only when the child asks for this picture label."
"programme_audio","l1.l1-bridge-words.l1-bridge-dog.choice-jug","level-one-bridge","Look how far we have come","l1-bridge-words","Words from our journey","l1-bridge-dog","read","Picture label on request","A jug","script-d742ca04e88e","jug","","","recording_needed","Heard only when the child asks for this picture label."
"programme_video_model","l1.l1-bridge-words.l1-bridge-dog.model","level-one-bridge","Look how far we have come","l1-bridge-words","Words from our journey","l1-bridge-dog","read","Optional teaching model","","","","","","optional_placeholder","Objective: Sample practised words across vowels with help available; identify useful practice, not a pass or fail. A model is shown at phase 0 (if this step has one) and after the step is ready. There is no authored video script or uploaded file implied by this slot."
"programme_audio","l1.l1-bridge-words.l1-bridge-sun.directions-1","level-one-bridge","Look how far we have come","l1-bridge-words","Words from our journey","l1-bridge-sun","build","Directions, phase 1","Tap Listen.","script-926dc21c3e05","sun","","","recording_needed",""
"programme_audio","l1.l1-bridge-words.l1-bridge-sun.directions-1-heard","level-one-bridge","Look how far we have come","l1-bridge-words","Words from our journey","l1-bridge-sun","build","Response directions, phase 1","Make the word.","script-1069c4a52ede","sun","","","recording_needed","Replayable current-action cue. On first requested sound/spelling playback this precedes the target, keeping the target sound/word last. Replay plays the target alone."
"programme_audio","l1.l1-bridge-words.l1-bridge-sun.directions-2","level-one-bridge","Look how far we have come","l1-bridge-words","Words from our journey","l1-bridge-sun","build","Step success directions","You did it!","script-7f6dd03e6c9e","sun","","","recording_needed",""
"programme_audio","l1.l1-bridge-words.l1-bridge-sun.directions-complete","level-one-bridge","Look how far we have come","l1-bridge-words","Words from our journey","l1-bridge-sun","build","Activity completion directions","Well done!","script-462164a0645e","sun","","","recording_needed",""
"programme_audio","l1.l1-bridge-words.l1-bridge-sun.retry","level-one-bridge","Look how far we have come","l1-bridge-words","Words from our journey","l1-bridge-sun","build","First retry","Let’s have another try.","script-914076714817","sun","","","recording_needed",""
"programme_audio","l1.l1-bridge-words.l1-bridge-sun.word","level-one-bridge","Look how far we have come","l1-bridge-words","Words from our journey","l1-bridge-sun","build","Whole word","sun","script-27756f050e14","sun","","","recording_needed","Say the whole word naturally. Individual phonemes use the existing sound-<letter> files."
"programme_audio","l1.l1-bridge-words.l1-bridge-sun.meaning","level-one-bridge","Look how far we have come","l1-bridge-words","Words from our journey","l1-bridge-sun","build","Word and meaning","sun. The sun gives light and warmth.","script-7b579004fa2f","sun","","","recording_needed","The same exact script is used wherever this step explains its meaning."
"programme_video_model","l1.l1-bridge-words.l1-bridge-sun.model","level-one-bridge","Look how far we have come","l1-bridge-words","Words from our journey","l1-bridge-sun","build","Optional teaching model","","","sun","","","optional_placeholder","Objective: Sample practised words across vowels with help available; identify useful practice, not a pass or fail. A model is shown at phase 0 (if this step has one) and after the step is ready. There is no authored video script or uploaded file implied by this slot."
"programme_audio","l1.l1-bridge-story.l1-bridge-story-read.cover.directions-0","level-one-bridge","Look how far we have come","l1-bridge-story","One more little story","l1-bridge-story-read.cover","book-cover","Directions, phase 0","Tap Listen.","script-926dc21c3e05","","","","recording_needed",""
"programme_audio","l1.l1-bridge-story.l1-bridge-story-read.cover.directions-0-heard","level-one-bridge","Look how far we have come","l1-bridge-story","One more little story","l1-bridge-story-read.cover","book-cover","Response directions, phase 0","Ready for the next part?","script-77a9094a81f0","","","","recording_needed","Replayable current-action cue. On first requested sound/spelling playback this precedes the target, keeping the target sound/word last. Replay plays the target alone."
"programme_audio","l1.l1-bridge-story.l1-bridge-story-read.cover.directions-1","level-one-bridge","Look how far we have come","l1-bridge-story","One more little story","l1-bridge-story-read.cover","book-cover","Step success directions","You did it!","script-7f6dd03e6c9e","","","","recording_needed",""
"programme_audio","l1.l1-bridge-story.l1-bridge-story-read.cover.prepare-0","level-one-bridge","Look how far we have come","l1-bridge-story","One more little story","l1-bridge-story-read.cover","book-cover","Book vocabulary or character preparation","jog","script-c30b983b5860","pat-jog","","","recording_needed","One tap-paced card at a time. Next advances only after this part is heard or read together. No joined convention monologue."
"programme_audio","l1.l1-bridge-story.l1-bridge-story-read.cover.convention-0","level-one-bridge","Look how far we have come","l1-bridge-story","One more little story","l1-bridge-story-read.cover","book-cover","Book preparation model","Jog means run slowly and steadily.","script-d000f6bda2e9","","","","recording_needed","One tap-paced card at a time. Next advances only after this part is heard or read together. No joined convention monologue."
"programme_audio","l1.l1-bridge-story.l1-bridge-story-read.cover.convention-1","level-one-bridge","Look how far we have come","l1-bridge-story","One more little story","l1-bridge-story-read.cover","book-cover","Book preparation model","Read from left to right. Pause at the full stop.","script-9384dad0edbb","","","","recording_needed","One tap-paced card at a time. Next advances only after this part is heard or read together. No joined convention monologue."
"programme_video_model","l1.l1-bridge-story.l1-bridge-story-read.cover.model","level-one-bridge","Look how far we have come","l1-bridge-story","One more little story","l1-bridge-story-read.cover","book-cover","Optional teaching model","","","","","","optional_placeholder","Objective: Offer a short matched text before its model, with an optional listener and no inferred oral score. A model is shown at phase 0 (if this step has one) and after the step is ready. There is no authored video script or uploaded file implied by this slot."
"programme_audio","l1.l1-bridge-story.l1-bridge-story-read.pat-jog.directions-0","level-one-bridge","Look how far we have come","l1-bridge-story","One more little story","l1-bridge-story-read.pat-jog","page","Directions, phase 0","Your turn to read.","script-628afdc4429d","pat-jog","","","recording_needed",""
"programme_audio","l1.l1-bridge-story.l1-bridge-story-read.pat-jog.directions-1","level-one-bridge","Look how far we have come","l1-bridge-story","One more little story","l1-bridge-story-read.pat-jog","page","Directions, phase 1","See the story.","script-c0a5efc3c898","pat-jog","","","recording_needed",""
"programme_audio","l1.l1-bridge-story.l1-bridge-story-read.pat-jog.directions-2","level-one-bridge","Look how far we have come","l1-bridge-story","One more little story","l1-bridge-story-read.pat-jog","page","Step success directions","You did it!","script-7f6dd03e6c9e","pat-jog","","","recording_needed",""
"programme_audio","l1.l1-bridge-story.l1-bridge-story-read.pat-jog.page","level-one-bridge","Look how far we have come","l1-bridge-story","One more little story","l1-bridge-story-read.pat-jog","page","Read the complete page","Pat can jog.","script-7085d7af5683","pat-jog","","","recording_needed","Preserve the sentence punctuation and phrasing."
"programme_audio","l1.l1-bridge-story.l1-bridge-story-read.pat-jog.word-0","level-one-bridge","Look how far we have come","l1-bridge-story","One more little story","l1-bridge-story-read.pat-jog","page","Tapped page word","Pat","script-b1cbff209280","pat-jog","","","recording_needed","Index and text exactly match the on-screen space-separated token, including its punctuation."
"programme_audio","l1.l1-bridge-story.l1-bridge-story-read.pat-jog.word-1","level-one-bridge","Look how far we have come","l1-bridge-story","One more little story","l1-bridge-story-read.pat-jog","page","Tapped page word","can","script-9f584196e7fe","pat-jog","","","recording_needed","Index and text exactly match the on-screen space-separated token, including its punctuation."
"programme_audio","l1.l1-bridge-story.l1-bridge-story-read.pat-jog.word-2","level-one-bridge","Look how far we have come","l1-bridge-story","One more little story","l1-bridge-story-read.pat-jog","page","Tapped page word","jog.","script-ab5c6da0ae3b","pat-jog","","","recording_needed","Index and text exactly match the on-screen space-separated token, including its punctuation."
"programme_video_model","l1.l1-bridge-story.l1-bridge-story-read.pat-jog.model","level-one-bridge","Look how far we have come","l1-bridge-story","One more little story","l1-bridge-story-read.pat-jog","page","Optional teaching model","","","pat-jog","","","optional_placeholder","Objective: Offer a short matched text before its model, with an optional listener and no inferred oral score. A model is shown at phase 0 (if this step has one) and after the step is ready. There is no authored video script or uploaded file implied by this slot."
"programme_audio","l1.l1-bridge-story.l1-bridge-story-read.pat-wet.directions-0","level-one-bridge","Look how far we have come","l1-bridge-story","One more little story","l1-bridge-story-read.pat-wet","page","Directions, phase 0","Your turn to read.","script-628afdc4429d","pat-wet","","","recording_needed",""
"programme_audio","l1.l1-bridge-story.l1-bridge-story-read.pat-wet.directions-1","level-one-bridge","Look how far we have come","l1-bridge-story","One more little story","l1-bridge-story-read.pat-wet","page","Directions, phase 1","See the story.","script-c0a5efc3c898","pat-wet","","","recording_needed",""
"programme_audio","l1.l1-bridge-story.l1-bridge-story-read.pat-wet.directions-2","level-one-bridge","Look how far we have come","l1-bridge-story","One more little story","l1-bridge-story-read.pat-wet","page","Step success directions","You did it!","script-7f6dd03e6c9e","pat-wet","","","recording_needed",""
"programme_audio","l1.l1-bridge-story.l1-bridge-story-read.pat-wet.page","level-one-bridge","Look how far we have come","l1-bridge-story","One more little story","l1-bridge-story-read.pat-wet","page","Read the complete page","Pat got wet.","script-c1ac9f4ed2d0","pat-wet","","","recording_needed","Preserve the sentence punctuation and phrasing."
"programme_audio","l1.l1-bridge-story.l1-bridge-story-read.pat-wet.word-0","level-one-bridge","Look how far we have come","l1-bridge-story","One more little story","l1-bridge-story-read.pat-wet","page","Tapped page word","Pat","script-b1cbff209280","pat-wet","","","recording_needed","Index and text exactly match the on-screen space-separated token, including its punctuation."
"programme_audio","l1.l1-bridge-story.l1-bridge-story-read.pat-wet.word-1","level-one-bridge","Look how far we have come","l1-bridge-story","One more little story","l1-bridge-story-read.pat-wet","page","Tapped page word","got","script-0497db517ef0","pat-wet","","","recording_needed","Index and text exactly match the on-screen space-separated token, including its punctuation."
"programme_audio","l1.l1-bridge-story.l1-bridge-story-read.pat-wet.word-2","level-one-bridge","Look how far we have come","l1-bridge-story","One more little story","l1-bridge-story-read.pat-wet","page","Tapped page word","wet.","script-ef72276c2383","pat-wet","","","recording_needed","Index and text exactly match the on-screen space-separated token, including its punctuation."
"programme_video_model","l1.l1-bridge-story.l1-bridge-story-read.pat-wet.model","level-one-bridge","Look how far we have come","l1-bridge-story","One more little story","l1-bridge-story-read.pat-wet","page","Optional teaching model","","","pat-wet","","","optional_placeholder","Objective: Offer a short matched text before its model, with an optional listener and no inferred oral score. A model is shown at phase 0 (if this step has one) and after the step is ready. There is no authored video script or uploaded file implied by this slot."
"programme_audio","l1.l1-bridge-story.l1-bridge-story-read.pat-sat.directions-0","level-one-bridge","Look how far we have come","l1-bridge-story","One more little story","l1-bridge-story-read.pat-sat","page","Directions, phase 0","Your turn to read.","script-628afdc4429d","pat-sat","","","recording_needed",""
"programme_audio","l1.l1-bridge-story.l1-bridge-story-read.pat-sat.directions-1","level-one-bridge","Look how far we have come","l1-bridge-story","One more little story","l1-bridge-story-read.pat-sat","page","Directions, phase 1","What did Pat do at the end?","script-92599b176f43","pat-sat","","","recording_needed",""
"programme_audio","l1.l1-bridge-story.l1-bridge-story-read.pat-sat.directions-2","level-one-bridge","Look how far we have come","l1-bridge-story","One more little story","l1-bridge-story-read.pat-sat","page","Step success directions","You did it!","script-7f6dd03e6c9e","pat-sat","","","recording_needed",""
"programme_audio","l1.l1-bridge-story.l1-bridge-story-read.pat-sat.directions-complete","level-one-bridge","Look how far we have come","l1-bridge-story","One more little story","l1-bridge-story-read.pat-sat","page","Activity completion directions","Well done!","script-462164a0645e","pat-sat","","","recording_needed",""
"programme_audio","l1.l1-bridge-story.l1-bridge-story-read.pat-sat.retry","level-one-bridge","Look how far we have come","l1-bridge-story","One more little story","l1-bridge-story-read.pat-sat","page","First retry","Let’s have another try.","script-914076714817","pat-sat","","","recording_needed",""
"programme_audio","l1.l1-bridge-story.l1-bridge-story-read.pat-sat.page","level-one-bridge","Look how far we have come","l1-bridge-story","One more little story","l1-bridge-story-read.pat-sat","page","Read the complete page","Pat sat.","script-281e4170a8c8","pat-sat","","","recording_needed","Preserve the sentence punctuation and phrasing."
"programme_audio","l1.l1-bridge-story.l1-bridge-story-read.pat-sat.word-0","level-one-bridge","Look how far we have come","l1-bridge-story","One more little story","l1-bridge-story-read.pat-sat","page","Tapped page word","Pat","script-b1cbff209280","pat-sat","","","recording_needed","Index and text exactly match the on-screen space-separated token, including its punctuation."
"programme_audio","l1.l1-bridge-story.l1-bridge-story-read.pat-sat.word-1","level-one-bridge","Look how far we have come","l1-bridge-story","One more little story","l1-bridge-story-read.pat-sat","page","Tapped page word","sat.","script-770669ec5aa4","pat-sat","","","recording_needed","Index and text exactly match the on-screen space-separated token, including its punctuation."
"programme_audio","l1.l1-bridge-story.l1-bridge-story-read.pat-sat.question","level-one-bridge","Look how far we have come","l1-bridge-story","One more little story","l1-bridge-story-read.pat-sat","page","Page meaning question","What did Pat do at the end?","script-92599b176f43","pat-sat","","","recording_needed",""
"programme_audio","l1.l1-bridge-story.l1-bridge-story-read.pat-sat.choice-sat","level-one-bridge","Look how far we have come","l1-bridge-story","One more little story","l1-bridge-story-read.pat-sat","page","Picture label on request","Pat sat.","script-281e4170a8c8","pat-sat","","","recording_needed","Heard only when the child asks for this picture label."
"programme_audio","l1.l1-bridge-story.l1-bridge-story-read.pat-sat.choice-jog","level-one-bridge","Look how far we have come","l1-bridge-story","One more little story","l1-bridge-story-read.pat-sat","page","Picture label on request","Pat jogged.","script-749b7d101c18","pat-jog","","","recording_needed","Heard only when the child asks for this picture label."
"programme_video_model","l1.l1-bridge-story.l1-bridge-story-read.pat-sat.model","level-one-bridge","Look how far we have come","l1-bridge-story","One more little story","l1-bridge-story-read.pat-sat","page","Optional teaching model","","","pat-sat","","","optional_placeholder","Objective: Offer a short matched text before its model, with an optional listener and no inferred oral score. A model is shown at phase 0 (if this step has one) and after the step is ready. There is no authored video script or uploaded file implied by this slot."
"programme_audio","l1.l1-bridge-information.l1-bridge-information-read.cover.directions-0","level-one-bridge","Look how far we have come","l1-bridge-information","Read a picture label","l1-bridge-information-read.cover","book-cover","Directions, phase 0","Tap Listen.","script-926dc21c3e05","","","","recording_needed",""
"programme_audio","l1.l1-bridge-information.l1-bridge-information-read.cover.directions-0-heard","level-one-bridge","Look how far we have come","l1-bridge-information","Read a picture label","l1-bridge-information-read.cover","book-cover","Response directions, phase 0","Ready for the next part?","script-77a9094a81f0","","","","recording_needed","Replayable current-action cue. On first requested sound/spelling playback this precedes the target, keeping the target sound/word last. Replay plays the target alone."
"programme_audio","l1.l1-bridge-information.l1-bridge-information-read.cover.directions-1","level-one-bridge","Look how far we have come","l1-bridge-information","Read a picture label","l1-bridge-information-read.cover","book-cover","Step success directions","You did it!","script-7f6dd03e6c9e","","","","recording_needed",""
"programme_audio","l1.l1-bridge-information.l1-bridge-information-read.cover.prepare-0","level-one-bridge","Look how far we have come","l1-bridge-information","Read a picture label","l1-bridge-information-read.cover","book-cover","Book vocabulary or character preparation","red","script-b1f51a511f1d","red-bag","","","recording_needed","One tap-paced card at a time. Next advances only after this part is heard or read together. No joined convention monologue."
"programme_audio","l1.l1-bridge-information.l1-bridge-information-read.cover.prepare-1","level-one-bridge","Look how far we have come","l1-bridge-information","Read a picture label","l1-bridge-information-read.cover","book-cover","Book vocabulary or character preparation","big","script-2a21fe6d592a","big-bag","","","recording_needed","One tap-paced card at a time. Next advances only after this part is heard or read together. No joined convention monologue."
"programme_audio","l1.l1-bridge-information.l1-bridge-information-read.cover.convention-0","level-one-bridge","Look how far we have come","l1-bridge-information","Read a picture label","l1-bridge-information-read.cover","book-cover","Book preparation model","These picture labels tell us about bags.","script-b0bac23265ee","","","","recording_needed","One tap-paced card at a time. Next advances only after this part is heard or read together. No joined convention monologue."
"programme_audio","l1.l1-bridge-information.l1-bridge-information-read.cover.convention-1","level-one-bridge","Look how far we have come","l1-bridge-information","Read a picture label","l1-bridge-information-read.cover","book-cover","Book preparation model","Big means large. This bag is bigger than the other bag.","script-6ed70cbb326f","","","","recording_needed","One tap-paced card at a time. Next advances only after this part is heard or read together. No joined convention monologue."
"programme_audio","l1.l1-bridge-information.l1-bridge-information-read.cover.convention-2","level-one-bridge","Look how far we have come","l1-bridge-information","Read a picture label","l1-bridge-information-read.cover","book-cover","Book preparation model","Big R and small r go together. Big B and small b go together.","script-897359ac1a53","","","","recording_needed","One tap-paced card at a time. Next advances only after this part is heard or read together. No joined convention monologue."
"programme_video_model","l1.l1-bridge-information.l1-bridge-information-read.cover.model","level-one-bridge","Look how far we have come","l1-bridge-information","Read a picture label","l1-bridge-information-read.cover","book-cover","Optional teaching model","","","","","","optional_placeholder","Objective: Read information captions and use print to distinguish an attribute and a location. A model is shown at phase 0 (if this step has one) and after the step is ready. There is no authored video script or uploaded file implied by this slot."
"programme_audio","l1.l1-bridge-information.l1-bridge-information-read.red-bag.directions-0","level-one-bridge","Look how far we have come","l1-bridge-information","Read a picture label","l1-bridge-information-read.red-bag","page","Directions, phase 0","Your turn to read.","script-628afdc4429d","red-bag","","","recording_needed",""
"programme_audio","l1.l1-bridge-information.l1-bridge-information-read.red-bag.directions-1","level-one-bridge","Look how far we have come","l1-bridge-information","Read a picture label","l1-bridge-information-read.red-bag","page","Directions, phase 1","See the story.","script-c0a5efc3c898","red-bag","","","recording_needed",""
"programme_audio","l1.l1-bridge-information.l1-bridge-information-read.red-bag.directions-2","level-one-bridge","Look how far we have come","l1-bridge-information","Read a picture label","l1-bridge-information-read.red-bag","page","Step success directions","You did it!","script-7f6dd03e6c9e","red-bag","","","recording_needed",""
"programme_audio","l1.l1-bridge-information.l1-bridge-information-read.red-bag.page","level-one-bridge","Look how far we have come","l1-bridge-information","Read a picture label","l1-bridge-information-read.red-bag","page","Read the complete page","Red bag.","script-39889110abf4","red-bag","","","recording_needed","Preserve the sentence punctuation and phrasing."
"programme_audio","l1.l1-bridge-information.l1-bridge-information-read.red-bag.word-0","level-one-bridge","Look how far we have come","l1-bridge-information","Read a picture label","l1-bridge-information-read.red-bag","page","Tapped page word","Red","script-ba19e9c3d5f4","red-bag","","","recording_needed","Index and text exactly match the on-screen space-separated token, including its punctuation."
"programme_audio","l1.l1-bridge-information.l1-bridge-information-read.red-bag.word-1","level-one-bridge","Look how far we have come","l1-bridge-information","Read a picture label","l1-bridge-information-read.red-bag","page","Tapped page word","bag.","script-7f6494afc34f","red-bag","","","recording_needed","Index and text exactly match the on-screen space-separated token, including its punctuation."
"programme_video_model","l1.l1-bridge-information.l1-bridge-information-read.red-bag.model","level-one-bridge","Look how far we have come","l1-bridge-information","Read a picture label","l1-bridge-information-read.red-bag","page","Optional teaching model","","","red-bag","","","optional_placeholder","Objective: Read information captions and use print to distinguish an attribute and a location. A model is shown at phase 0 (if this step has one) and after the step is ready. There is no authored video script or uploaded file implied by this slot."
"programme_audio","l1.l1-bridge-information.l1-bridge-information-read.big-bag.directions-0","level-one-bridge","Look how far we have come","l1-bridge-information","Read a picture label","l1-bridge-information-read.big-bag","page","Directions, phase 0","Your turn to read.","script-628afdc4429d","big-bag","","","recording_needed",""
"programme_audio","l1.l1-bridge-information.l1-bridge-information-read.big-bag.directions-1","level-one-bridge","Look how far we have come","l1-bridge-information","Read a picture label","l1-bridge-information-read.big-bag","page","Directions, phase 1","See the story.","script-c0a5efc3c898","big-bag","","","recording_needed",""
"programme_audio","l1.l1-bridge-information.l1-bridge-information-read.big-bag.directions-2","level-one-bridge","Look how far we have come","l1-bridge-information","Read a picture label","l1-bridge-information-read.big-bag","page","Step success directions","You did it!","script-7f6dd03e6c9e","big-bag","","","recording_needed",""
"programme_audio","l1.l1-bridge-information.l1-bridge-information-read.big-bag.page","level-one-bridge","Look how far we have come","l1-bridge-information","Read a picture label","l1-bridge-information-read.big-bag","page","Read the complete page","Big bag.","script-a89108d7508e","big-bag","","","recording_needed","Preserve the sentence punctuation and phrasing."
"programme_audio","l1.l1-bridge-information.l1-bridge-information-read.big-bag.word-0","level-one-bridge","Look how far we have come","l1-bridge-information","Read a picture label","l1-bridge-information-read.big-bag","page","Tapped page word","Big","script-f69fd263467d","big-bag","","","recording_needed","Index and text exactly match the on-screen space-separated token, including its punctuation."
"programme_audio","l1.l1-bridge-information.l1-bridge-information-read.big-bag.word-1","level-one-bridge","Look how far we have come","l1-bridge-information","Read a picture label","l1-bridge-information-read.big-bag","page","Tapped page word","bag.","script-7f6494afc34f","big-bag","","","recording_needed","Index and text exactly match the on-screen space-separated token, including its punctuation."
"programme_video_model","l1.l1-bridge-information.l1-bridge-information-read.big-bag.model","level-one-bridge","Look how far we have come","l1-bridge-information","Read a picture label","l1-bridge-information-read.big-bag","page","Optional teaching model","","","big-bag","","","optional_placeholder","Objective: Read information captions and use print to distinguish an attribute and a location. A model is shown at phase 0 (if this step has one) and after the step is ready. There is no authored video script or uploaded file implied by this slot."
"programme_audio","l1.l1-bridge-information.l1-bridge-information-read.bag-van.directions-0","level-one-bridge","Look how far we have come","l1-bridge-information","Read a picture label","l1-bridge-information-read.bag-van","page","Directions, phase 0","Your turn to read.","script-628afdc4429d","bag-in-van","","","recording_needed",""
"programme_audio","l1.l1-bridge-information.l1-bridge-information-read.bag-van.directions-1","level-one-bridge","Look how far we have come","l1-bridge-information","Read a picture label","l1-bridge-information-read.bag-van","page","Directions, phase 1","Which picture has a bag inside a vehicle?","script-2cdd6d50654b","bag-in-van","","","recording_needed",""
"programme_audio","l1.l1-bridge-information.l1-bridge-information-read.bag-van.directions-2","level-one-bridge","Look how far we have come","l1-bridge-information","Read a picture label","l1-bridge-information-read.bag-van","page","Step success directions","You did it!","script-7f6dd03e6c9e","bag-in-van","","","recording_needed",""
"programme_audio","l1.l1-bridge-information.l1-bridge-information-read.bag-van.directions-complete","level-one-bridge","Look how far we have come","l1-bridge-information","Read a picture label","l1-bridge-information-read.bag-van","page","Activity completion directions","Well done!","script-462164a0645e","bag-in-van","","","recording_needed",""
"programme_audio","l1.l1-bridge-information.l1-bridge-information-read.bag-van.retry","level-one-bridge","Look how far we have come","l1-bridge-information","Read a picture label","l1-bridge-information-read.bag-van","page","First retry","Let’s have another try.","script-914076714817","bag-in-van","","","recording_needed",""
"programme_audio","l1.l1-bridge-information.l1-bridge-information-read.bag-van.page","level-one-bridge","Look how far we have come","l1-bridge-information","Read a picture label","l1-bridge-information-read.bag-van","page","Read the complete page","Bag in van.","script-3bc799a2932e","bag-in-van","","","recording_needed","Preserve the sentence punctuation and phrasing."
"programme_audio","l1.l1-bridge-information.l1-bridge-information-read.bag-van.word-0","level-one-bridge","Look how far we have come","l1-bridge-information","Read a picture label","l1-bridge-information-read.bag-van","page","Tapped page word","Bag","script-b053c961f2ac","bag-in-van","","","recording_needed","Index and text exactly match the on-screen space-separated token, including its punctuation."
"programme_audio","l1.l1-bridge-information.l1-bridge-information-read.bag-van.word-1","level-one-bridge","Look how far we have come","l1-bridge-information","Read a picture label","l1-bridge-information-read.bag-van","page","Tapped page word","in","script-582967534d0f","bag-in-van","","","recording_needed","Index and text exactly match the on-screen space-separated token, including its punctuation."
"programme_audio","l1.l1-bridge-information.l1-bridge-information-read.bag-van.word-2","level-one-bridge","Look how far we have come","l1-bridge-information","Read a picture label","l1-bridge-information-read.bag-van","page","Tapped page word","van.","script-063646d09ee8","bag-in-van","","","recording_needed","Index and text exactly match the on-screen space-separated token, including its punctuation."
"programme_audio","l1.l1-bridge-information.l1-bridge-information-read.bag-van.question","level-one-bridge","Look how far we have come","l1-bridge-information","Read a picture label","l1-bridge-information-read.bag-van","page","Page meaning question","Which picture has a bag inside a vehicle?","script-2cdd6d50654b","bag-in-van","","","recording_needed",""
"programme_audio","l1.l1-bridge-information.l1-bridge-information-read.bag-van.choice-van","level-one-bridge","Look how far we have come","l1-bridge-information","Read a picture label","l1-bridge-information-read.bag-van","page","Picture label on request","Bag in van.","script-3bc799a2932e","bag-in-van","","","recording_needed","Heard only when the child asks for this picture label."
"programme_audio","l1.l1-bridge-information.l1-bridge-information-read.bag-van.choice-bed","level-one-bridge","Look how far we have come","l1-bridge-information","Read a picture label","l1-bridge-information-read.bag-van","page","Picture label on request","Bag on bed.","script-c717c7e6470b","bag-on-bed","","","recording_needed","Heard only when the child asks for this picture label."
"programme_video_model","l1.l1-bridge-information.l1-bridge-information-read.bag-van.model","level-one-bridge","Look how far we have come","l1-bridge-information","Read a picture label","l1-bridge-information-read.bag-van","page","Optional teaching model","","","bag-in-van","","","optional_placeholder","Objective: Read information captions and use print to distinguish an attribute and a location. A model is shown at phase 0 (if this step has one) and after the step is ready. There is no authored video script or uploaded file implied by this slot."
"phoneme_reference","sound-s","","","","","","","Isolated letter sound","","","","/english/media/s-sound.mp3","","existing_local_file","Existing short phoneme recording. Do not replace with the letter name or ordinary TTS. Registration is preserved."
"phoneme_reference","sound-a","","","","","","","Isolated letter sound","","","","/english/media/a-sound.mp3","","existing_local_file","Existing short phoneme recording. Do not replace with the letter name or ordinary TTS. Registration is preserved."
"phoneme_reference","sound-t","","","","","","","Isolated letter sound","","","","/english/media/t-sound.mp3","","existing_local_file","Existing short phoneme recording. Do not replace with the letter name or ordinary TTS. Registration is preserved."
"phoneme_reference","sound-p","","","","","","","Isolated letter sound","","","","/english/media/p-sound.mp3","","existing_local_file","Existing short phoneme recording. Do not replace with the letter name or ordinary TTS. Registration is preserved."
"phoneme_reference","sound-i","","","","","","","Isolated letter sound","","","","/english/media/i-sound.mp3","","existing_local_file","Existing short phoneme recording. Do not replace with the letter name or ordinary TTS. Registration is preserved."
"phoneme_reference","sound-n","","","","","","","Isolated letter sound","","","","/english/media/n-sound.mp3","","existing_local_file","Existing short phoneme recording. Do not replace with the letter name or ordinary TTS. Registration is preserved."
"phoneme_reference","sound-c","","","","","","","Isolated letter sound","","","","/english/media/c-sound.mp3","","existing_local_file","Existing short phoneme recording. Do not replace with the letter name or ordinary TTS. Registration is preserved."
"phoneme_reference","sound-m","","","","","","","Isolated letter sound","","","","/english/media/m-sound.mp3","","existing_local_file","Existing short phoneme recording. Do not replace with the letter name or ordinary TTS. Registration is preserved."
"phoneme_reference","sound-e","","","","","","","Isolated letter sound","","","","/english/media/e-sound.mp3","","existing_local_file","Existing short phoneme recording. Do not replace with the letter name or ordinary TTS. Registration is preserved."
"phoneme_reference","sound-h","","","","","","","Isolated letter sound","","","","/english/media/h-sound.mp3","","existing_local_file","Existing short phoneme recording. Do not replace with the letter name or ordinary TTS. Registration is preserved."
"phoneme_reference","sound-r","","","","","","","Isolated letter sound","","","","/english/media/r-sound.mp3","","existing_local_file","Existing short phoneme recording. Do not replace with the letter name or ordinary TTS. Registration is preserved."
"phoneme_reference","sound-g","","","","","","","Isolated letter sound","","","","/english/media/g-sound.mp3","","existing_local_file","Existing short phoneme recording. Do not replace with the letter name or ordinary TTS. Registration is preserved."
"phoneme_reference","sound-d","","","","","","","Isolated letter sound","","","","/english/media/d-sound.mp3","","existing_local_file","Existing short phoneme recording. Do not replace with the letter name or ordinary TTS. Registration is preserved."
"phoneme_reference","sound-k","","","","","","","Isolated letter sound","","","","/english/media/k-sound.mp3","","existing_local_file","Existing short phoneme recording. Do not replace with the letter name or ordinary TTS. Registration is preserved."
"phoneme_reference","sound-o","","","","","","","Isolated letter sound","","","","/english/media/o-sound.mp3","","existing_local_file","Existing short phoneme recording. Do not replace with the letter name or ordinary TTS. Registration is preserved."
"phoneme_reference","sound-l","","","","","","","Isolated letter sound","","","","/english/media/l-sound.mp3","","existing_local_file","Existing short phoneme recording. Do not replace with the letter name or ordinary TTS. Registration is preserved."
"phoneme_reference","sound-f","","","","","","","Isolated letter sound","","","","/english/media/f-sound.mp3","","existing_local_file","Existing short phoneme recording. Do not replace with the letter name or ordinary TTS. Registration is preserved."
"phoneme_reference","sound-b","","","","","","","Isolated letter sound","","","","/english/media/b-sound.mp3","","existing_local_file","Existing short phoneme recording. Do not replace with the letter name or ordinary TTS. Registration is preserved."
"phoneme_reference","sound-u","","","","","","","Isolated letter sound","","","","/english/media/u-sound.mp3","","existing_local_file","Existing short phoneme recording. Do not replace with the letter name or ordinary TTS. Registration is preserved."
"phoneme_reference","sound-j","","","","","","","Isolated letter sound","","","","/english/media/j-sound.mp3","","existing_local_file","Existing short phoneme recording. Do not replace with the letter name or ordinary TTS. Registration is preserved."
"phoneme_reference","sound-w","","","","","","","Isolated letter sound","","","","/english/media/w-sound.mp3","","existing_local_file","Existing short phoneme recording. Do not replace with the letter name or ordinary TTS. Registration is preserved."
"phoneme_reference","sound-v","","","","","","","Isolated letter sound","","","","/english/media/v-sound.mp3","","existing_local_file","Existing short phoneme recording. Do not replace with the letter name or ordinary TTS. Registration is preserved."
"phoneme_reference","sound-y","","","","","","","Isolated letter sound","","","","/english/media/y-sound.mp3","","existing_local_file","Existing short phoneme recording. Do not replace with the letter name or ordinary TTS. Registration is preserved."
"phoneme_reference","sound-z","","","","","","","Isolated letter sound","","","","/english/media/z-sound.mp3","","existing_local_file","Existing short phoneme recording. Do not replace with the letter name or ordinary TTS. Registration is preserved."
"legacy_audio_reference","paper-watch","","","","","","","Original four-lesson package reference","Watch.","","","https://aptyread-cdn.b-cdn.net/english/level1/audio/shared/watch-v1.mp3","","existing_registration","Unchanged registration inventory, not a new recording order or an audit of every current legacy screen. Remote availability and recording/script agreement are not checked by this exporter."
"legacy_audio_reference","practice-watch","","","","","","","Original four-lesson package reference","Watch.","","","https://aptyread-cdn.b-cdn.net/english/level1/audio/shared/watch-v1.mp3","","existing_registration","Unchanged registration inventory, not a new recording order or an audit of every current legacy screen. Remote availability and recording/script agreement are not checked by this exporter."
"legacy_audio_reference","paper-watch-again","","","","","","","Original four-lesson package reference","Watch again.","","","https://aptyread-cdn.b-cdn.net/english/level1/audio/shared/watch-again-v1.mp3","","existing_registration","Unchanged registration inventory, not a new recording order or an audit of every current legacy screen. Remote availability and recording/script agreement are not checked by this exporter."
"legacy_audio_reference","practice-watch-again","","","","","","","Original four-lesson package reference","Watch again.","","","https://aptyread-cdn.b-cdn.net/english/level1/audio/shared/watch-again-v1.mp3","","existing_registration","Unchanged registration inventory, not a new recording order or an audit of every current legacy screen. Remote availability and recording/script agreement are not checked by this exporter."
"legacy_audio_reference","link-listen","","","","","","","Original four-lesson package reference","Listen.","","","https://aptyread-cdn.b-cdn.net/english/level1/audio/shared/listen-v1.mp3","","existing_registration","Unchanged registration inventory, not a new recording order or an audit of every current legacy screen. Remote availability and recording/script agreement are not checked by this exporter."
"legacy_audio_reference","practice-listen","","","","","","","Original four-lesson package reference","Listen.","","","https://aptyread-cdn.b-cdn.net/english/level1/audio/shared/listen-v1.mp3","","existing_registration","Unchanged registration inventory, not a new recording order or an audit of every current legacy screen. Remote availability and recording/script agreement are not checked by this exporter."
"legacy_audio_reference","practice-now-try","","","","","","","Original four-lesson package reference","Now you try.","","","https://aptyread-cdn.b-cdn.net/english/level1/audio/shared/now-you-try-v1.mp3","","existing_registration","Unchanged registration inventory, not a new recording order or an audit of every current legacy screen. Remote availability and recording/script agreement are not checked by this exporter."
"legacy_audio_reference","link-your-turn","","","","","","","Original four-lesson package reference","Your turn.","","","https://aptyread-cdn.b-cdn.net/english/level1/audio/shared/your-turn-v1.mp3","","existing_registration","Unchanged registration inventory, not a new recording order or an audit of every current legacy screen. Remote availability and recording/script agreement are not checked by this exporter."
"legacy_audio_reference","practice-your-turn","","","","","","","Original four-lesson package reference","Your turn.","","","https://aptyread-cdn.b-cdn.net/english/level1/audio/shared/your-turn-v1.mp3","","existing_registration","Unchanged registration inventory, not a new recording order or an audit of every current legacy screen. Remote availability and recording/script agreement are not checked by this exporter."
"legacy_audio_reference","link-find","","","","","","","Original four-lesson package reference","Listen. Find it.","","","https://aptyread-cdn.b-cdn.net/english/level1/audio/shared/listen-find-it-v1.mp3","","existing_registration","Unchanged registration inventory, not a new recording order or an audit of every current legacy screen. Remote availability and recording/script agreement are not checked by this exporter."
"legacy_audio_reference","link-find-it","","","","","","","Original four-lesson package reference","Find it.","","","https://aptyread-cdn.b-cdn.net/english/level1/audio/shared/find-it-v1.mp3","","existing_registration","Unchanged registration inventory, not a new recording order or an audit of every current legacy screen. Remote availability and recording/script agreement are not checked by this exporter."
"legacy_audio_reference","link-touch","","","","","","","Original four-lesson package reference","Tap and say.","","","","","no_current_registration","Unchanged registration inventory, not a new recording order or an audit of every current legacy screen. Remote availability and recording/script agreement are not checked by this exporter."
"legacy_audio_reference","link-retry","","","","","","","Original four-lesson package reference","Listen again.","","","https://aptyread-cdn.b-cdn.net/english/level1/audio/shared/listen-again-v1.mp3","","existing_registration","Unchanged registration inventory, not a new recording order or an audit of every current legacy screen. Remote availability and recording/script agreement are not checked by this exporter."
"legacy_audio_reference","link-help","","","","","","","Original four-lesson package reference","Let’s listen together.","","","https://aptyread-cdn.b-cdn.net/english/level1/audio/shared/lets-listen-together-v1.mp3","","existing_registration","Unchanged registration inventory, not a new recording order or an audit of every current legacy screen. Remote availability and recording/script agreement are not checked by this exporter."
"legacy_audio_reference","meaning-correct","","","","","","","Original four-lesson package reference","You found it!","","","https://aptyread-cdn.b-cdn.net/english/level1/audio/shared/you-found-it-v1.mp3","","existing_registration","Unchanged registration inventory, not a new recording order or an audit of every current legacy screen. Remote availability and recording/script agreement are not checked by this exporter."
"legacy_audio_reference","meaning-retry","","","","","","","Original four-lesson package reference","Who sat down?","","","https://aptyread-cdn.b-cdn.net/english/level1/audio/lesson1/who-sat-down-v1.mp3","","existing_registration","Unchanged registration inventory, not a new recording order or an audit of every current legacy screen. Remote availability and recording/script agreement are not checked by this exporter."
"legacy_audio_reference","review-retry","","","","","","","Original four-lesson package reference","Try again.","","","","","no_current_registration","Unchanged registration inventory, not a new recording order or an audit of every current legacy screen. Remote availability and recording/script agreement are not checked by this exporter."
"legacy_audio_reference","review-correct-at","","","","","","","Original four-lesson package reference","You found at!","","","","","no_current_registration","Unchanged registration inventory, not a new recording order or an audit of every current legacy screen. Remote availability and recording/script agreement are not checked by this exporter."
"legacy_audio_reference","review-correct-sat","","","","","","","Original four-lesson package reference","You found sat!","","","","","no_current_registration","Unchanged registration inventory, not a new recording order or an audit of every current legacy screen. Remote availability and recording/script agreement are not checked by this exporter."
"legacy_audio_reference","build-intro-at","","","","","","","Original four-lesson package reference","Let’s make a word.","","","","","no_current_registration","Unchanged registration inventory, not a new recording order or an audit of every current legacy screen. Remote availability and recording/script agreement are not checked by this exporter."
"legacy_audio_reference","build-intro-sat","","","","","","","Original four-lesson package reference","Let’s make a word.","","","","","no_current_registration","Unchanged registration inventory, not a new recording order or an audit of every current legacy screen. Remote availability and recording/script agreement are not checked by this exporter."
"legacy_audio_reference","build-tap","","","","","","","Original four-lesson package reference","Now tap","","","https://aptyread-cdn.b-cdn.net/english/level1/audio/shared/now-tap-v1.mp3","","existing_registration","Unchanged registration inventory, not a new recording order or an audit of every current legacy screen. Remote availability and recording/script agreement are not checked by this exporter."
"legacy_audio_reference","build-next-tap","","","","","","","Original four-lesson package reference","Now tap","","","https://aptyread-cdn.b-cdn.net/english/level1/audio/shared/now-tap-v1.mp3","","existing_registration","Unchanged registration inventory, not a new recording order or an audit of every current legacy screen. Remote availability and recording/script agreement are not checked by this exporter."
"legacy_audio_reference","build-ready","","","","","","","Original four-lesson package reference","Put the sounds together.","","","https://aptyread-cdn.b-cdn.net/english/level1/audio/shared/put-the-sounds-together-v1.mp3","","existing_registration","Unchanged registration inventory, not a new recording order or an audit of every current legacy screen. Remote availability and recording/script agreement are not checked by this exporter."
"legacy_audio_reference","word-at","","","","","","","Original four-lesson package reference","at","","","https://aptyread-cdn.b-cdn.net/english/level1/audio/lesson1/word-at-v1.mp3","","existing_registration","Unchanged registration inventory, not a new recording order or an audit of every current legacy screen. Remote availability and recording/script agreement are not checked by this exporter."
"legacy_audio_reference","word-sat","","","","","","","Original four-lesson package reference","sat","","","https://aptyread-cdn.b-cdn.net/english/level1/audio/lesson1/word-sat-v1.mp3","","existing_registration","Unchanged registration inventory, not a new recording order or an audit of every current legacy screen. Remote availability and recording/script agreement are not checked by this exporter."
"legacy_audio_reference","say-at","","","","","","","Original four-lesson package reference","Say at.","","","https://aptyread-cdn.b-cdn.net/english/level1/audio/lesson1/say-at-v1.mp3","","existing_registration","Unchanged registration inventory, not a new recording order or an audit of every current legacy screen. Remote availability and recording/script agreement are not checked by this exporter."
"legacy_audio_reference","say-sat","","","","","","","Original four-lesson package reference","Say sat.","","","https://aptyread-cdn.b-cdn.net/english/level1/audio/lesson1/say-sat-v1.mp3","","existing_registration","Unchanged registration inventory, not a new recording order or an audit of every current legacy screen. Remote availability and recording/script agreement are not checked by this exporter."
"legacy_audio_reference","say-again-at","","","","","","","Original four-lesson package reference","Say at again.","","","","","no_current_registration","Unchanged registration inventory, not a new recording order or an audit of every current legacy screen. Remote availability and recording/script agreement are not checked by this exporter."
"legacy_audio_reference","say-again-sat","","","","","","","Original four-lesson package reference","Say sat again.","","","","","no_current_registration","Unchanged registration inventory, not a new recording order or an audit of every current legacy screen. Remote availability and recording/script agreement are not checked by this exporter."
"legacy_audio_reference","read-done-sat","","","","","","","Original four-lesson package reference","Let’s see what it means.","","","https://aptyread-cdn.b-cdn.net/english/level1/audio/shared/lets-see-what-it-means-v1.mp3","","existing_registration","Unchanged registration inventory, not a new recording order or an audit of every current legacy screen. Remote availability and recording/script agreement are not checked by this exporter."
"legacy_audio_reference","read-done-at","","","","","","","Original four-lesson package reference","Let’s see what it means.","","","https://aptyread-cdn.b-cdn.net/english/level1/audio/shared/lets-see-what-it-means-v1.mp3","","existing_registration","Unchanged registration inventory, not a new recording order or an audit of every current legacy screen. Remote availability and recording/script agreement are not checked by this exporter."
"legacy_audio_reference","story-at","","","","","","","Original four-lesson package reference","Sam is at the door.","","","","","no_current_registration","Unchanged registration inventory, not a new recording order or an audit of every current legacy screen. Remote availability and recording/script agreement are not checked by this exporter."
"legacy_audio_reference","story-sat","","","","","","","Original four-lesson package reference","Sam sat on the mat.","","","https://aptyread-cdn.b-cdn.net/english/level1/audio/lesson1/story-sat-v1.mp3","","existing_registration","Unchanged registration inventory, not a new recording order or an audit of every current legacy screen. Remote availability and recording/script agreement are not checked by this exporter."
"legacy_audio_reference","question-mat","","","","","","","Original four-lesson package reference","Sam sat on the mat. Tap the picture.","","","https://aptyread-cdn.b-cdn.net/english/level1/audio/lesson1/question-mat-v1.mp3","","existing_registration","Unchanged registration inventory, not a new recording order or an audit of every current legacy screen. Remote availability and recording/script agreement are not checked by this exporter."
"legacy_audio_reference","question-bench","","","","","","","Original four-lesson package reference","Sam sat on the bench. Tap the picture.","","","https://aptyread-cdn.b-cdn.net/english/level1/audio/lesson1/question-bench-v1.mp3","","existing_registration","Unchanged registration inventory, not a new recording order or an audit of every current legacy screen. Remote availability and recording/script agreement are not checked by this exporter."
"legacy_audio_reference","celebrate-at","","","","","","","Original four-lesson package reference","You made at. Well done!","","","https://aptyread-cdn.b-cdn.net/english/level1/audio/lesson1/you-made-at-v1.mp3","","existing_registration","Unchanged registration inventory, not a new recording order or an audit of every current legacy screen. Remote availability and recording/script agreement are not checked by this exporter."
"legacy_audio_reference","celebrate-sat","","","","","","","Original four-lesson package reference","You made sat. Well done!","","","https://aptyread-cdn.b-cdn.net/english/level1/audio/lesson1/you-made-sat-v1.mp3","","existing_registration","Unchanged registration inventory, not a new recording order or an audit of every current legacy screen. Remote availability and recording/script agreement are not checked by this exporter."
"legacy_audio_reference","review-intro","","","","","","","Original four-lesson package reference","Let’s play with our first words.","","","","","no_current_registration","Unchanged registration inventory, not a new recording order or an audit of every current legacy screen. Remote availability and recording/script agreement are not checked by this exporter."
"legacy_audio_reference","review-listen","","","","","","","Original four-lesson package reference","Tap a word.","","","","","no_current_registration","Unchanged registration inventory, not a new recording order or an audit of every current legacy screen. Remote availability and recording/script agreement are not checked by this exporter."
"legacy_audio_reference","review-find-at","","","","","","","Original four-lesson package reference","Sam is at the door. Find at.","","","","","no_current_registration","Unchanged registration inventory, not a new recording order or an audit of every current legacy screen. Remote availability and recording/script agreement are not checked by this exporter."
"legacy_audio_reference","review-find-sat","","","","","","","Original four-lesson package reference","Sam sat on the mat. Find sat.","","","","","no_current_registration","Unchanged registration inventory, not a new recording order or an audit of every current legacy screen. Remote availability and recording/script agreement are not checked by this exporter."
"legacy_audio_reference","review-read","","","","","","","Original four-lesson package reference","Your turn to read.","","","","","no_current_registration","Unchanged registration inventory, not a new recording order or an audit of every current legacy screen. Remote availability and recording/script agreement are not checked by this exporter."
"legacy_audio_reference","review-read-next","","","","","","","Original four-lesson package reference","Read this word.","","","","","no_current_registration","Unchanged registration inventory, not a new recording order or an audit of every current legacy screen. Remote availability and recording/script agreement are not checked by this exporter."
"legacy_audio_reference","review-finish","","","","","","","Original four-lesson package reference","Two words. Well done!","","","","","no_current_registration","Unchanged registration inventory, not a new recording order or an audit of every current legacy screen. Remote availability and recording/script agreement are not checked by this exporter."
"legacy_audio_reference","cases-big-s","","","","","","","Original four-lesson package reference","Find big S.","","","https://aptyread-cdn.b-cdn.net/english/level1/audio/letters/cases-find-big-s-v1.mp3","","existing_registration","Unchanged registration inventory, not a new recording order or an audit of every current legacy screen. Remote availability and recording/script agreement are not checked by this exporter."
"legacy_audio_reference","cases-small-s","","","","","","","Original four-lesson package reference","Find small s.","","","https://aptyread-cdn.b-cdn.net/english/level1/audio/letters/cases-find-small-s-v1.mp3","","existing_registration","Unchanged registration inventory, not a new recording order or an audit of every current legacy screen. Remote availability and recording/script agreement are not checked by this exporter."
"legacy_audio_reference","cases-big-a","","","","","","","Original four-lesson package reference","Find big A.","","","https://aptyread-cdn.b-cdn.net/english/level1/audio/letters/cases-find-big-a-v1.mp3","","existing_registration","Unchanged registration inventory, not a new recording order or an audit of every current legacy screen. Remote availability and recording/script agreement are not checked by this exporter."
"legacy_audio_reference","cases-small-a","","","","","","","Original four-lesson package reference","Find small a.","","","https://aptyread-cdn.b-cdn.net/english/level1/audio/letters/cases-find-small-a-v1.mp3","","existing_registration","Unchanged registration inventory, not a new recording order or an audit of every current legacy screen. Remote availability and recording/script agreement are not checked by this exporter."
"legacy_audio_reference","cases-big-t","","","","","","","Original four-lesson package reference","Find big T.","","","https://aptyread-cdn.b-cdn.net/english/level1/audio/letters/cases-find-big-t-v1.mp3","","existing_registration","Unchanged registration inventory, not a new recording order or an audit of every current legacy screen. Remote availability and recording/script agreement are not checked by this exporter."
"legacy_audio_reference","cases-small-t","","","","","","","Original four-lesson package reference","Find small t.","","","https://aptyread-cdn.b-cdn.net/english/level1/audio/letters/cases-find-small-t-v1.mp3","","existing_registration","Unchanged registration inventory, not a new recording order or an audit of every current legacy screen. Remote availability and recording/script agreement are not checked by this exporter."
"legacy_audio_reference","cases-same-sound","","","","","","","Original four-lesson package reference","Same letter. Same sound.","","","","","no_current_registration","Unchanged registration inventory, not a new recording order or an audit of every current legacy screen. Remote availability and recording/script agreement are not checked by this exporter."
"legacy_audio_reference","instruction-write-s-capital","","","","","","","Original four-lesson package reference","","","","https://aptyread-cdn.b-cdn.net/english/level1/audio/writing/trace-big-s-v1.mp3","","existing_registration","Unchanged registration inventory, not a new recording order or an audit of every current legacy screen. Remote availability and recording/script agreement are not checked by this exporter."
"legacy_audio_reference","instruction-write-s-lowercase","","","","","","","Original four-lesson package reference","","","","https://aptyread-cdn.b-cdn.net/english/level1/audio/writing/trace-small-s-v1.mp3","","existing_registration","Unchanged registration inventory, not a new recording order or an audit of every current legacy screen. Remote availability and recording/script agreement are not checked by this exporter."
"legacy_audio_reference","instruction-write-a-capital","","","","","","","Original four-lesson package reference","","","","https://aptyread-cdn.b-cdn.net/english/level1/audio/writing/trace-big-a-v1.mp3","","existing_registration","Unchanged registration inventory, not a new recording order or an audit of every current legacy screen. Remote availability and recording/script agreement are not checked by this exporter."
"legacy_audio_reference","instruction-write-a-lowercase","","","","","","","Original four-lesson package reference","","","","https://aptyread-cdn.b-cdn.net/english/level1/audio/writing/trace-small-a-v1.mp3","","existing_registration","Unchanged registration inventory, not a new recording order or an audit of every current legacy screen. Remote availability and recording/script agreement are not checked by this exporter."
"legacy_audio_reference","instruction-write-t-capital","","","","","","","Original four-lesson package reference","","","","https://aptyread-cdn.b-cdn.net/english/level1/audio/writing/trace-big-t-v1.mp3","","existing_registration","Unchanged registration inventory, not a new recording order or an audit of every current legacy screen. Remote availability and recording/script agreement are not checked by this exporter."
"legacy_audio_reference","instruction-write-t-lowercase","","","","","","","Original four-lesson package reference","","","","https://aptyread-cdn.b-cdn.net/english/level1/audio/writing/trace-small-t-v1.mp3","","existing_registration","Unchanged registration inventory, not a new recording order or an audit of every current legacy screen. Remote availability and recording/script agreement are not checked by this exporter."
"legacy_audio_reference","paper-write-big-s","","","","","","","Original four-lesson package reference","Write big S.","","","","","no_current_registration","Unchanged registration inventory, not a new recording order or an audit of every current legacy screen. Remote availability and recording/script agreement are not checked by this exporter."
"legacy_audio_reference","paper-write-small-s","","","","","","","Original four-lesson package reference","Write small s.","","","","","no_current_registration","Unchanged registration inventory, not a new recording order or an audit of every current legacy screen. Remote availability and recording/script agreement are not checked by this exporter."
"legacy_audio_reference","paper-write-big-a","","","","","","","Original four-lesson package reference","Write big A.","","","","","no_current_registration","Unchanged registration inventory, not a new recording order or an audit of every current legacy screen. Remote availability and recording/script agreement are not checked by this exporter."
"legacy_audio_reference","paper-write-small-a","","","","","","","Original four-lesson package reference","Write small a.","","","","","no_current_registration","Unchanged registration inventory, not a new recording order or an audit of every current legacy screen. Remote availability and recording/script agreement are not checked by this exporter."
"legacy_audio_reference","paper-write-big-t","","","","","","","Original four-lesson package reference","Write big T.","","","","","no_current_registration","Unchanged registration inventory, not a new recording order or an audit of every current legacy screen. Remote availability and recording/script agreement are not checked by this exporter."
"legacy_audio_reference","paper-write-small-t","","","","","","","Original four-lesson package reference","Write small t.","","","","","no_current_registration","Unchanged registration inventory, not a new recording order or an audit of every current legacy screen. Remote availability and recording/script agreement are not checked by this exporter."
"legacy_audio_reference","paper-one-more","","","","","","","Original four-lesson package reference","Let’s try one more.","","","","","no_current_registration","Unchanged registration inventory, not a new recording order or an audit of every current legacy screen. Remote availability and recording/script agreement are not checked by this exporter."
"legacy_audio_reference","paper-own-turn","","","","","","","Original four-lesson package reference","Try one on your own.","","","","","no_current_registration","Unchanged registration inventory, not a new recording order or an audit of every current legacy screen. Remote availability and recording/script agreement are not checked by this exporter."
"handwriting_video_reference","handwriting.S.video","","","","","","","Writing S: optional real-hand model","","","","https://aptyread-cdn.b-cdn.net/english/level1/videos/letter-writing-video-clips/draw-big-s.mp4","/english/media/write-big-s-v1.webp","connected","HEAD verified 2026-09-30: video/mp4, 121889 bytes. Watching does not record a writing try."
"handwriting_audio","handwriting.S.trace.directions","","","","","","","Formation S, trace instructions","Watch the dot.","script-a8b4e90877f0","","","","recording_needed",""
"handwriting_audio","handwriting.S.video.directions","","","","","","","Formation S, video instructions","Watch the hand.","script-fb1558bfafdb","","","","recording_needed",""
"handwriting_audio","handwriting.S.paper.directions","","","","","","","Formation S, paper instructions","Try writing on paper.","script-bc57b16b4eb4","","","","recording_needed",""
"handwriting_audio","handwriting.S.stroke.1","","","","","","","Formation S, stroke 1","Curve round, back, and round.","script-8dc5f7931084","","","","recording_needed","Device narration follows the authored animation; each new stroke includes a lift cue."
"handwriting_video_reference","handwriting.s.video","","","","","","","Writing s: optional real-hand model","","","","https://aptyread-cdn.b-cdn.net/english/level1/videos/letter-writing-video-clips/draw-small-s.mp4","/english/media/write-small-s-v1.webp","connected","HEAD verified 2026-09-30: video/mp4, 114153 bytes. Watching does not record a writing try."
"handwriting_audio","handwriting.s.trace.directions","","","","","","","Formation s, trace instructions","Watch the dot.","script-a8b4e90877f0","","","","recording_needed",""
"handwriting_audio","handwriting.s.video.directions","","","","","","","Formation s, video instructions","Watch the hand.","script-fb1558bfafdb","","","","recording_needed",""
"handwriting_audio","handwriting.s.paper.directions","","","","","","","Formation s, paper instructions","Try writing on paper.","script-bc57b16b4eb4","","","","recording_needed",""
"handwriting_audio","handwriting.s.stroke.1","","","","","","","Formation s, stroke 1","Curve round, back, and round.","script-8dc5f7931084","","","","recording_needed","Device narration follows the authored animation; each new stroke includes a lift cue."
"handwriting_video_reference","handwriting.A.video","","","","","","","Writing A: optional real-hand model","","","","https://aptyread-cdn.b-cdn.net/english/level1/videos/letter-writing-video-clips/draw-big-a.mp4","/english/media/write-big-a-v1.webp","connected","HEAD verified 2026-09-30: video/mp4, 136303 bytes. Watching does not record a writing try."
"handwriting_audio","handwriting.A.trace.directions","","","","","","","Formation A, trace instructions","Watch the dot.","script-a8b4e90877f0","","","","recording_needed",""
"handwriting_audio","handwriting.A.video.directions","","","","","","","Formation A, video instructions","Watch the hand.","script-fb1558bfafdb","","","","recording_needed",""
"handwriting_audio","handwriting.A.paper.directions","","","","","","","Formation A, paper instructions","Try writing on paper.","script-bc57b16b4eb4","","","","recording_needed",""
"handwriting_audio","handwriting.A.stroke.1","","","","","","","Formation A, stroke 1","Slant down to the left.","script-fdc847dd62c1","","","","recording_needed","Device narration follows the authored animation; each new stroke includes a lift cue."
"handwriting_audio","handwriting.A.stroke.2","","","","","","","Formation A, stroke 2","Lift. Slant down to the right.","script-16111fb6dfc8","","","","recording_needed","Device narration follows the authored animation; each new stroke includes a lift cue."
"handwriting_audio","handwriting.A.stroke.3","","","","","","","Formation A, stroke 3","Lift. Go across to the right.","script-cc18fceba6f7","","","","recording_needed","Device narration follows the authored animation; each new stroke includes a lift cue."
"handwriting_video_reference","handwriting.a.video","","","","","","","Writing a: optional real-hand model","","","","https://aptyread-cdn.b-cdn.net/english/level1/videos/letter-writing-video-clips/draw-small-a.mp4","/english/media/write-small-a-v1.webp","connected","HEAD verified 2026-09-30: video/mp4, 102472 bytes. Watching does not record a writing try."
"handwriting_audio","handwriting.a.trace.directions","","","","","","","Formation a, trace instructions","Watch the dot.","script-a8b4e90877f0","","","","recording_needed",""
"handwriting_audio","handwriting.a.video.directions","","","","","","","Formation a, video instructions","Watch the hand.","script-fb1558bfafdb","","","","recording_needed",""
"handwriting_audio","handwriting.a.paper.directions","","","","","","","Formation a, paper instructions","Try writing on paper.","script-bc57b16b4eb4","","","","recording_needed",""
"handwriting_audio","handwriting.a.stroke.1","","","","","","","Formation a, stroke 1","Go round to the left and back up.","script-70b5718dfd70","","","","recording_needed","Device narration follows the authored animation; each new stroke includes a lift cue."
"handwriting_audio","handwriting.a.stroke.2","","","","","","","Formation a, stroke 2","Lift. Go down.","script-0a6d30d3e727","","","","recording_needed","Device narration follows the authored animation; each new stroke includes a lift cue."
"handwriting_video_reference","handwriting.T.video","","","","","","","Writing T: optional real-hand model","","","","https://aptyread-cdn.b-cdn.net/english/level1/videos/letter-writing-video-clips/draw-big-t.mp4","/english/media/write-big-t-v1.webp","connected","HEAD verified 2026-09-30: video/mp4, 94821 bytes. Watching does not record a writing try."
"handwriting_audio","handwriting.T.trace.directions","","","","","","","Formation T, trace instructions","Watch the dot.","script-a8b4e90877f0","","","","recording_needed",""
"handwriting_audio","handwriting.T.video.directions","","","","","","","Formation T, video instructions","Watch the hand.","script-fb1558bfafdb","","","","recording_needed",""
"handwriting_audio","handwriting.T.paper.directions","","","","","","","Formation T, paper instructions","Try writing on paper.","script-bc57b16b4eb4","","","","recording_needed",""
"handwriting_audio","handwriting.T.stroke.1","","","","","","","Formation T, stroke 1","Go across to the right.","script-5962218e7aa4","","","","recording_needed","Device narration follows the authored animation; each new stroke includes a lift cue."
"handwriting_audio","handwriting.T.stroke.2","","","","","","","Formation T, stroke 2","Lift. Go down.","script-0a6d30d3e727","","","","recording_needed","Device narration follows the authored animation; each new stroke includes a lift cue."
"handwriting_video_reference","handwriting.t.video","","","","","","","Writing t: optional real-hand model","","","","https://aptyread-cdn.b-cdn.net/english/level1/videos/letter-writing-video-clips/draw-small-t.mp4","/english/media/write-small-t-v1.webp","connected","HEAD verified 2026-09-30: video/mp4, 92943 bytes. Watching does not record a writing try."
"handwriting_audio","handwriting.t.trace.directions","","","","","","","Formation t, trace instructions","Watch the dot.","script-a8b4e90877f0","","","","recording_needed",""
"handwriting_audio","handwriting.t.video.directions","","","","","","","Formation t, video instructions","Watch the hand.","script-fb1558bfafdb","","","","recording_needed",""
"handwriting_audio","handwriting.t.paper.directions","","","","","","","Formation t, paper instructions","Try writing on paper.","script-bc57b16b4eb4","","","","recording_needed",""
"handwriting_audio","handwriting.t.stroke.1","","","","","","","Formation t, stroke 1","Go down.","script-d1406a0d578a","","","","recording_needed","Device narration follows the authored animation; each new stroke includes a lift cue."
"handwriting_audio","handwriting.t.stroke.2","","","","","","","Formation t, stroke 2","Lift. Go across to the right.","script-cc18fceba6f7","","","","recording_needed","Device narration follows the authored animation; each new stroke includes a lift cue."
"handwriting_video_reference","handwriting.P.video","","","","","","","Writing P: optional real-hand model","","","","https://aptyread-cdn.b-cdn.net/english/level1/videos/letter-writing-video-clips/draw-big-p.mp4","/english/media/write-big-p-v1.webp","connected","HEAD verified 2026-09-30: video/mp4, 127408 bytes. Watching does not record a writing try."
"handwriting_audio","handwriting.P.trace.directions","","","","","","","Formation P, trace instructions","Watch the dot.","script-a8b4e90877f0","","","","recording_needed",""
"handwriting_audio","handwriting.P.video.directions","","","","","","","Formation P, video instructions","Watch the hand.","script-fb1558bfafdb","","","","recording_needed",""
"handwriting_audio","handwriting.P.paper.directions","","","","","","","Formation P, paper instructions","Try writing on paper.","script-bc57b16b4eb4","","","","recording_needed",""
"handwriting_audio","handwriting.P.stroke.1","","","","","","","Formation P, stroke 1","Go down.","script-d1406a0d578a","","","","recording_needed","Device narration follows the authored animation; each new stroke includes a lift cue."
"handwriting_audio","handwriting.P.stroke.2","","","","","","","Formation P, stroke 2","Lift. Go across, round, and back.","script-65366fa1568d","","","","recording_needed","Device narration follows the authored animation; each new stroke includes a lift cue."
"handwriting_video_reference","handwriting.p.video","","","","","","","Writing p: optional real-hand model","","","","https://aptyread-cdn.b-cdn.net/english/level1/videos/letter-writing-video-clips/draw-small-p.mp4","/english/media/write-small-p-v1.webp","connected","HEAD verified 2026-09-30: video/mp4, 113726 bytes. Watching does not record a writing try."
"handwriting_audio","handwriting.p.trace.directions","","","","","","","Formation p, trace instructions","Watch the dot.","script-a8b4e90877f0","","","","recording_needed",""
"handwriting_audio","handwriting.p.video.directions","","","","","","","Formation p, video instructions","Watch the hand.","script-fb1558bfafdb","","","","recording_needed",""
"handwriting_audio","handwriting.p.paper.directions","","","","","","","Formation p, paper instructions","Try writing on paper.","script-bc57b16b4eb4","","","","recording_needed",""
"handwriting_audio","handwriting.p.stroke.1","","","","","","","Formation p, stroke 1","Go down below the line.","script-e3aaead3d7ca","","","","recording_needed","Device narration follows the authored animation; each new stroke includes a lift cue."
"handwriting_audio","handwriting.p.stroke.2","","","","","","","Formation p, stroke 2","Lift. Go up and round to the right.","script-0cedc9355ab4","","","","recording_needed","Device narration follows the authored animation; each new stroke includes a lift cue."
"handwriting_video_reference","handwriting.I.video","","","","","","","Writing I: optional real-hand model","","","","https://aptyread-cdn.b-cdn.net/english/level1/videos/letter-writing-video-clips/draw-big-i.mp4","/english/media/write-big-i-v1.webp","connected","HEAD verified 2026-09-30: video/mp4, 110826 bytes. Watching does not record a writing try."
"handwriting_audio","handwriting.I.trace.directions","","","","","","","Formation I, trace instructions","Watch the dot.","script-a8b4e90877f0","","","","recording_needed",""
"handwriting_audio","handwriting.I.video.directions","","","","","","","Formation I, video instructions","Watch the hand.","script-fb1558bfafdb","","","","recording_needed",""
"handwriting_audio","handwriting.I.paper.directions","","","","","","","Formation I, paper instructions","Try writing on paper.","script-bc57b16b4eb4","","","","recording_needed",""
"handwriting_audio","handwriting.I.stroke.1","","","","","","","Formation I, stroke 1","Go across to the right.","script-5962218e7aa4","","","","recording_needed","Device narration follows the authored animation; each new stroke includes a lift cue."
"handwriting_audio","handwriting.I.stroke.2","","","","","","","Formation I, stroke 2","Lift. Go down.","script-0a6d30d3e727","","","","recording_needed","Device narration follows the authored animation; each new stroke includes a lift cue."
"handwriting_audio","handwriting.I.stroke.3","","","","","","","Formation I, stroke 3","Lift. Go across to the right.","script-cc18fceba6f7","","","","recording_needed","Device narration follows the authored animation; each new stroke includes a lift cue."
"handwriting_video_reference","handwriting.i.video","","","","","","","Writing i: optional real-hand model","","","","https://aptyread-cdn.b-cdn.net/english/level1/videos/letter-writing-video-clips/draw-small-i.mp4","/english/media/write-small-i-v1.webp","connected","HEAD verified 2026-09-30: video/mp4, 95555 bytes. Watching does not record a writing try."
"handwriting_audio","handwriting.i.trace.directions","","","","","","","Formation i, trace instructions","Watch the dot.","script-a8b4e90877f0","","","","recording_needed",""
"handwriting_audio","handwriting.i.video.directions","","","","","","","Formation i, video instructions","Watch the hand.","script-fb1558bfafdb","","","","recording_needed",""
"handwriting_audio","handwriting.i.paper.directions","","","","","","","Formation i, paper instructions","Try writing on paper.","script-bc57b16b4eb4","","","","recording_needed",""
"handwriting_audio","handwriting.i.stroke.1","","","","","","","Formation i, stroke 1","Go down.","script-d1406a0d578a","","","","recording_needed","Device narration follows the authored animation; each new stroke includes a lift cue."
"handwriting_audio","handwriting.i.stroke.2","","","","","","","Formation i, stroke 2","Lift. Make a dot.","script-a90dfbc0bce0","","","","recording_needed","Device narration follows the authored animation; each new stroke includes a lift cue."
"handwriting_video_reference","handwriting.N.video","","","","","","","Writing N: optional real-hand model","","","","https://aptyread-cdn.b-cdn.net/english/level1/videos/letter-writing-video-clips/draw-big-n.mp4","/english/media/write-big-n-v1.webp","connected","HEAD verified 2026-09-30: video/mp4, 149576 bytes. Watching does not record a writing try."
"handwriting_audio","handwriting.N.trace.directions","","","","","","","Formation N, trace instructions","Watch the dot.","script-a8b4e90877f0","","","","recording_needed",""
"handwriting_audio","handwriting.N.video.directions","","","","","","","Formation N, video instructions","Watch the hand.","script-fb1558bfafdb","","","","recording_needed",""
"handwriting_audio","handwriting.N.paper.directions","","","","","","","Formation N, paper instructions","Try writing on paper.","script-bc57b16b4eb4","","","","recording_needed",""
"handwriting_audio","handwriting.N.stroke.1","","","","","","","Formation N, stroke 1","Go down.","script-d1406a0d578a","","","","recording_needed","Device narration follows the authored animation; each new stroke includes a lift cue."
"handwriting_audio","handwriting.N.stroke.2","","","","","","","Formation N, stroke 2","Lift. Go down.","script-0a6d30d3e727","","","","recording_needed","Device narration follows the authored animation; each new stroke includes a lift cue."
"handwriting_audio","handwriting.N.stroke.3","","","","","","","Formation N, stroke 3","Lift. Slant down to the right.","script-16111fb6dfc8","","","","recording_needed","Device narration follows the authored animation; each new stroke includes a lift cue."
"handwriting_video_reference","handwriting.n.video","","","","","","","Writing n: optional real-hand model","","","","https://aptyread-cdn.b-cdn.net/english/level1/videos/letter-writing-video-clips/draw-small-n.mp4","/english/media/write-small-n-v1.webp","connected","HEAD verified 2026-09-30: video/mp4, 101283 bytes. Watching does not record a writing try."
"handwriting_audio","handwriting.n.trace.directions","","","","","","","Formation n, trace instructions","Watch the dot.","script-a8b4e90877f0","","","","recording_needed",""
"handwriting_audio","handwriting.n.video.directions","","","","","","","Formation n, video instructions","Watch the hand.","script-fb1558bfafdb","","","","recording_needed",""
"handwriting_audio","handwriting.n.paper.directions","","","","","","","Formation n, paper instructions","Try writing on paper.","script-bc57b16b4eb4","","","","recording_needed",""
"handwriting_audio","handwriting.n.stroke.1","","","","","","","Formation n, stroke 1","Go down.","script-d1406a0d578a","","","","recording_needed","Device narration follows the authored animation; each new stroke includes a lift cue."
"handwriting_audio","handwriting.n.stroke.2","","","","","","","Formation n, stroke 2","Lift. Go back up, over, and down.","script-072144c6280d","","","","recording_needed","Device narration follows the authored animation; each new stroke includes a lift cue."
"handwriting_video_reference","handwriting.C.video","","","","","","","Writing C: optional real-hand model","","","","https://aptyread-cdn.b-cdn.net/english/level1/videos/letter-writing-video-clips/draw-big-c.mp4","","connected","HEAD verified 2026-09-30: video/mp4, 100745 bytes. Watching does not record a writing try."
"handwriting_audio","handwriting.C.trace.directions","","","","","","","Formation C, trace instructions","Watch the dot.","script-a8b4e90877f0","","","","recording_needed",""
"handwriting_audio","handwriting.C.video.directions","","","","","","","Formation C, video instructions","Watch the hand.","script-fb1558bfafdb","","","","recording_needed",""
"handwriting_audio","handwriting.C.paper.directions","","","","","","","Formation C, paper instructions","Try writing on paper.","script-bc57b16b4eb4","","","","recording_needed",""
"handwriting_audio","handwriting.C.stroke.1","","","","","","","Formation C, stroke 1","Curve round to the left and up.","script-ab18e1488039","","","","recording_needed","Device narration follows the authored animation; each new stroke includes a lift cue."
"handwriting_video_reference","handwriting.c.video","","","","","","","Writing c: optional real-hand model","","","","https://aptyread-cdn.b-cdn.net/english/level1/videos/letter-writing-video-clips/draw-small-c.mp4","","connected","HEAD verified 2026-09-30: video/mp4, 59405 bytes. Watching does not record a writing try."
"handwriting_audio","handwriting.c.trace.directions","","","","","","","Formation c, trace instructions","Watch the dot.","script-a8b4e90877f0","","","","recording_needed",""
"handwriting_audio","handwriting.c.video.directions","","","","","","","Formation c, video instructions","Watch the hand.","script-fb1558bfafdb","","","","recording_needed",""
"handwriting_audio","handwriting.c.paper.directions","","","","","","","Formation c, paper instructions","Try writing on paper.","script-bc57b16b4eb4","","","","recording_needed",""
"handwriting_audio","handwriting.c.stroke.1","","","","","","","Formation c, stroke 1","Curve round to the left and up.","script-ab18e1488039","","","","recording_needed","Device narration follows the authored animation; each new stroke includes a lift cue."
"handwriting_video_reference","handwriting.M.video","","","","","","","Writing M: optional real-hand model","","","","https://aptyread-cdn.b-cdn.net/english/level1/videos/letter-writing-video-clips/draw-big-m.mp4","","connected","HEAD verified 2026-09-30: video/mp4, 201764 bytes. Watching does not record a writing try."
"handwriting_audio","handwriting.M.trace.directions","","","","","","","Formation M, trace instructions","Watch the dot.","script-a8b4e90877f0","","","","recording_needed",""
"handwriting_audio","handwriting.M.video.directions","","","","","","","Formation M, video instructions","Watch the hand.","script-fb1558bfafdb","","","","recording_needed",""
"handwriting_audio","handwriting.M.paper.directions","","","","","","","Formation M, paper instructions","Try writing on paper.","script-bc57b16b4eb4","","","","recording_needed",""
"handwriting_audio","handwriting.M.stroke.1","","","","","","","Formation M, stroke 1","Go down.","script-d1406a0d578a","","","","recording_needed","Device narration follows the authored animation; each new stroke includes a lift cue."
"handwriting_audio","handwriting.M.stroke.2","","","","","","","Formation M, stroke 2","Lift. Slant down to the right.","script-16111fb6dfc8","","","","recording_needed","Device narration follows the authored animation; each new stroke includes a lift cue."
"handwriting_audio","handwriting.M.stroke.3","","","","","","","Formation M, stroke 3","Lift. Slant up to the right.","script-da5d4ae36fda","","","","recording_needed","Device narration follows the authored animation; each new stroke includes a lift cue."
"handwriting_audio","handwriting.M.stroke.4","","","","","","","Formation M, stroke 4","Lift. Go down.","script-0a6d30d3e727","","","","recording_needed","Device narration follows the authored animation; each new stroke includes a lift cue."
"handwriting_video_reference","handwriting.m.video","","","","","","","Writing m: optional real-hand model","","","","https://aptyread-cdn.b-cdn.net/english/level1/videos/letter-writing-video-clips/draw-small-m.mp4","","connected","HEAD verified 2026-09-30: video/mp4, 193313 bytes. Watching does not record a writing try."
"handwriting_audio","handwriting.m.trace.directions","","","","","","","Formation m, trace instructions","Watch the dot.","script-a8b4e90877f0","","","","recording_needed",""
"handwriting_audio","handwriting.m.video.directions","","","","","","","Formation m, video instructions","Watch the hand.","script-fb1558bfafdb","","","","recording_needed",""
"handwriting_audio","handwriting.m.paper.directions","","","","","","","Formation m, paper instructions","Try writing on paper.","script-bc57b16b4eb4","","","","recording_needed",""
"handwriting_audio","handwriting.m.stroke.1","","","","","","","Formation m, stroke 1","Go down.","script-d1406a0d578a","","","","recording_needed","Device narration follows the authored animation; each new stroke includes a lift cue."
"handwriting_audio","handwriting.m.stroke.2","","","","","","","Formation m, stroke 2","Lift. Curve up, over, and down.","script-669cf218c2ce","","","","recording_needed","Device narration follows the authored animation; each new stroke includes a lift cue."
"handwriting_audio","handwriting.m.stroke.3","","","","","","","Formation m, stroke 3","Lift. Curve up, over, and down.","script-669cf218c2ce","","","","recording_needed","Device narration follows the authored animation; each new stroke includes a lift cue."
"handwriting_video_reference","handwriting.E.video","","","","","","","Writing E: optional real-hand model","","","","https://aptyread-cdn.b-cdn.net/english/level1/videos/letter-writing-video-clips/draw-big-e.mp4","","connected","HEAD verified 2026-09-30: video/mp4, 149429 bytes. Watching does not record a writing try."
"handwriting_audio","handwriting.E.trace.directions","","","","","","","Formation E, trace instructions","Watch the dot.","script-a8b4e90877f0","","","","recording_needed",""
"handwriting_audio","handwriting.E.video.directions","","","","","","","Formation E, video instructions","Watch the hand.","script-fb1558bfafdb","","","","recording_needed",""
"handwriting_audio","handwriting.E.paper.directions","","","","","","","Formation E, paper instructions","Try writing on paper.","script-bc57b16b4eb4","","","","recording_needed",""
"handwriting_audio","handwriting.E.stroke.1","","","","","","","Formation E, stroke 1","Go down.","script-d1406a0d578a","","","","recording_needed","Device narration follows the authored animation; each new stroke includes a lift cue."
"handwriting_audio","handwriting.E.stroke.2","","","","","","","Formation E, stroke 2","Lift. Go across to the right.","script-cc18fceba6f7","","","","recording_needed","Device narration follows the authored animation; each new stroke includes a lift cue."
"handwriting_audio","handwriting.E.stroke.3","","","","","","","Formation E, stroke 3","Lift. Go across to the right.","script-cc18fceba6f7","","","","recording_needed","Device narration follows the authored animation; each new stroke includes a lift cue."
"handwriting_audio","handwriting.E.stroke.4","","","","","","","Formation E, stroke 4","Lift. Go across to the right.","script-cc18fceba6f7","","","","recording_needed","Device narration follows the authored animation; each new stroke includes a lift cue."
"handwriting_video_reference","handwriting.e.video","","","","","","","Writing e: optional real-hand model","","","","https://aptyread-cdn.b-cdn.net/english/level1/videos/letter-writing-video-clips/draw-small-e.mp4","","connected","HEAD verified 2026-09-30: video/mp4, 120800 bytes. Watching does not record a writing try."
"handwriting_audio","handwriting.e.trace.directions","","","","","","","Formation e, trace instructions","Watch the dot.","script-a8b4e90877f0","","","","recording_needed",""
"handwriting_audio","handwriting.e.video.directions","","","","","","","Formation e, video instructions","Watch the hand.","script-fb1558bfafdb","","","","recording_needed",""
"handwriting_audio","handwriting.e.paper.directions","","","","","","","Formation e, paper instructions","Try writing on paper.","script-bc57b16b4eb4","","","","recording_needed",""
"handwriting_audio","handwriting.e.stroke.1","","","","","","","Formation e, stroke 1","Go across, curve up and round.","script-9cd04c9de5f6","","","","recording_needed","Device narration follows the authored animation; each new stroke includes a lift cue."
"handwriting_video_reference","handwriting.H.video","","","","","","","Writing H: optional real-hand model","","","","https://aptyread-cdn.b-cdn.net/english/level1/videos/letter-writing-video-clips/draw-big-h.mp4","","connected","HEAD verified 2026-09-30: video/mp4, 119962 bytes. Watching does not record a writing try."
"handwriting_audio","handwriting.H.trace.directions","","","","","","","Formation H, trace instructions","Watch the dot.","script-a8b4e90877f0","","","","recording_needed",""
"handwriting_audio","handwriting.H.video.directions","","","","","","","Formation H, video instructions","Watch the hand.","script-fb1558bfafdb","","","","recording_needed",""
"handwriting_audio","handwriting.H.paper.directions","","","","","","","Formation H, paper instructions","Try writing on paper.","script-bc57b16b4eb4","","","","recording_needed",""
"handwriting_audio","handwriting.H.stroke.1","","","","","","","Formation H, stroke 1","Go down.","script-d1406a0d578a","","","","recording_needed","Device narration follows the authored animation; each new stroke includes a lift cue."
"handwriting_audio","handwriting.H.stroke.2","","","","","","","Formation H, stroke 2","Lift. Go down.","script-0a6d30d3e727","","","","recording_needed","Device narration follows the authored animation; each new stroke includes a lift cue."
"handwriting_audio","handwriting.H.stroke.3","","","","","","","Formation H, stroke 3","Lift. Go across to the right.","script-cc18fceba6f7","","","","recording_needed","Device narration follows the authored animation; each new stroke includes a lift cue."
"handwriting_video_reference","handwriting.h.video","","","","","","","Writing h: optional real-hand model","","","","https://aptyread-cdn.b-cdn.net/english/level1/videos/letter-writing-video-clips/draw-small-h.mp4","","connected","HEAD verified 2026-09-30: video/mp4, 115522 bytes. Watching does not record a writing try."
"handwriting_audio","handwriting.h.trace.directions","","","","","","","Formation h, trace instructions","Watch the dot.","script-a8b4e90877f0","","","","recording_needed",""
"handwriting_audio","handwriting.h.video.directions","","","","","","","Formation h, video instructions","Watch the hand.","script-fb1558bfafdb","","","","recording_needed",""
"handwriting_audio","handwriting.h.paper.directions","","","","","","","Formation h, paper instructions","Try writing on paper.","script-bc57b16b4eb4","","","","recording_needed",""
"handwriting_audio","handwriting.h.stroke.1","","","","","","","Formation h, stroke 1","Go down.","script-d1406a0d578a","","","","recording_needed","Device narration follows the authored animation; each new stroke includes a lift cue."
"handwriting_audio","handwriting.h.stroke.2","","","","","","","Formation h, stroke 2","Lift. Curve up, over, and down.","script-669cf218c2ce","","","","recording_needed","Device narration follows the authored animation; each new stroke includes a lift cue."
"handwriting_video_reference","handwriting.R.video","","","","","","","Writing R: optional real-hand model","","","","https://aptyread-cdn.b-cdn.net/english/level1/videos/letter-writing-video-clips/draw-big-r.mp4","","connected","HEAD verified 2026-09-30: video/mp4, 169695 bytes. Watching does not record a writing try."
"handwriting_audio","handwriting.R.trace.directions","","","","","","","Formation R, trace instructions","Watch the dot.","script-a8b4e90877f0","","","","recording_needed",""
"handwriting_audio","handwriting.R.video.directions","","","","","","","Formation R, video instructions","Watch the hand.","script-fb1558bfafdb","","","","recording_needed",""
"handwriting_audio","handwriting.R.paper.directions","","","","","","","Formation R, paper instructions","Try writing on paper.","script-bc57b16b4eb4","","","","recording_needed",""
"handwriting_audio","handwriting.R.stroke.1","","","","","","","Formation R, stroke 1","Go down.","script-d1406a0d578a","","","","recording_needed","Device narration follows the authored animation; each new stroke includes a lift cue."
"handwriting_audio","handwriting.R.stroke.2","","","","","","","Formation R, stroke 2","Lift. Go across, round, and back.","script-65366fa1568d","","","","recording_needed","Device narration follows the authored animation; each new stroke includes a lift cue."
"handwriting_audio","handwriting.R.stroke.3","","","","","","","Formation R, stroke 3","Lift. Slant down to the right.","script-16111fb6dfc8","","","","recording_needed","Device narration follows the authored animation; each new stroke includes a lift cue."
"handwriting_video_reference","handwriting.r.video","","","","","","","Writing r: optional real-hand model","","","","https://aptyread-cdn.b-cdn.net/english/level1/videos/letter-writing-video-clips/draw-small-r.mp4","","connected","HEAD verified 2026-09-30: video/mp4, 98734 bytes. Watching does not record a writing try."
"handwriting_audio","handwriting.r.trace.directions","","","","","","","Formation r, trace instructions","Watch the dot.","script-a8b4e90877f0","","","","recording_needed",""
"handwriting_audio","handwriting.r.video.directions","","","","","","","Formation r, video instructions","Watch the hand.","script-fb1558bfafdb","","","","recording_needed",""
"handwriting_audio","handwriting.r.paper.directions","","","","","","","Formation r, paper instructions","Try writing on paper.","script-bc57b16b4eb4","","","","recording_needed",""
"handwriting_audio","handwriting.r.stroke.1","","","","","","","Formation r, stroke 1","Go down.","script-d1406a0d578a","","","","recording_needed","Device narration follows the authored animation; each new stroke includes a lift cue."
"handwriting_audio","handwriting.r.stroke.2","","","","","","","Formation r, stroke 2","Lift. Curve up and over.","script-52ae391db73a","","","","recording_needed","Device narration follows the authored animation; each new stroke includes a lift cue."
"handwriting_video_reference","handwriting.G.video","","","","","","","Writing G: optional real-hand model","","","","https://aptyread-cdn.b-cdn.net/english/level1/videos/letter-writing-video-clips/draw-big-g.mp4","","connected","HEAD verified 2026-09-30: video/mp4, 134668 bytes. Watching does not record a writing try."
"handwriting_audio","handwriting.G.trace.directions","","","","","","","Formation G, trace instructions","Watch the dot.","script-a8b4e90877f0","","","","recording_needed",""
"handwriting_audio","handwriting.G.video.directions","","","","","","","Formation G, video instructions","Watch the hand.","script-fb1558bfafdb","","","","recording_needed",""
"handwriting_audio","handwriting.G.paper.directions","","","","","","","Formation G, paper instructions","Try writing on paper.","script-bc57b16b4eb4","","","","recording_needed",""
"handwriting_audio","handwriting.G.stroke.1","","","","","","","Formation G, stroke 1","Curve round to the left, then up.","script-2bfcd50cfaff","","","","recording_needed","Device narration follows the authored animation; each new stroke includes a lift cue."
"handwriting_audio","handwriting.G.stroke.2","","","","","","","Formation G, stroke 2","Lift. Go across to the right.","script-cc18fceba6f7","","","","recording_needed","Device narration follows the authored animation; each new stroke includes a lift cue."
"handwriting_video_reference","handwriting.g.video","","","","","","","Writing g: optional real-hand model","","","","https://aptyread-cdn.b-cdn.net/english/level1/videos/letter-writing-video-clips/draw-small-g.mp4","","connected","HEAD verified 2026-09-30: video/mp4, 130188 bytes. Watching does not record a writing try."
"handwriting_audio","handwriting.g.trace.directions","","","","","","","Formation g, trace instructions","Watch the dot.","script-a8b4e90877f0","","","","recording_needed",""
"handwriting_audio","handwriting.g.video.directions","","","","","","","Formation g, video instructions","Watch the hand.","script-fb1558bfafdb","","","","recording_needed",""
"handwriting_audio","handwriting.g.paper.directions","","","","","","","Formation g, paper instructions","Try writing on paper.","script-bc57b16b4eb4","","","","recording_needed",""
"handwriting_audio","handwriting.g.stroke.1","","","","","","","Formation g, stroke 1","Go round to the left.","script-c81f5c50bdb0","","","","recording_needed","Device narration follows the authored animation; each new stroke includes a lift cue."
"handwriting_audio","handwriting.g.stroke.2","","","","","","","Formation g, stroke 2","Lift. Go down below the line and curl left.","script-6142f52d07ec","","","","recording_needed","Device narration follows the authored animation; each new stroke includes a lift cue."
"handwriting_video_reference","handwriting.D.video","","","","","","","Writing D: optional real-hand model","","","","https://aptyread-cdn.b-cdn.net/english/level1/videos/letter-writing-video-clips/draw-big-d.mp4","","connected","HEAD verified 2026-09-30: video/mp4, 139845 bytes. Watching does not record a writing try."
"handwriting_audio","handwriting.D.trace.directions","","","","","","","Formation D, trace instructions","Watch the dot.","script-a8b4e90877f0","","","","recording_needed",""
"handwriting_audio","handwriting.D.video.directions","","","","","","","Formation D, video instructions","Watch the hand.","script-fb1558bfafdb","","","","recording_needed",""
"handwriting_audio","handwriting.D.paper.directions","","","","","","","Formation D, paper instructions","Try writing on paper.","script-bc57b16b4eb4","","","","recording_needed",""
"handwriting_audio","handwriting.D.stroke.1","","","","","","","Formation D, stroke 1","Go down.","script-d1406a0d578a","","","","recording_needed","Device narration follows the authored animation; each new stroke includes a lift cue."
"handwriting_audio","handwriting.D.stroke.2","","","","","","","Formation D, stroke 2","Lift. Go across, round, and back.","script-65366fa1568d","","","","recording_needed","Device narration follows the authored animation; each new stroke includes a lift cue."
"handwriting_video_reference","handwriting.d.video","","","","","","","Writing d: optional real-hand model","","","","https://aptyread-cdn.b-cdn.net/english/level1/videos/letter-writing-video-clips/draw-small-d.mp4","","connected","HEAD verified 2026-09-30: video/mp4, 100126 bytes. Watching does not record a writing try."
"handwriting_audio","handwriting.d.trace.directions","","","","","","","Formation d, trace instructions","Watch the dot.","script-a8b4e90877f0","","","","recording_needed",""
"handwriting_audio","handwriting.d.video.directions","","","","","","","Formation d, video instructions","Watch the hand.","script-fb1558bfafdb","","","","recording_needed",""
"handwriting_audio","handwriting.d.paper.directions","","","","","","","Formation d, paper instructions","Try writing on paper.","script-bc57b16b4eb4","","","","recording_needed",""
"handwriting_audio","handwriting.d.stroke.1","","","","","","","Formation d, stroke 1","Go round to the left.","script-c81f5c50bdb0","","","","recording_needed","Device narration follows the authored animation; each new stroke includes a lift cue."
"handwriting_audio","handwriting.d.stroke.2","","","","","","","Formation d, stroke 2","Lift. Go down from the top.","script-f8217358aa52","","","","recording_needed","Device narration follows the authored animation; each new stroke includes a lift cue."
"handwriting_video_reference","handwriting.K.video","","","","","","","Writing K: optional real-hand model","","","","https://aptyread-cdn.b-cdn.net/english/level1/videos/letter-writing-video-clips/draw-big-k.mp4","","connected","HEAD verified 2026-09-30: video/mp4, 139940 bytes. Watching does not record a writing try."
"handwriting_audio","handwriting.K.trace.directions","","","","","","","Formation K, trace instructions","Watch the dot.","script-a8b4e90877f0","","","","recording_needed",""
"handwriting_audio","handwriting.K.video.directions","","","","","","","Formation K, video instructions","Watch the hand.","script-fb1558bfafdb","","","","recording_needed",""
"handwriting_audio","handwriting.K.paper.directions","","","","","","","Formation K, paper instructions","Try writing on paper.","script-bc57b16b4eb4","","","","recording_needed",""
"handwriting_audio","handwriting.K.stroke.1","","","","","","","Formation K, stroke 1","Go down.","script-d1406a0d578a","","","","recording_needed","Device narration follows the authored animation; each new stroke includes a lift cue."
"handwriting_audio","handwriting.K.stroke.2","","","","","","","Formation K, stroke 2","Lift. Slant up to the right.","script-da5d4ae36fda","","","","recording_needed","Device narration follows the authored animation; each new stroke includes a lift cue."
"handwriting_audio","handwriting.K.stroke.3","","","","","","","Formation K, stroke 3","Lift. Slant down to the right.","script-16111fb6dfc8","","","","recording_needed","Device narration follows the authored animation; each new stroke includes a lift cue."
"handwriting_video_reference","handwriting.k.video","","","","","","","Writing k: optional real-hand model","","","","https://aptyread-cdn.b-cdn.net/english/level1/videos/letter-writing-video-clips/draw-small-k.mp4","","connected","HEAD verified 2026-09-30: video/mp4, 123989 bytes. Watching does not record a writing try."
"handwriting_audio","handwriting.k.trace.directions","","","","","","","Formation k, trace instructions","Watch the dot.","script-a8b4e90877f0","","","","recording_needed",""
"handwriting_audio","handwriting.k.video.directions","","","","","","","Formation k, video instructions","Watch the hand.","script-fb1558bfafdb","","","","recording_needed",""
"handwriting_audio","handwriting.k.paper.directions","","","","","","","Formation k, paper instructions","Try writing on paper.","script-bc57b16b4eb4","","","","recording_needed",""
"handwriting_audio","handwriting.k.stroke.1","","","","","","","Formation k, stroke 1","Go down.","script-d1406a0d578a","","","","recording_needed","Device narration follows the authored animation; each new stroke includes a lift cue."
"handwriting_audio","handwriting.k.stroke.2","","","","","","","Formation k, stroke 2","Lift. Slant down to the left.","script-b119add6d586","","","","recording_needed","Device narration follows the authored animation; each new stroke includes a lift cue."
"handwriting_audio","handwriting.k.stroke.3","","","","","","","Formation k, stroke 3","Lift. Slant down to the right.","script-16111fb6dfc8","","","","recording_needed","Device narration follows the authored animation; each new stroke includes a lift cue."
"handwriting_video_reference","handwriting.O.video","","","","","","","Writing O: optional real-hand model","","","","https://aptyread-cdn.b-cdn.net/english/level1/videos/letter-writing-video-clips/draw-big-o.mp4","","connected","HEAD verified 2026-09-30: video/mp4, 101150 bytes. Watching does not record a writing try."
"handwriting_audio","handwriting.O.trace.directions","","","","","","","Formation O, trace instructions","Watch the dot.","script-a8b4e90877f0","","","","recording_needed",""
"handwriting_audio","handwriting.O.video.directions","","","","","","","Formation O, video instructions","Watch the hand.","script-fb1558bfafdb","","","","recording_needed",""
"handwriting_audio","handwriting.O.paper.directions","","","","","","","Formation O, paper instructions","Try writing on paper.","script-bc57b16b4eb4","","","","recording_needed",""
"handwriting_audio","handwriting.O.stroke.1","","","","","","","Formation O, stroke 1","Go round to the left and back to the start.","script-9b9f8ebf1eab","","","","recording_needed","Device narration follows the authored animation; each new stroke includes a lift cue."
"handwriting_video_reference","handwriting.o.video","","","","","","","Writing o: optional real-hand model","","","","https://aptyread-cdn.b-cdn.net/english/level1/videos/letter-writing-video-clips/draw-small-o.mp4","","connected","HEAD verified 2026-09-30: video/mp4, 84862 bytes. Watching does not record a writing try."
"handwriting_audio","handwriting.o.trace.directions","","","","","","","Formation o, trace instructions","Watch the dot.","script-a8b4e90877f0","","","","recording_needed",""
"handwriting_audio","handwriting.o.video.directions","","","","","","","Formation o, video instructions","Watch the hand.","script-fb1558bfafdb","","","","recording_needed",""
"handwriting_audio","handwriting.o.paper.directions","","","","","","","Formation o, paper instructions","Try writing on paper.","script-bc57b16b4eb4","","","","recording_needed",""
"handwriting_audio","handwriting.o.stroke.1","","","","","","","Formation o, stroke 1","Go round to the left and back to the start.","script-9b9f8ebf1eab","","","","recording_needed","Device narration follows the authored animation; each new stroke includes a lift cue."
"handwriting_video_reference","handwriting.L.video","","","","","","","Writing L: optional real-hand model","","","","https://aptyread-cdn.b-cdn.net/english/level1/videos/letter-writing-video-clips/draw-big-l.mp4","","connected","HEAD verified 2026-09-30: video/mp4, 86996 bytes. Watching does not record a writing try."
"handwriting_audio","handwriting.L.trace.directions","","","","","","","Formation L, trace instructions","Watch the dot.","script-a8b4e90877f0","","","","recording_needed",""
"handwriting_audio","handwriting.L.video.directions","","","","","","","Formation L, video instructions","Watch the hand.","script-fb1558bfafdb","","","","recording_needed",""
"handwriting_audio","handwriting.L.paper.directions","","","","","","","Formation L, paper instructions","Try writing on paper.","script-bc57b16b4eb4","","","","recording_needed",""
"handwriting_audio","handwriting.L.stroke.1","","","","","","","Formation L, stroke 1","Go down.","script-d1406a0d578a","","","","recording_needed","Device narration follows the authored animation; each new stroke includes a lift cue."
"handwriting_audio","handwriting.L.stroke.2","","","","","","","Formation L, stroke 2","Lift. Go across to the right.","script-cc18fceba6f7","","","","recording_needed","Device narration follows the authored animation; each new stroke includes a lift cue."
"handwriting_video_reference","handwriting.l.video","","","","","","","Writing l: optional real-hand model","","","","https://aptyread-cdn.b-cdn.net/english/level1/videos/letter-writing-video-clips/draw-small-l.mp4","","connected","HEAD verified 2026-09-30: video/mp4, 62608 bytes. Watching does not record a writing try."
"handwriting_audio","handwriting.l.trace.directions","","","","","","","Formation l, trace instructions","Watch the dot.","script-a8b4e90877f0","","","","recording_needed",""
"handwriting_audio","handwriting.l.video.directions","","","","","","","Formation l, video instructions","Watch the hand.","script-fb1558bfafdb","","","","recording_needed",""
"handwriting_audio","handwriting.l.paper.directions","","","","","","","Formation l, paper instructions","Try writing on paper.","script-bc57b16b4eb4","","","","recording_needed",""
"handwriting_audio","handwriting.l.stroke.1","","","","","","","Formation l, stroke 1","Go down.","script-d1406a0d578a","","","","recording_needed","Device narration follows the authored animation; each new stroke includes a lift cue."
"handwriting_video_reference","handwriting.F.video","","","","","","","Writing F: optional real-hand model","","","","https://aptyread-cdn.b-cdn.net/english/level1/videos/letter-writing-video-clips/draw-big-f.mp4","","connected","HEAD verified 2026-09-30: video/mp4, 120197 bytes. Watching does not record a writing try."
"handwriting_audio","handwriting.F.trace.directions","","","","","","","Formation F, trace instructions","Watch the dot.","script-a8b4e90877f0","","","","recording_needed",""
"handwriting_audio","handwriting.F.video.directions","","","","","","","Formation F, video instructions","Watch the hand.","script-fb1558bfafdb","","","","recording_needed",""
"handwriting_audio","handwriting.F.paper.directions","","","","","","","Formation F, paper instructions","Try writing on paper.","script-bc57b16b4eb4","","","","recording_needed",""
"handwriting_audio","handwriting.F.stroke.1","","","","","","","Formation F, stroke 1","Go down.","script-d1406a0d578a","","","","recording_needed","Device narration follows the authored animation; each new stroke includes a lift cue."
"handwriting_audio","handwriting.F.stroke.2","","","","","","","Formation F, stroke 2","Lift. Go across to the right.","script-cc18fceba6f7","","","","recording_needed","Device narration follows the authored animation; each new stroke includes a lift cue."
"handwriting_audio","handwriting.F.stroke.3","","","","","","","Formation F, stroke 3","Lift. Go across to the right.","script-cc18fceba6f7","","","","recording_needed","Device narration follows the authored animation; each new stroke includes a lift cue."
"handwriting_video_reference","handwriting.f.video","","","","","","","Writing f: optional real-hand model","","","","https://aptyread-cdn.b-cdn.net/english/level1/videos/letter-writing-video-clips/draw-small-f.mp4","","connected","HEAD verified 2026-09-30: video/mp4, 108608 bytes. Watching does not record a writing try."
"handwriting_audio","handwriting.f.trace.directions","","","","","","","Formation f, trace instructions","Watch the dot.","script-a8b4e90877f0","","","","recording_needed",""
"handwriting_audio","handwriting.f.video.directions","","","","","","","Formation f, video instructions","Watch the hand.","script-fb1558bfafdb","","","","recording_needed",""
"handwriting_audio","handwriting.f.paper.directions","","","","","","","Formation f, paper instructions","Try writing on paper.","script-bc57b16b4eb4","","","","recording_needed",""
"handwriting_audio","handwriting.f.stroke.1","","","","","","","Formation f, stroke 1","Curve left and go down.","script-5d83f8b6bd9c","","","","recording_needed","Device narration follows the authored animation; each new stroke includes a lift cue."
"handwriting_audio","handwriting.f.stroke.2","","","","","","","Formation f, stroke 2","Lift. Go across to the right.","script-cc18fceba6f7","","","","recording_needed","Device narration follows the authored animation; each new stroke includes a lift cue."
"handwriting_video_reference","handwriting.B.video","","","","","","","Writing B: optional real-hand model","","","","https://aptyread-cdn.b-cdn.net/english/level1/videos/letter-writing-video-clips/draw-big-b.mp4","","connected","HEAD verified 2026-09-30: video/mp4, 199491 bytes. Watching does not record a writing try."
"handwriting_audio","handwriting.B.trace.directions","","","","","","","Formation B, trace instructions","Watch the dot.","script-a8b4e90877f0","","","","recording_needed",""
"handwriting_audio","handwriting.B.video.directions","","","","","","","Formation B, video instructions","Watch the hand.","script-fb1558bfafdb","","","","recording_needed",""
"handwriting_audio","handwriting.B.paper.directions","","","","","","","Formation B, paper instructions","Try writing on paper.","script-bc57b16b4eb4","","","","recording_needed",""
"handwriting_audio","handwriting.B.stroke.1","","","","","","","Formation B, stroke 1","Go down.","script-d1406a0d578a","","","","recording_needed","Device narration follows the authored animation; each new stroke includes a lift cue."
"handwriting_audio","handwriting.B.stroke.2","","","","","","","Formation B, stroke 2","Lift. Go across, round, and back.","script-65366fa1568d","","","","recording_needed","Device narration follows the authored animation; each new stroke includes a lift cue."
"handwriting_audio","handwriting.B.stroke.3","","","","","","","Formation B, stroke 3","Lift. Go across, round, and back.","script-65366fa1568d","","","","recording_needed","Device narration follows the authored animation; each new stroke includes a lift cue."
"handwriting_video_reference","handwriting.b.video","","","","","","","Writing b: optional real-hand model","","","","https://aptyread-cdn.b-cdn.net/english/level1/videos/letter-writing-video-clips/draw-small-b.mp4","","connected","HEAD verified 2026-09-30: video/mp4, 108775 bytes. Watching does not record a writing try."
"handwriting_audio","handwriting.b.trace.directions","","","","","","","Formation b, trace instructions","Watch the dot.","script-a8b4e90877f0","","","","recording_needed",""
"handwriting_audio","handwriting.b.video.directions","","","","","","","Formation b, video instructions","Watch the hand.","script-fb1558bfafdb","","","","recording_needed",""
"handwriting_audio","handwriting.b.paper.directions","","","","","","","Formation b, paper instructions","Try writing on paper.","script-bc57b16b4eb4","","","","recording_needed",""
"handwriting_audio","handwriting.b.stroke.1","","","","","","","Formation b, stroke 1","Go down.","script-d1406a0d578a","","","","recording_needed","Device narration follows the authored animation; each new stroke includes a lift cue."
"handwriting_audio","handwriting.b.stroke.2","","","","","","","Formation b, stroke 2","Lift. Curve up and round to the right.","script-db34e7fbf818","","","","recording_needed","Device narration follows the authored animation; each new stroke includes a lift cue."
"handwriting_video_reference","handwriting.U.video","","","","","","","Writing U: optional real-hand model","","","","https://aptyread-cdn.b-cdn.net/english/level1/videos/letter-writing-video-clips/draw-big-u.mp4","","connected","HEAD verified 2026-09-30: video/mp4, 94343 bytes. Watching does not record a writing try."
"handwriting_audio","handwriting.U.trace.directions","","","","","","","Formation U, trace instructions","Watch the dot.","script-a8b4e90877f0","","","","recording_needed",""
"handwriting_audio","handwriting.U.video.directions","","","","","","","Formation U, video instructions","Watch the hand.","script-fb1558bfafdb","","","","recording_needed",""
"handwriting_audio","handwriting.U.paper.directions","","","","","","","Formation U, paper instructions","Try writing on paper.","script-bc57b16b4eb4","","","","recording_needed",""
"handwriting_audio","handwriting.U.stroke.1","","","","","","","Formation U, stroke 1","Go down, curve round, and go up.","script-e89f7b7a7cda","","","","recording_needed","Device narration follows the authored animation; each new stroke includes a lift cue."
"handwriting_video_reference","handwriting.u.video","","","","","","","Writing u: optional real-hand model","","","","https://aptyread-cdn.b-cdn.net/english/level1/videos/letter-writing-video-clips/draw-small-u.mp4","","connected","HEAD verified 2026-09-30: video/mp4, 114966 bytes. Watching does not record a writing try."
"handwriting_audio","handwriting.u.trace.directions","","","","","","","Formation u, trace instructions","Watch the dot.","script-a8b4e90877f0","","","","recording_needed",""
"handwriting_audio","handwriting.u.video.directions","","","","","","","Formation u, video instructions","Watch the hand.","script-fb1558bfafdb","","","","recording_needed",""
"handwriting_audio","handwriting.u.paper.directions","","","","","","","Formation u, paper instructions","Try writing on paper.","script-bc57b16b4eb4","","","","recording_needed",""
"handwriting_audio","handwriting.u.stroke.1","","","","","","","Formation u, stroke 1","Go down, curve round, and go up.","script-e89f7b7a7cda","","","","recording_needed","Device narration follows the authored animation; each new stroke includes a lift cue."
"handwriting_audio","handwriting.u.stroke.2","","","","","","","Formation u, stroke 2","Lift. Go down.","script-0a6d30d3e727","","","","recording_needed","Device narration follows the authored animation; each new stroke includes a lift cue."
"handwriting_video_reference","handwriting.J.video","","","","","","","Writing J: optional real-hand model","","","","https://aptyread-cdn.b-cdn.net/english/level1/videos/letter-writing-video-clips/draw-big-j.mp4","","connected","HEAD verified 2026-09-30: video/mp4, 114867 bytes. Watching does not record a writing try."
"handwriting_audio","handwriting.J.trace.directions","","","","","","","Formation J, trace instructions","Watch the dot.","script-a8b4e90877f0","","","","recording_needed",""
"handwriting_audio","handwriting.J.video.directions","","","","","","","Formation J, video instructions","Watch the hand.","script-fb1558bfafdb","","","","recording_needed",""
"handwriting_audio","handwriting.J.paper.directions","","","","","","","Formation J, paper instructions","Try writing on paper.","script-bc57b16b4eb4","","","","recording_needed",""
"handwriting_audio","handwriting.J.stroke.1","","","","","","","Formation J, stroke 1","Go across to the right.","script-5962218e7aa4","","","","recording_needed","Device narration follows the authored animation; each new stroke includes a lift cue."
"handwriting_audio","handwriting.J.stroke.2","","","","","","","Formation J, stroke 2","Lift. Go down and curl left.","script-755233a9296b","","","","recording_needed","Device narration follows the authored animation; each new stroke includes a lift cue."
"handwriting_video_reference","handwriting.j.video","","","","","","","Writing j: optional real-hand model","","","","https://aptyread-cdn.b-cdn.net/english/level1/videos/letter-writing-video-clips/draw-small-j.mp4","","connected","HEAD verified 2026-09-30: video/mp4, 104246 bytes. Watching does not record a writing try."
"handwriting_audio","handwriting.j.trace.directions","","","","","","","Formation j, trace instructions","Watch the dot.","script-a8b4e90877f0","","","","recording_needed",""
"handwriting_audio","handwriting.j.video.directions","","","","","","","Formation j, video instructions","Watch the hand.","script-fb1558bfafdb","","","","recording_needed",""
"handwriting_audio","handwriting.j.paper.directions","","","","","","","Formation j, paper instructions","Try writing on paper.","script-bc57b16b4eb4","","","","recording_needed",""
"handwriting_audio","handwriting.j.stroke.1","","","","","","","Formation j, stroke 1","Go down below the line and curl left.","script-fc8c8ef13859","","","","recording_needed","Device narration follows the authored animation; each new stroke includes a lift cue."
"handwriting_audio","handwriting.j.stroke.2","","","","","","","Formation j, stroke 2","Lift. Make a dot.","script-a90dfbc0bce0","","","","recording_needed","Device narration follows the authored animation; each new stroke includes a lift cue."
"handwriting_video_reference","handwriting.W.video","","","","","","","Writing W: optional real-hand model","","","","https://aptyread-cdn.b-cdn.net/english/level1/videos/letter-writing-video-clips/draw-big-w.mp4","","connected","HEAD verified 2026-09-30: video/mp4, 194676 bytes. Watching does not record a writing try."
"handwriting_audio","handwriting.W.trace.directions","","","","","","","Formation W, trace instructions","Watch the dot.","script-a8b4e90877f0","","","","recording_needed",""
"handwriting_audio","handwriting.W.video.directions","","","","","","","Formation W, video instructions","Watch the hand.","script-fb1558bfafdb","","","","recording_needed",""
"handwriting_audio","handwriting.W.paper.directions","","","","","","","Formation W, paper instructions","Try writing on paper.","script-bc57b16b4eb4","","","","recording_needed",""
"handwriting_audio","handwriting.W.stroke.1","","","","","","","Formation W, stroke 1","Slant down, up, down, and up.","script-2e74427e478f","","","","recording_needed","Device narration follows the authored animation; each new stroke includes a lift cue."
"handwriting_video_reference","handwriting.w.video","","","","","","","Writing w: optional real-hand model","","","","https://aptyread-cdn.b-cdn.net/english/level1/videos/letter-writing-video-clips/draw-small-w.mp4","","connected","HEAD verified 2026-09-30: video/mp4, 159030 bytes. Watching does not record a writing try."
"handwriting_audio","handwriting.w.trace.directions","","","","","","","Formation w, trace instructions","Watch the dot.","script-a8b4e90877f0","","","","recording_needed",""
"handwriting_audio","handwriting.w.video.directions","","","","","","","Formation w, video instructions","Watch the hand.","script-fb1558bfafdb","","","","recording_needed",""
"handwriting_audio","handwriting.w.paper.directions","","","","","","","Formation w, paper instructions","Try writing on paper.","script-bc57b16b4eb4","","","","recording_needed",""
"handwriting_audio","handwriting.w.stroke.1","","","","","","","Formation w, stroke 1","Slant down, up, down, and up.","script-2e74427e478f","","","","recording_needed","Device narration follows the authored animation; each new stroke includes a lift cue."
"handwriting_video_reference","handwriting.V.video","","","","","","","Writing V: optional real-hand model","","","","https://aptyread-cdn.b-cdn.net/english/level1/videos/letter-writing-video-clips/draw-big-v.mp4","","connected","HEAD verified 2026-09-30: video/mp4, 99874 bytes. Watching does not record a writing try."
"handwriting_audio","handwriting.V.trace.directions","","","","","","","Formation V, trace instructions","Watch the dot.","script-a8b4e90877f0","","","","recording_needed",""
"handwriting_audio","handwriting.V.video.directions","","","","","","","Formation V, video instructions","Watch the hand.","script-fb1558bfafdb","","","","recording_needed",""
"handwriting_audio","handwriting.V.paper.directions","","","","","","","Formation V, paper instructions","Try writing on paper.","script-bc57b16b4eb4","","","","recording_needed",""
"handwriting_audio","handwriting.V.stroke.1","","","","","","","Formation V, stroke 1","Slant down and up.","script-412fa5dd635b","","","","recording_needed","Device narration follows the authored animation; each new stroke includes a lift cue."
"handwriting_video_reference","handwriting.v.video","","","","","","","Writing v: optional real-hand model","","","","https://aptyread-cdn.b-cdn.net/english/level1/videos/letter-writing-video-clips/draw-small-v.mp4","","connected","HEAD verified 2026-09-30: video/mp4, 94277 bytes. Watching does not record a writing try."
"handwriting_audio","handwriting.v.trace.directions","","","","","","","Formation v, trace instructions","Watch the dot.","script-a8b4e90877f0","","","","recording_needed",""
"handwriting_audio","handwriting.v.video.directions","","","","","","","Formation v, video instructions","Watch the hand.","script-fb1558bfafdb","","","","recording_needed",""
"handwriting_audio","handwriting.v.paper.directions","","","","","","","Formation v, paper instructions","Try writing on paper.","script-bc57b16b4eb4","","","","recording_needed",""
"handwriting_audio","handwriting.v.stroke.1","","","","","","","Formation v, stroke 1","Slant down and up.","script-412fa5dd635b","","","","recording_needed","Device narration follows the authored animation; each new stroke includes a lift cue."
"handwriting_video_reference","handwriting.Y.video","","","","","","","Writing Y: optional real-hand model","","","","https://aptyread-cdn.b-cdn.net/english/level1/videos/letter-writing-video-clips/draw-big-y.mp4","","connected","HEAD verified 2026-09-30: video/mp4, 127343 bytes. Watching does not record a writing try."
"handwriting_audio","handwriting.Y.trace.directions","","","","","","","Formation Y, trace instructions","Watch the dot.","script-a8b4e90877f0","","","","recording_needed",""
"handwriting_audio","handwriting.Y.video.directions","","","","","","","Formation Y, video instructions","Watch the hand.","script-fb1558bfafdb","","","","recording_needed",""
"handwriting_audio","handwriting.Y.paper.directions","","","","","","","Formation Y, paper instructions","Try writing on paper.","script-bc57b16b4eb4","","","","recording_needed",""
"handwriting_audio","handwriting.Y.stroke.1","","","","","","","Formation Y, stroke 1","Slant down to the right.","script-a6919a6d8296","","","","recording_needed","Device narration follows the authored animation; each new stroke includes a lift cue."
"handwriting_audio","handwriting.Y.stroke.2","","","","","","","Formation Y, stroke 2","Lift. Slant down to the left.","script-b119add6d586","","","","recording_needed","Device narration follows the authored animation; each new stroke includes a lift cue."
"handwriting_audio","handwriting.Y.stroke.3","","","","","","","Formation Y, stroke 3","Lift. Go down.","script-0a6d30d3e727","","","","recording_needed","Device narration follows the authored animation; each new stroke includes a lift cue."
"handwriting_video_reference","handwriting.y.video","","","","","","","Writing y: optional real-hand model","","","","https://aptyread-cdn.b-cdn.net/english/level1/videos/letter-writing-video-clips/draw-small-y.mp4","","connected","HEAD verified 2026-09-30: video/mp4, 114669 bytes. Watching does not record a writing try."
"handwriting_audio","handwriting.y.trace.directions","","","","","","","Formation y, trace instructions","Watch the dot.","script-a8b4e90877f0","","","","recording_needed",""
"handwriting_audio","handwriting.y.video.directions","","","","","","","Formation y, video instructions","Watch the hand.","script-fb1558bfafdb","","","","recording_needed",""
"handwriting_audio","handwriting.y.paper.directions","","","","","","","Formation y, paper instructions","Try writing on paper.","script-bc57b16b4eb4","","","","recording_needed",""
"handwriting_audio","handwriting.y.stroke.1","","","","","","","Formation y, stroke 1","Slant down to the right.","script-a6919a6d8296","","","","recording_needed","Device narration follows the authored animation; each new stroke includes a lift cue."
"handwriting_audio","handwriting.y.stroke.2","","","","","","","Formation y, stroke 2","Lift. Slant down to the left, below the line.","script-eee61f08a9d3","","","","recording_needed","Device narration follows the authored animation; each new stroke includes a lift cue."
"handwriting_video_reference","handwriting.Z.video","","","","","","","Writing Z: optional real-hand model","","","","https://aptyread-cdn.b-cdn.net/english/level1/videos/letter-writing-video-clips/draw-big-z.mp4","","connected","HEAD verified 2026-09-30: video/mp4, 154056 bytes. Watching does not record a writing try."
"handwriting_audio","handwriting.Z.trace.directions","","","","","","","Formation Z, trace instructions","Watch the dot.","script-a8b4e90877f0","","","","recording_needed",""
"handwriting_audio","handwriting.Z.video.directions","","","","","","","Formation Z, video instructions","Watch the hand.","script-fb1558bfafdb","","","","recording_needed",""
"handwriting_audio","handwriting.Z.paper.directions","","","","","","","Formation Z, paper instructions","Try writing on paper.","script-bc57b16b4eb4","","","","recording_needed",""
"handwriting_audio","handwriting.Z.stroke.1","","","","","","","Formation Z, stroke 1","Go across to the right.","script-5962218e7aa4","","","","recording_needed","Device narration follows the authored animation; each new stroke includes a lift cue."
"handwriting_audio","handwriting.Z.stroke.2","","","","","","","Formation Z, stroke 2","Lift. Slant down to the left.","script-b119add6d586","","","","recording_needed","Device narration follows the authored animation; each new stroke includes a lift cue."
"handwriting_audio","handwriting.Z.stroke.3","","","","","","","Formation Z, stroke 3","Lift. Go across to the right.","script-cc18fceba6f7","","","","recording_needed","Device narration follows the authored animation; each new stroke includes a lift cue."
"handwriting_video_reference","handwriting.z.video","","","","","","","Writing z: optional real-hand model","","","","https://aptyread-cdn.b-cdn.net/english/level1/videos/letter-writing-video-clips/draw-small-z.mp4","","connected","HEAD verified 2026-09-30: video/mp4, 116751 bytes. Watching does not record a writing try."
"handwriting_audio","handwriting.z.trace.directions","","","","","","","Formation z, trace instructions","Watch the dot.","script-a8b4e90877f0","","","","recording_needed",""
"handwriting_audio","handwriting.z.video.directions","","","","","","","Formation z, video instructions","Watch the hand.","script-fb1558bfafdb","","","","recording_needed",""
"handwriting_audio","handwriting.z.paper.directions","","","","","","","Formation z, paper instructions","Try writing on paper.","script-bc57b16b4eb4","","","","recording_needed",""
"handwriting_audio","handwriting.z.stroke.1","","","","","","","Formation z, stroke 1","Go across, slant down, and go across.","script-cc16e4032d58","","","","recording_needed","Device narration follows the authored animation; each new stroke includes a lift cue."
